% Model:              biosensor_design square wave copy 4 uodated.mph
% Version:            COMSOL 6.0.0.354
% Date:               Mar 7 2022, 19:19
% Dimension:          3
% Nodes:              9105
% Expressions:        0
% Description:        
% Length unit:        m
% x                       y                        z
-0.003000000000000001     -0.003000000000000001    6.666666666666669E-4
-0.003                    -0.0028738843642870816   6.232764262507494E-4
-0.002870738841386301     -0.003                   6.052074213047182E-4
-0.003                    -0.0030000000000000005   5.000000000000002E-4
-0.0030000000000000005    -0.0030000000000000005   8.333333333333335E-4
-0.0030000000000000005    -0.002863676892883872    7.449718460828064E-4
-0.0028742185829481945    -0.003                   8.332012509108061E-4
-0.003                    -0.002877768508235352    8.77877963936581E-4
-0.003                    -0.003                   0.0010000000000000002
-0.0028481429086863064    -0.002800530044519553    8.139389819682906E-4
-0.0028280376279785336    -0.002900265022259776    9.069694909841454E-4
-0.0029240714543431533    -0.0028044316889264437   9.069694909841451E-4
-0.003                    -0.0028083333333333346   0.001
-0.0028788389799132104    -0.002863354440356584    0.0010000000000000002
-0.002807932347270762     -0.003                   0.0010000000000000002
-0.003                    -0.0027003956035762536   8.377680919196116E-4
-0.0030000000000000005    -0.002616666666666668    0.0010000000000000002
-0.00288610718151473      -0.0027032065720213523   8.487293146664281E-4
-0.0028243083636859618    -0.003                   7.182808156262432E-4
-0.0028868227778597265    -0.002838338860801173    7.009706685334758E-4
-0.003                    -0.0027424673566069264   6.501075933008351E-4
-0.003                    -0.0028083333333333354   5.000000000000002E-4
-0.002876366797008657     -0.0028640462329976987   5.000000000000002E-4
-0.0027884176759953444    -0.0029065004143592377   5.784847454920728E-4
-0.0028031897962712353    -0.003000000000000001    5.000000000000002E-4
-0.002860754414093101     -0.002701780026705664    7.338777935524335E-4
-0.0028481429086863064    -0.002601981455116261    7.904891383487108E-4
-0.003                    -0.002480671329428769    8.309782766974216E-4
-0.002718896691553268     -0.0029999999999999996   6.36871530679432E-4
-0.002773645555719453     -0.002813000828718475    6.569694909841454E-4
-0.002705969138759806     -0.003                   8.138980097353443E-4
-0.0026804416983169685    -0.002861623073271641    8.70193730118332E-4
-0.0026158646945415244    -0.0030000000000000005   0.0010000000000000005
-0.0028633544605813806    -0.0027100841327696032   0.0010000000000000002
-0.002703220117972505     -0.0028229356900230365   0.0010000000000000005
-0.002738689751786713     -0.002753314279402673    8.444694909841454E-4
-0.003                    -0.0024250000000000014   0.001
-0.002837395286394117     -0.0025246049962577865   0.0010000000000000002
-0.003                    -0.002548645243226045    6.666484647810801E-4
-0.0028733659194998965    -0.0026030300088917763   6.538166051365763E-4
-0.003                    -0.002616666666666668    5.000000000000002E-4
-0.0027736948486613497    -0.0026108271584263983   8.952445691743552E-4
-0.0028599025779431977    -0.0027107161359985355   5.000000000000002E-4
-0.0025952545236584174    -0.002861645790401876    7.86902714744591E-4
-0.0026991482027525987    -0.002825471612917398    5.000000000000002E-4
-0.002646905339746064     -0.002888685565373617    6.401614440258638E-4
-0.002606379592542471     -0.003000000000000001    5.000000000000002E-4
-0.0027467318389997938    -0.0026574147745575074   6.409847454920726E-4
-0.002799213818236928     -0.002490995712162436    7.702445691743553E-4
-0.0028293208266708175    -0.0023291666666666695   0.0010000000000000002
-0.003                    -0.0022333333333333354   0.001
-0.002851443659309631     -0.002301480183848999    8.53785110800797E-4
-0.003                    -0.002296599916941554    8.357192816419945E-4
-0.0030000000000000005    -0.00236070741745835     6.65140443203188E-4
-0.002859909061140068     -0.0024312680689274452   6.450702216015939E-4
-0.0030000000000000005    -0.002425000000000002    5.000000000000002E-4
-0.0028556763602248496    -0.002366374126388222    7.494276662011955E-4
-0.0028735664919484435    -0.0022737937010313277   7.07570221601594E-4
-0.0029999999999999996    -0.002169320999884907    6.660864239312206E-4
-0.002793840007090833     -0.0024523074827331984   8.75E-4
-0.003                    -0.002105190955073543    8.327007368090195E-4
-0.0028510496913232986    -0.0021575823002434463   8.539033583918012E-4
-0.002548561552786397     -0.003                   6.662746319053689E-4
-0.002477784131752286     -0.002905407102116009    7.336283934307388E-4
-0.0024942232299442206    -0.0029999999999999996   8.238054294891821E-4
-0.002538518224589233     -0.0028166089351946456   8.421093190567043E-4
-0.003                    -0.0020416666666666673   0.001
-0.0028506557233369655    -0.002013684416637894    8.540216059828052E-4
-0.003                    -0.001913468975425603    8.32835939304314E-4
-0.0028293208266708166    -0.002137500000000002    0.0010000000000000002
-0.0028826580683361867    -0.0019554008397137494   7.393576340911004E-4
-0.0030000000000000005    -0.0019762050680047437   6.662966013613457E-4
-0.002893325516669261     -0.0018292661794850455   7.706720562165904E-4
-0.003                    -0.002041666666666668    5.000000000000001E-4
-0.0028506557233369655    -0.002013684416637894    6.040216059828052E-4
-0.002893325516669261     -0.001925081700669039    6.456483006806728E-4
-0.0029999999999999996    -0.0017845740256367565   6.66344112433181E-4
-0.003                    -0.001721853497968761    8.328582078526897E-4
-0.003000000000000001     -0.0018500000000000014   5.000000000000003E-4
-0.002423797041812286     -0.003000000000000001    0.0010000000000000005
-0.0024937347288206393    -0.0028393602149089235   0.0010000000000000002
-0.0026292365948871205    -0.0027060985142857937   8.750000000000002E-4
-0.002699246788636393     -0.0026196728617365363   0.001
-0.0025621873724016283    -0.0026889054477678355   0.0010000000000000002
-0.0026283571032470797    -0.00254568824654618     8.75E-4
-0.0024705920884869653    -0.0027320330009916803   8.888928119197917E-4
-0.0026712486289042813    -0.0024308532717505545   0.001
-0.002836829734285639     -0.002524786506117228    5.000000000000002E-4
-0.0026893515167727214    -0.00262364747158447     5.000000000000001E-4
-0.00257491398793886      -0.0027773711307472345   6.434513573722956E-4
-0.0027198181222801354    -0.0025018287203965404   6.25E-4
-0.002554573452219302     -0.002693096471092593    5.000000000000002E-4
-0.0024613450335603526    -0.002810814204232018    6.434513573722956E-4
-0.0024932533981846033    -0.0028399297617125183   5.000000000000001E-4
-0.0024095693888137064    -0.003                   5.000000000000002E-4
-0.002589714951176889     -0.0025650378013471775   6.25E-4
-0.0023334993390328163    -0.0028466777396746238   8.695510582173098E-4
-0.0023266456358218054    -0.0029999999999999996   8.743612276748079E-4
-0.002231729389083047     -0.003                   0.0010000000000000002
-0.0023126385067309815    -0.0028384253163319605   0.001
-0.0027143418216538924    -0.002270138758671289    8.643925554003984E-4
-0.002660376417556092     -0.002236886010322286    0.001
-0.0029999999999999996    -0.0022333333333333346   5.000000000000002E-4
-0.002851443659309631     -0.0022056468505156647   6.03785110800797E-4
-0.0028719906200031127    -0.002081535499942453    7.080432119656103E-4
-0.0028293208266708166    -0.002329166666666668    5.000000000000002E-4
-0.0027435520101358503    -0.002378561399135784    6.143925554003985E-4
-0.002608921917706929     -0.002354294820839055    8.75E-4
-0.0027028873186192605    -0.0021142733256354863   8.75E-4
-0.0028293208266708184    -0.0021375000000000014   5.000000000000002E-4
-0.0027672858979915643    -0.0022552940778750273   6.037851108007969E-4
-0.002321674007351198     -0.003                   6.97224850575999E-4
-0.0023714087953258427    -0.00287218773590432     6.753015287753215E-4
-0.0021788178724315614    -0.003                   8.307376388918582E-4
-0.0021271172933322252    -0.0028965093252918675   8.379357532254637E-4
-0.0028719906200031127    -0.0015058333937259397   7.081764513495222E-4
-0.003                    -0.001592916787451879    6.663529026990447E-4
-0.0030000000000000005    -0.0015302275754273864   8.328058478657893E-4
-0.003                    -0.001401258154193682    6.663538225267386E-4
-0.00286132317167004      -0.0017917164230758572   8.853360281082951E-4
-0.0029999999999999996    -0.001658333333333334    0.0010000000000000002
-0.0030000000000000005    -0.0018500000000000014   0.0010000000000000005
-0.0028293208266708175    -0.001945833333333334    0.0010000000000000002
-0.0028506557233369642    -0.0016541559156510476   8.539291039263448E-4
-0.0028293208266708184    -0.0017541666666666688   0.001
-0.0027866510333385223    -0.0018739583333333345   8.75E-4
-0.002658641653341634     -0.002041666666666667    0.0010000000000000002
-0.0026432786702999694    -0.0019974425981622466   8.75E-4
-0.0030000000000000005    -0.0014666666666666676   5.000000000000002E-4
-0.0028399882750038915    -0.0017318205897425233   6.978360281082953E-4
-0.0030000000000000005    -0.0016583333333333346   5.000000000000002E-4
-0.0028293208266708175    -0.0019458333333333341   5.000000000000002E-4
-0.002744769175978892     -0.0019941158294844103   6.25E-4
-0.002786651033338522     -0.0016343750000000013   6.25E-4
-0.0028293208266708166    -0.0017541666666666682   5.000000000000002E-4
-0.002786651033338522     -0.0018739583333333342   6.250000000000001E-4
-0.0028293208266708175    -0.0015625000000000014   5.000000000000001E-4
-0.0027653161366723734    -0.001486250030196304    6.040882256747612E-4
-0.0024634187401648055    -0.0026261513706354357   8.75E-4
-0.002407590418879263     -0.0026693330766337058   0.0010000000000000002
-0.0025353388978169725    -0.0025303101136378062   0.0010000000000000002
-0.002440054541667431     -0.0024862813412344213   8.75E-4
-0.0025772399839981536    -0.00223879733349358     8.75E-4
-0.0024993118690227363    -0.0023383978489729747   0.0010000000000000002
-0.0026669176735094223    -0.00243220410070892     5.000000000000001E-4
-0.0025247593977996818    -0.0025343951158528465   5.000000000000002E-4
-0.0026092363609462256    -0.0023542490430372757   6.25E-4
-0.0024596117800736424    -0.0026282468822978146   6.250000000000001E-4
-0.0020396617363538086    -0.003                   0.0010000000000000002
-0.0022490031313121875    -0.002859573323015544    7.370944981320768E-4
-0.0023971193033476947    -0.0026765644868899452   5.000000000000002E-4
-0.0022746157233543137    -0.0028469670107293286   6.185472490660385E-4
-0.0023002283153964395    -0.0028343606984431134   5.000000000000002E-4
-0.002319188390192813     -0.002719146646031087    6.434513573722956E-4
-0.0022127591850849425    -0.0029999999999999996   5.000000000000002E-4
-0.0024884027845045826    -0.002141227642785375    0.001
-0.0024337592268910504    -0.002488665982908218    6.250000000000001E-4
-0.0022262176240987787    -0.002651447993877254    0.001
-0.0023354888656542763    -0.0026460497138964603   8.796904075023844E-4
-0.0021356955627184274    -0.0028291992842299544   0.0010000000000000002
-0.0021906526988496556    -0.002764127705583548    8.594475895142966E-4
-0.002010372865871993     -0.002806938249398565    8.951844097229645E-4
-0.0024029631602311106    -0.002225362674735249    8.75E-4
-0.0026610053040346847    -0.002236794454718727    5.000000000000001E-4
-0.002702887318619262     -0.0021142733256354867   6.25E-4
-0.00253003328728587      -0.0020190362413780127   8.75E-4
-0.002658641653341635     -0.002041666666666668    5.000000000000001E-4
-0.002114152078682435     -0.0030000000000000005   6.737082082134125E-4
-0.0021285905226422976    -0.002860317964969458    6.594463089681884E-4
-0.002829320826670817     -0.0013905161628154606   6.664960836432056E-4
-0.0028506557233369642    -0.0014383333635296365   8.540882256747612E-4
-0.003                    -0.0013385229242025673   8.328078832233001E-4
-0.003                    -0.0014666666666666673   0.0010000000000000002
-0.002893325516669261     -0.0012947822954346175   7.289039416116499E-4
-0.003                    -0.001146805144044936    8.32864068865728E-4
-0.0028826580683361876    -0.0011689754886891346   8.22682034432864E-4
-0.003                    -0.001275                0.0010000000000000002
-0.003                    -0.0010833333333333335   0.001
-0.0028293208266708175    -0.001562500000000001    0.001
-0.003                    -9.545285349787703E-4    8.329944830707432E-4
-0.0028666568958365768    -9.800491139397315E-4    8.384204101346383E-4
-0.003                    -8.916666666666667E-4    0.001
-0.0019763775795161725    -0.003                   8.366893706423399E-4
-0.0019868542150697343    -0.0029031097473554033   7.409368901826522E-4
-0.003                    -0.0012096201624294375   6.663500515880915E-4
-0.0029039929650023348    -0.0010999389433278717   6.872389143557279E-4
-0.003                    -0.0012750000000000005   5.000000000000002E-4
-0.0029999999999999996    -0.001016973781785945    6.662555542467292E-4
-0.0030000000000000005    -0.001083333333333334    5.000000000000001E-4
-0.0026586416533416358    -0.001850000000000001    0.001
-0.002637306756675487     -0.0017421875000000011   8.75E-4
-0.0027013114466739293    -0.0015864583333333345   8.75E-4
-0.002658641653341634     -0.001658333333333335    0.001
-0.0024879624800124523    -0.0019458333333333324   0.0010000000000000002
-0.002389235977292165     -0.0021043140376370913   8.75E-4
-0.0025836700219806787    -0.0018806118706890067   8.75E-4
-0.0027866510333385223    -0.0012510416666666677   6.249999999999999E-4
-0.0028293208266708175    -0.001370833333333335    5.0E-4
-0.002658641653341634     -0.0018500000000000016   5.000000000000001E-4
-0.002637306756675487     -0.0017421875000000005   6.25E-4
-0.0026432786702999703    -0.001997442598162247    6.25E-4
-0.002658641653341634     -0.0016583333333333335   5.000000000000001E-4
-0.002658641653341634     -0.0014666666666666682   5.000000000000001E-4
-0.0025733020666770428    -0.001580468750000001    6.09375E-4
-0.00270131144667393      -0.0013468750000000004   6.25E-4
-0.002339277135899898     -0.002452113967001939    0.0010000000000000002
-0.002416690343170056     -0.0023464113118334064   8.75E-4
-0.0021353352305027076    -0.0026398184947610988   8.796128393430739E-4
-0.0022546555377014523    -0.002509244914160316    8.75E-4
-0.0023257394891139536    -0.0022421207884810515   0.0010000000000000002
-0.0022993401576596093    -0.002339308340390182    8.125000000000001E-4
-0.0024948657661006514    -0.0023397479875963438   5.000000000000001E-4
-0.002507851652992476     -0.0022815503638314947   6.328125E-4
-0.0021304922839948167    -0.0024866830116449844   0.001
-0.0022867951096887536    -0.002609995969406847    6.250000000000001E-4
-0.0023217097969767016    -0.002457461510372368    5.000000000000002E-4
-0.0024079066737084584    -0.0023490850835186207   6.25E-4
-0.0019436279099891889    -0.002829199284229955    0.001
-0.0018475940836245699    -0.0030000000000000005   0.0010000000000000002
-0.0022089401114495253    -0.0026565946453106573   5.000000000000002E-4
-0.0021143540832205586    -0.0028277617748544382   5.000000000000002E-4
-0.002143028966602161     -0.002720635929938916    6.451844097229646E-4
-0.002015948981356178     -0.003000000000000001    5.000000000000002E-4
-0.002314887362447759     -0.0020469782988453817   0.001
-0.002404434902926403     -0.0018738122515443482   8.75E-4
-0.002188841471626064     -0.0023319239325290202   0.0010000000000000002
-0.0021717130709582007    -0.0025031553788668276   6.250000000000001E-4
-0.002035514273028851     -0.0026554379574231677   0.0010000000000000002
-0.0019623559526896843    -0.002721537891513542    8.951844097229646E-4
-0.0019973308506232956    -0.0028062194947108066   6.451844097229646E-4
-0.0018717600460744007    -0.0028607689457567707   8.648070406098426E-4
-0.00224843866729846      -0.00218959183389617     8.75E-4
-0.0024888952318576933    -0.002143019464356774    5.000000000000001E-4
-0.002612848331949395     -0.0022104519132720127   6.875E-4
-0.0025300332872858705    -0.0020190362413780136   6.25E-4
-0.0024064669450387264    -0.002208851684625714    6.40625E-4
-0.0024050272163689953    -0.002068618285732807    6.5625E-4
-0.0024879624800124523    -0.0019458333333333365   5.000000000000001E-4
-0.0025836700219806787    -0.0018806118706890067   6.25E-4
-0.002493599460058906     -0.0017993839982305912   6.25E-4
-0.0019043332443227242    -0.003                   6.697524402836527E-4
-0.001816305418963428     -0.002892530797955963    7.297148357483604E-4
-0.002786651033338522     -0.0012510416666666666   8.75E-4
-0.0028293208266708166    -0.0013708333333333333   0.0010000000000000002
-0.0027013114466739293    -0.001442708333333334    8.75E-4
-0.0028293208266708184    -0.0011791666666666673   0.001
-0.002786651033338523     -0.001059375             8.749999999999999E-4
-0.003                    -7.636413118418207E-4    8.32861303530677E-4
-0.0028933255166692603    -8.469179207801564E-4    7.706871574678105E-4
-0.0029999999999999996    -8.261275082269793E-4    6.66374314935621E-4
-0.0028719906200031127    -6.594365578383328E-4    7.914179369045614E-4
-0.0028293208266708184    -9.874999999999997E-4    0.001
-0.003                    -7.000000000000001E-4    0.001
-0.0028506557233369655    -7.276349455858338E-4    8.957089684522806E-4
-0.003                    -5.709564490099983E-4    8.328358738091229E-4
-0.0028293208266708175    -7.95833333333335E-4     0.001
-0.0028931405819475286    -5.178396934504452E-4    8.539179369045614E-4
-0.0030000000000000005    -5.083333333333335E-4    0.0010000000000000002
-0.0030000000000000005    -3.789111073604003E-4    8.314011007638383E-4
-0.002658641653341634     -0.0014666666666666676   0.001
-0.0025626346183439696    -0.0016283854166666675   8.75E-4
-0.002786651033338522     -8.677083333333335E-4    8.749999999999999E-4
-0.003                    -6.346915504911389E-4    6.663739376064447E-4
-0.0028506557233369642    -7.276349455858336E-4    6.457089684522805E-4
-0.003                    -7.000000000000005E-4    5.000000000000001E-4
-0.003                    -4.441232607330342E-4    6.666502790140005E-4
-0.0017811641394591179    -0.003                   8.344296714967209E-4
-0.0028186533783377435    -0.0010847121954464863   6.040638885616822E-4
-0.0028293208266708175    -0.0011791666666666665   5.0E-4
-0.003                    -8.916666666666672E-4    5.000000000000001E-4
-0.002818653378337743     -8.930455287798202E-4    6.040638885616822E-4
-0.0028293208266708184    -9.875000000000018E-4    5.0E-4
-0.0028293208266708166    -7.958333333333346E-4    5.0E-4
-0.0024879624800124523    -0.0017541666666666697   0.0010000000000000002
-0.0024879624800124515    -0.0015625000000000016   0.0010000000000000002
-0.002487962480012452     -0.0017062500000000023   8.75E-4
-0.0024879624800124528    -0.001514583333333334    8.75E-4
-0.002319682114310952     -0.0018543469263533378   0.0010000000000000002
-0.0022753158264809787    -0.00196023664698092     8.75E-4
-0.002320294720075653     -0.001828069048054351    8.75E-4
-0.002658641653341635     -0.0012750000000000005   5.0E-4
-0.002669309101674709     -0.0011611979166666676   6.25E-4
-0.0025306322733447476    -0.0012989583333333338   6.25E-4
-0.0024879624800124523    -0.0017541666666666682   5.000000000000001E-4
-0.002404434902926403     -0.0018738122515443501   6.25E-4
-0.0024879624800124515    -0.0015625000000000007   5.000000000000001E-4
-0.0024666275833463043    -0.0014307291666666674   6.25E-4
-0.002403528898137132     -0.0017181561257721754   6.25E-4
-0.0024879624800124515    -0.0013708333333333344   5.000000000000001E-4
-0.0021811153483063278    -0.0023671844067619102   8.4375E-4
-0.002052955027536424     -0.0025280187203896676   8.75E-4
-0.0020628905389530458    -0.002395060473133638    8.75E-4
-0.0021385413284028525    -0.0021480730786575903   0.001
-0.002146196750035554     -0.0020466610424174922   8.75E-4
-0.002030918001000085     -0.002321871209687633    0.0010000000000000002
-0.0023181492379522597    -0.00224441424209205     5.000000000000001E-4
-0.0022518498845629314    -0.0023948334396596627   6.250000000000001E-4
-0.0019377169669521294    -0.002482130083439409    0.001
-0.0018475940836245718    -0.0026583985684599095   0.0010000000000000002
-0.001807385457099161     -0.0027484114430247693   8.699035203049213E-4
-0.002175138472672258     -0.002332486805364896    5.000000000000002E-4
-0.0022812172687515482    -0.0022244305481445566   6.328125000000001E-4
-0.002110388874614319     -0.0024894442336390334   5.000000000000001E-4
-0.0020915762573534705    -0.0026114773180739926   6.250000000000001E-4
-0.0017515602572599513    -0.002829199284229955    0.0010000000000000002
-0.0017267926002231574    -0.0028928901752998423   8.547148357483604E-4
-0.0016555264308953316    -0.0030000000000000005   0.0010000000000000005
-0.0020131185752039335    -0.002656578774829292    5.000000000000002E-4
-0.0019175438794917952    -0.0028277617748544382   5.000000000000002E-4
-0.0018191387776274133    -0.0030000000000000005   5.000000000000002E-4
-0.0021592299949404117    -0.0019470084122869028   0.0010000000000000002
-0.0020285913215660886    -0.0022359448671145374   8.75E-4
-0.002052838834262797     -0.0023964410841306625   6.25E-4
-0.0019115059273513014    -0.0026138764987971297   8.75E-4
-0.0019447296090209863    -0.0025270984213770368   6.25E-4
-0.001899234046323808     -0.002699470095899353    6.25E-4
-0.0018514466984677384    -0.0027850615959119267   6.25E-4
-0.0017673622187031545    -0.002485968152641971    8.75E-4
-0.002012954666604185     -0.0020061655843348425   0.001
-0.002152407313195939     -0.0018504639008797056   8.75E-4
-0.002067636133223991     -0.001949453853413364    8.4375E-4
-0.0023116036236057805    -0.002046808826279031    5.000000000000001E-4
-0.002314497450524375     -0.0018495115429132112   5.000000000000001E-4
-0.0022731667975751605    -0.0019601717409114838   6.25E-4
-0.0017044337782059406    -0.003                   6.71985105034436E-4
-0.001711758909697517     -0.0028389758856058847   6.773574178741803E-4
-0.0028730672390239725    -5.73964065605642E-4     7.081869688032223E-4
-0.002999999999999999     -5.083333333333337E-4    4.999999999999999E-4
-0.002669309101674709     -0.0011611979166666667   8.75E-4
-0.002658641653341633     -0.0012749999999999997   0.0010000000000000002
-0.0026159718600093384    -0.0013468750000000004   8.749999999999999E-4
-0.002658641653341633     -0.0010833333333333337   0.0010000000000000002
-0.002637306756675487     -9.276041666666667E-4    8.749999999999999E-4
-0.0028293208266708158    -6.04166666666666E-4     0.0010000000000000002
-0.0028264278497421684    -4.1620929506163947E-4   0.001
-0.002658641653341634     -8.916666666666665E-4    0.001
-0.002754538675709795     -7.489865247175251E-4    8.541044842261403E-4
-0.002658641653341634     -7.000000000000005E-4    0.001
-0.0027224263180810676    -6.302647161017164E-4    8.332089684522806E-4
-0.0026795715900270398    -5.329079061279961E-4    8.749999999999999E-4
-0.002786281163895057     -4.647229378908922E-4    8.749999999999999E-4
-0.0030000000000000005    -3.1666666666666686E-4   0.001
-0.0028502858538935008    -3.887745864074838E-4    8.541625697535E-4
-0.003                    -1.8692155061555998E-4   8.306769248932719E-4
-0.002852926811998957     -1.0407542652699944E-4   8.562692203240444E-4
-0.0030000000000000005    1.2340435053649471E-5    8.238603682691022E-4
-0.003                    -1.250000000000002E-4    0.001
-0.0028741438580448322    -3.613398777533282E-4    7.083251395070001E-4
-0.0028516063329462288    -2.464250064672416E-4    8.552158950387723E-4
-0.003                    -2.535321917423308E-4    6.672881531181649E-4
-0.002999999999999999     -3.1666666666666714E-4   4.999999999999999E-4
-0.002880847859847981     -1.5671609839544494E-4   7.12538440648089E-4
-0.0029999999999999996    -4.821423157599263E-5    6.690939069581224E-4
-0.0024884118593275087    -0.0012629955199646502   8.75E-4
-0.002487962480012453     -0.0013708333333333335   0.001
-0.0024986299283455255    -0.001388802083333334    8.749999999999999E-4
-0.002605084386417255     -7.16431853849217E-4     8.4375E-4
-0.0028293208266708166    -6.041666666666686E-4    5.0E-4
-0.002711758869747993     -6.643639099754672E-4    6.353544842261403E-4
-0.002786747812652249     -4.6628395861384646E-4   6.249999999999999E-4
-0.002827361147256553     -4.1933133650754817E-4   5.0E-4
-0.0015826456407796877    -0.003                   8.342810803010507E-4
-0.0019225840714846036    -0.0021522235947030463   0.0010000000000000002
-0.002658641653341635     -0.0010833333333333333   5.0E-4
-0.0026799765500077825    -0.0010308059454464868   6.665638885616821E-4
-0.002658641653341633     -8.916666666666695E-4    5.000000000000001E-4
-0.002551967170010896     -0.0010713541666666677   6.25E-4
-0.0027013114466739293    -8.197916666666684E-4    6.25E-4
-0.002658641653341633     -7.000000000000023E-4    5.0E-4
-0.002317283306683269     -0.0016583333333333365   0.0010000000000000002
-0.002317283306683269     -0.0014666666666666676   0.001
-0.0023812879966817126    -0.0014307291666666672   8.75E-4
-0.0021892739266863824    -0.0015385416666666683   8.75E-4
-0.002359953100015565     -0.0015145833333333341   8.125E-4
-0.0021509624547236235    -0.0017556787955820175   0.0010000000000000002
-0.002191108084262595     -0.0016810037348156813   8.75E-4
-0.0025519671700108965    -8.796875000000011E-4    6.249999999999999E-4
-0.0024879624800124523    -0.0011791666666666682   5.000000000000001E-4
-0.0024026228933478598    -0.0013229166666666673   6.25E-4
-0.002402622893347861     -0.001562500000000001    6.25E-4
-0.002317283306683269     -0.001658333333333335    5.000000000000001E-4
-0.0023177023881823643    -0.0018256513563342876   6.25E-4
-0.0023172833066832698    -0.0014666666666666673   5.0E-4
-0.002296865488805228     -0.001621751867407841    6.25E-4
-0.002317283306683269     -0.0012750000000000018   5.000000000000001E-4
-0.0022746135133509724    -0.0013468750000000008   6.25E-4
-0.0018911179222369458    -0.002397814133945293    8.75E-4
-0.001834048557926426     -0.002315916406833482    0.0010000000000000002
-0.0019540464955721533    -0.0020785115399254207   8.75E-4
-0.0018655858435789958    -0.0022134470475003356   8.75E-4
-0.0021299452127795807    -0.0021478134543798395   5.000000000000001E-4
-0.002155967592464371     -0.002240009411663399    6.25E-4
-0.0021418986922239177    -0.002046531230278617    6.25E-4
-0.0017515602572599513    -0.0024875978526898634   0.0010000000000000002
-0.001743010868123921     -0.0026360539402927674   8.75E-4
-0.0016555264308953316    -0.002658398568459909    0.0010000000000000002
-0.0016724210609871976    -0.0027857803505996854   8.75E-4
-0.002011255202452855     -0.0023184359961831913   5.000000000000002E-4
-0.0020478724388539897    -0.002137350191051817    6.25E-4
-0.0015594926045307128    -0.0028291992842299552   0.0010000000000000002
-0.0019140414469639407    -0.0024848424136197232   5.000000000000002E-4
-0.00157721081256818      -0.0028609548854289287   8.648202700752628E-4
-0.0014634587781660931    -0.003                   0.0010000000000000002
-0.001583093232703867     -0.00266279272530004     8.593750000000001E-4
-0.0018191387776274126    -0.0026555235497088756   5.000000000000001E-4
-0.0014305580384508286    -0.0027861397279435643   8.75E-4
-0.001720733675763031     -0.0028277617748544382   5.000000000000002E-4
-0.001557721262189894     -0.002892710486627903    6.486408428415689E-4
-0.001622328573898648     -0.0030000000000000005   5.000000000000001E-4
-0.002003033477752522     -0.0018485372516274777   0.001
-0.001986418831716154     -0.0017529575382097486   9.062499999999999E-4
-0.0018613145313186642    -0.0023797564569586743   6.25E-4
-0.0017950488732220026    -0.0025071864439379626   6.25E-4
-0.001728783215125341     -0.002634616430917251    6.25E-4
-0.001651219269112356     -0.002531680260028494    8.671875E-4
-0.0017193453055208451    -0.0024005677947569483   8.75E-4
-0.0019464642926765284    -0.001907403867779785    9.062499999999999E-4
-0.0018432660367342143    -0.0019591813223393314   0.0010000000000000002
-0.0018149916025240024    -0.0020643877551199457   8.789062500000001E-4
-0.0021484743483960993    -0.0019434896000678856   5.000000000000001E-4
-0.0020706202317233766    -0.0018957911549417664   6.25E-4
-0.002146103576663962     -0.0017536798605857916   5.000000000000001E-4
-0.002191108084262595     -0.0016810037348156807   6.25E-4
-0.001508230123948183     -0.003                   6.722816856831378E-4
-0.0015001434934839286    -0.0028605955080850494   7.619970354132879E-4
-0.002895075566444711     2.7856280916298495E-5    7.263773661790544E-4
-0.002829294101834322     -2.2871129613149556E-4   0.001
-0.003                    6.666666666666653E-5     0.001
-0.002825005764149933     -5.1434754658553905E-5   0.001
-0.0026798049144056355    -5.336884164894737E-4    6.249999999999999E-4
-0.002705566187203818     -3.019531232904375E-4    8.749999999999999E-4
-0.002733403441871379     -1.4629983819008227E-4   8.656346101620223E-4
-0.002800054743726096     5.366086500897511E-5     8.827887281780132E-4
-0.002852917114229599     1.817624246549334E-4     8.866830922670199E-4
-0.0029999999999999996    1.728554353743674E-4     8.610513944044825E-4
-0.003                    2.583333333333334E-4     0.001
-0.003                    3.142262219848629E-4     8.92608108586796E-4
-0.003                    4.500000000000001E-4     0.001
-0.002848942735416243     3.237913811256002E-4     0.001
-0.0030000000000000005    2.761496235123061E-4     7.811549127120534E-4
-0.0028875518616511297    2.174530540944051E-4     7.7336618453404E-4
-0.003                    1.6248788209871406E-4    6.901634368922753E-4
-0.0030000000000000005    3.276355230195335E-4     6.661059514174546E-4
-0.0024879624800124515    -0.0011791666666666665   0.0010000000000000002
-0.002551967170010896     -0.0010713541666666669   8.75E-4
-0.00236085185864568      -0.0011791160399293008   6.25E-4
-0.0026628446583179715    -3.253497518072527E-4    0.001
-0.0024879624800124515    -9.875000000000005E-4    0.0010000000000000002
-0.002487962480012452     -8.916666666666673E-4    8.75E-4
-0.0026532103383806295    -5.086539142289954E-4    0.001
-0.0025728620161590224    -6.010928743651001E-4    8.749999999999999E-4
-0.0024879624800124523    -7.958333333333337E-4    0.001
-0.0025199648250116744    -7.898437500000004E-4    8.4375E-4
-0.0024880890158665864    -6.040155808959605E-4    0.001
-0.002895075566444711     1.0293000443883067E-4    6.595289004906409E-4
-0.003                    6.666666666666632E-5     5.0E-4
-0.0029999999999999996    2.58333333333333E-4      4.999999999999999E-4
-0.002574963518647191     -4.1376775026872616E-4   8.749999999999999E-4
-0.0028273771451463167    -2.561996234852932E-4    6.572971799155223E-4
-0.0028326621214327698    -2.2966480019921166E-4   5.0E-4
-0.003                    -1.250000000000005E-4    5.000000000000001E-4
-0.0028170461209045907    -1.2767385563150016E-4   6.062692203240445E-4
-0.0028261157592747825    -5.186058569603934E-5    5.0E-4
-0.0027901511328894215    4.337212677894715E-5     6.288943640890065E-4
-0.0024245868306871777    -0.0010220796950078492   8.75E-4
-0.002317283306683269     -0.0012749999999999999   0.001
-0.0022746135133509733    -0.0013468750000000002   8.749999999999999E-4
-0.002360851858645679     -0.0011791160399292997   8.75E-4
-0.0026542544342787917    -5.087008473214937E-4    5.0E-4
-0.0025728620161590224    -6.010928743651008E-4    6.249999999999999E-4
-0.0027256628563527715    -3.8831679941315133E-4   6.666625697535001E-4
-0.002667281330345009     -3.284016934157496E-4    5.0E-4
-0.001390736622366703     -0.003                   8.355122792906989E-4
-0.0017391010938538395    -0.0021430289458485097   0.001
-0.0017267462380963744    -0.0022781627797302103   8.486328125E-4
-0.0016555264308953316    -0.002316797136919818    0.001
-0.0024879624800124523    -9.875000000000018E-4    5.000000000000001E-4
-0.0024245868306871777    -0.0010220796950078498   6.25E-4
-0.002487962480012453     -7.95833333333335E-4     5.0E-4
-0.002599860674880223     -7.300986216544008E-4    6.926772421130701E-4
-0.002488286722248245     -6.039771212584845E-4    5.0E-4
-0.0021466041333540863    -0.0015625000000000025   0.0010000000000000002
-0.0021465004518399925    -0.0014307655818195338   8.75E-4
-0.0020024031110225824    -0.001633806850924408    8.90625E-4
-0.0021623142812676284    -0.0012642366602997077   8.593749999999999E-4
-0.0021466041333540863    -0.0013708333333333337   0.001
-0.001983762147019879     -0.0016536684120102615   0.001
-0.002402061348158914     -7.478929938138676E-4    6.249999999999999E-4
-0.002392584485687956     -8.843192783411831E-4    6.875E-4
-0.0022323930993337344    -0.0012150788532979842   6.25E-4
-0.002317283306683269     -0.001083333333333335    5.000000000000001E-4
-0.0021466041333540855    -0.0015625000000000012   5.000000000000001E-4
-0.00202227398356961      -0.0016448299418205747   6.25E-4
-0.0022746135133509733    -0.0014906250000000008   6.25E-4
-0.0021466041333540855    -0.0013708333333333346   5.000000000000001E-4
-0.002146500451839991     -0.0014307655818195338   6.25E-4
-0.0021466041333540863    -0.0011791666666666682   5.000000000000001E-4
-0.00210393434002179      -0.0012510416666666677   6.25E-4
-0.002001640490982468     -0.0020037431161940766   5.000000000000001E-4
-0.0019094030793168101    -0.002034046540156136    6.25E-4
-0.0019124035770568494    -0.0021529003690277434   5.000000000000002E-4
-0.001953846185484062     -0.0022281691518250173   6.250000000000001E-4
-0.0015594926045307145    -0.002487597852689864    0.001
-0.0015271846836903914    -0.0023580598064868127   8.75E-4
-0.0014634587781660949    -0.0026583985684599095   0.0010000000000000002
-0.0018152242302381513    -0.002313180984022787    5.000000000000002E-4
-0.0013674249518014752    -0.002829199284229955    0.0010000000000000002
-0.0013568924288492796    -0.0027219097708578574   8.960659158194881E-4
-0.0012713911254368547    -0.0030000000000000005   0.0010000000000000005
-0.0014937654044205363    -0.002539805100000395    8.4375E-4
-0.0017207336757630327    -0.0024832853245633146   5.000000000000002E-4
-0.00162232857389865      -0.0026555235497088764   5.000000000000002E-4
-0.001607212400431606     -0.002785420973255806    6.250000000000001E-4
-0.0013205313509495836    -0.002892710486627902    8.138220554648374E-4
-0.001423076174399678     -0.0028602361307411696   6.591738007513129E-4
-0.0015239234720342684    -0.0028277617748544382   5.000000000000002E-4
-0.0014725673126413901    -0.0027529466173690726   6.355329579097441E-4
-0.0014255183701698834    -0.0029999999999999996   5.0E-4
-0.0018231969075990784    -0.0017496674130224653   0.001
-0.0018514194474691286    -0.0016321881999499296   8.75E-4
-0.0018244703136139977    -0.0018018484204806154   8.75E-4
-0.0017615255740223313    -0.0022079219066519855   6.25E-4
-0.0017030674097264175    -0.002356251730038297    6.25E-4
-0.0015811755623287695    -0.002548497318344469    6.25E-4
-0.001618559477910031     -0.002181306997062441    8.90625E-4
-0.0016759367094758514    -0.002050263970314471    8.828125000000001E-4
-0.001640884162454428     -0.0019844124591942344   0.0010000000000000002
-0.0017333139410416723    -0.0019192209435664998   8.75E-4
-0.001690489495491847     -0.0018394198528287155   0.001
-0.0019873882917784986    -0.0018463333037061391   5.000000000000001E-4
-0.0019065660057037083    -0.0018501813658224524   6.25E-4
-0.0020261605768102098    -0.0017750037200020827   6.25E-4
-0.00198106864154788      -0.0016530141800995901   5.000000000000001E-4
-0.0020183873903290104    -0.0015146561636390668   6.25E-4
-0.0013139057345910039    -0.003                   6.712110224922262E-4
-0.0028182823668080675    1.460717952154614E-4     0.001
-0.0030000000000000005    4.500000000000001E-4     6.666666666666665E-4
-0.002897134560857844     4.500000000000001E-4     6.196302294832229E-4
-0.0029999999999999996    4.5000000000000004E-4    5.0E-4
-0.003                    4.500000000000002E-4     8.333333333333333E-4
-0.002829519463195303     3.0437824233825206E-4    8.20226502181264E-4
-0.0028444900014744576    3.460081022853447E-4     6.88862569871979E-4
-0.002874922915876511     4.500000000000001E-4     7.449364115659448E-4
-0.002883935203088347     4.500000000000001E-4     8.748755480065013E-4
-0.0027999999999999995    4.500000000000001E-4     0.001
-0.0026785850614501087    -1.453028944179099E-4    0.001
-0.002690403991055694     -2.4517316620335794E-6   0.001
-0.0026883106948205012    1.4755795598862516E-4    8.827887281780132E-4
-0.0026931579836660634    3.0835173972162695E-4    0.001
-0.0025771818546607107    -4.1529372107297445E-4   6.249999999999999E-4
-0.0026138800717438013    -1.885242498531651E-4    8.749999999999999E-4
-0.0026143962540273124    -5.196977428860384E-5    8.749999999999999E-4
-0.00269893736447503      2.906974743296207E-4     8.369689519471553E-4
-0.0028140570870724036    2.4201620457068917E-4    6.327887281780132E-4
-0.0028530104508425478    3.252759244648743E-4     5.0E-4
-0.0024026228933478615    -7.479166666666667E-4    8.749999999999999E-4
-0.002317283306683269     -0.0010833333333333337   0.0010000000000000002
-0.0021901726853164973    -0.0010832827065959674   6.249999999999999E-4
-0.002548102838688086     -2.3119045326940122E-4   0.001
-0.0024858780357045777    -4.0039437620191477E-4   0.001
-0.002317283306683269     -8.916666666666665E-4    0.001
-0.002349914692355661     -8.60360945007849E-4     8.75E-4
-0.0024905024626068984    -5.075565544502322E-4    6.249999999999999E-4
-0.0024893438680047234    -5.068031839574771E-4    8.749999999999999E-4
-0.0023172833066832698    -6.999999999999992E-4    0.001
-0.0024037242173622565    -5.998386176462279E-4    8.749999999999999E-4
-0.002327439106856257     -5.183278360733172E-4    0.001
-0.0028186065460828824    1.4664425860645355E-4    5.0E-4
-0.0024251898509741548    -3.6665504361806117E-4   8.749999999999999E-4
-0.002469316450743821     -2.2760032054951006E-4   8.749999999999999E-4
-0.002614774043342556     -1.8857412266374594E-4   6.249999999999999E-4
-0.0026803730046476197    -1.4540264003907143E-4   5.0E-4
-0.002689343271386181     -4.197407511106078E-6    5.0E-4
-0.002615290225626068     -5.201964709918467E-5    6.249999999999999E-4
-0.002710950985901565     1.6824127578089434E-4    6.52875032472765E-4
-0.0022972064913634595    -9.728052233490315E-4    8.75E-4
-0.0021466041333540855    -0.001179166666666667    0.0010000000000000002
-0.0020185947533571977    -0.0012989583333333334   8.749999999999999E-4
-0.0021901726853164973    -0.0010832827065959665   8.749999999999999E-4
-0.0025502473253868983    -2.323007573074398E-4    5.0E-4
-0.0024856850325135904    -4.0023366354377185E-4   5.0E-4
-0.00120139996219375      -0.003                   8.342636632779518E-4
-0.0015518864240756493    -0.00214477207894975     0.0010000000000000002
-0.0014807383200661605    -0.0022681910925980956   8.906250000000001E-4
-0.0014634587781660983    -0.0023167971369198186   0.0010000000000000002
-0.002317283306683269     -8.916666666666686E-4    5.0E-4
-0.0022972064913634595    -9.728052233490321E-4    6.25E-4
-0.002316160216305374     -6.99952654294401E-4     5.0E-4
-0.0024038230705530853    -5.998193878274899E-4    6.249999999999999E-4
-0.002327466461937505     -5.183738717302916E-4    5.0E-4
-0.0024250933493786607    -3.6657468728898976E-4   6.249999999999999E-4
-0.001975924960024902     -0.0014666666666666676   0.001
-0.0020183873903290113    -0.0015146561636390674   8.75E-4
-0.0018948344409189402    -0.0014875913290585997   8.75E-4
-0.002050015049184284     -0.001181598320599415    8.4375E-4
-0.001975924960024902     -0.0012749999999999999   0.001
-0.001964122401690541     -0.0013972850491209654   8.4375E-4
-0.0017047831217051126    -0.0017250639203591565   8.75E-4
-0.0018148666386239203    -0.0015545151927417375   0.0010000000000000002
-0.0017280944012869014    -0.0015947482294404799   8.75E-4
-0.002214970975229813     -8.263749646787966E-4    6.25E-4
-0.0021466041333540863    -9.875000000000018E-4    5.0E-4
-0.0020239873051378877    -0.0010590712395757988   6.249999999999999E-4
-0.001975433504437245     -0.0014616141886754262   5.000000000000001E-4
-0.001890580661468627     -0.0015158015502084955   6.25E-4
-0.0020495138291121793    -0.0013673189248778654   6.562499999999999E-4
-0.0019804709451351973    -0.001270826136548373    5.000000000000001E-4
-0.001931088628204125     -0.0013997420164223971   6.25E-4
-0.0019831150290658215    -0.0010829283194343986   5.0E-4
-0.0019543247236445973    -0.0011600210144614633   6.875E-4
-0.0018185726788668881    -0.0019588419664847735   5.000000000000002E-4
-0.0017375981169818222    -0.0020613535325396683   6.25E-4
-0.001714463532371274     -0.002141173313006346    5.000000000000001E-4
-0.0010793234727076162    -0.003                   0.0010000000000000002
-0.001175357299072235     -0.002829199284229955    0.0010000000000000002
-0.0013674249518014778    -0.002487597852689864    0.0010000000000000002
-0.0014129220308433162    -0.002378870829942249    8.125000000000001E-4
-0.0013333385743363284    -0.002529219899600737    8.75E-4
-0.0012608586024846602    -0.002721909770857856    8.960659158194881E-4
-0.0012713911254368555    -0.002658398568459908    0.0010000000000000002
-0.0016223285738986527    -0.0023110470994177515   5.000000000000001E-4
-0.0015678259112627043    -0.0024091482422485063   6.25E-4
-0.0012292178460143557    -0.0028177156404705977   8.136110689567238E-4
-0.0015239234720342693    -0.002483285324563313    5.000000000000001E-4
-0.0015374333437144757    -0.0026457887450008215   6.875000000000001E-4
-0.001425518370169884     -0.0026555235497088743   5.000000000000002E-4
-0.001428038204310358     -0.0025920123473109264   6.875000000000001E-4
-0.001245438035761691     -0.0028764733086845363   6.75301268743038E-4
-0.0013271132683055015    -0.002827761774854438    5.000000000000002E-4
-0.0013379222248511742    -0.002720472261482339    6.46065915819488E-4
-0.0012287081664411194    -0.0030000000000000005   5.000000000000002E-4
-0.001634040917706631     -0.001665195335224694    0.0010000000000000002
-0.0015544762601966398    -0.002269799166152543    6.25E-4
-0.0014990843675060257    -0.002099009422018936    8.828125000000001E-4
-0.0015284892724545351    -0.0019247101904227076   8.75E-4
-0.0014482099038933315    -0.0019786920304754865   0.001
-0.001540263583132132     -0.0018340290295620386   0.001
-0.0015368672225512963    -0.0017854640304608316   8.75E-4
-0.001808221402523619     -0.0017488775335382002   5.000000000000001E-4
-0.0018008592348872177    -0.0017853247101510328   6.25E-4
-0.0018500726947331288    -0.0016318610839945941   6.25E-4
-0.0018041125781301254    -0.0015562206405545023   5.000000000000001E-4
-0.00172544561496659      -0.0015910913159825435   6.25E-4
-0.0016951524640707273    -0.001720468054479613    6.25E-4
-0.0016712281802230772    -0.001830228121069628    5.000000000000001E-4
-0.0017136706599413134    -0.0019147851584273511   6.25E-4
-0.0010956878740429096    -0.00280731012874288     8.56358557084106E-4
-0.0011086752158284503    -0.00290365506437144     7.658963927102651E-4
-0.00112166255761399      -0.003                   6.754342283364242E-4
-0.002601517666338744     1.3635942730074596E-4    0.001
-0.0027999999999999995    4.500000000000001E-4     5.0E-4
-0.002746925703079766     4.5000000000000015E-4    6.426088800097588E-4
-0.0025683552657547568    2.7701670632098894E-4    8.537114017130468E-4
-0.002710768565165552     4.5000000000000015E-4    8.262506498521135E-4
-0.002730635151054505     2.987443335605466E-4     7.485411015188937E-4
-0.002599999999999999     4.500000000000001E-4     0.001
-0.002501974656397959     -5.6177451187614316E-5   0.001
-0.0024997213799854536    2.820262301586724E-4     0.001
-0.0024791452141090815    2.2061570835996635E-4    8.956057008565233E-4
-0.002469123612243686     -2.2762125226113302E-4   6.249999999999999E-4
-0.002473585548621968     7.272870020216933E-5     8.749999999999999E-4
-0.0026317508389137084    2.9311042478284157E-4    6.768557008565234E-4
-0.0026951464120726597    3.092041432446943E-4     5.0E-4
-0.0022155172031584347    -8.265591286412859E-4    8.75E-4
-0.0021466041333540863    -9.875E-4                0.001
-0.0023894578194501486    -2.2345503581059972E-4   0.001
-0.0023209298000863585    -3.659643893999761E-4    0.001
-0.0021539047302732185    -7.908411439178425E-4    0.001
-0.0022344598827113557    -6.945687800313951E-4    8.749999999999999E-4
-0.002150460643062905     -5.878023041327183E-4    0.001
-0.0022666459318855235    -5.136656893072991E-4    6.249999999999999E-4
-0.00226678672280898      -5.136882686960564E-4    8.749999999999999E-4
-0.0022142140267600342    -4.317148829956173E-4    0.001
-0.002277232397214635     -2.948568081322317E-4    8.749999999999999E-4
-0.002147387015424289     -4.923461399666061E-4    9.062499999999999E-4
-0.002598440236811074     1.389041428690183E-4     5.0E-4
-0.002670179289746969     4.2367736309824665E-5    6.894471820445032E-4
-0.002357673149555718     -1.8928981944230165E-4   8.4375E-4
-0.0025065853412802328    -5.889074729604213E-5    5.0E-4
-0.002474658375335615     7.253962049400116E-5     6.249999999999999E-4
-0.001893567690051124     -0.0010727954312887537   5.9375E-4
-0.002077156558084587     -9.032114691496462E-4    8.749999999999999E-4
-0.002023218338985973     -0.0010596603751312208   8.75E-4
-0.0019815770967619916    -0.0010841065905452427   0.0010000000000000002
-0.002389072142449879     -2.2349689923384592E-4   5.0E-4
-0.0023207853766650964    -3.65999144779442E-4     5.0E-4
-0.0022764294371525663    -2.9472766977143184E-4   6.249999999999999E-4
-0.0010076094751044244    -0.003                   8.341463814757504E-4
-0.0013674249518014795    -0.002145996421149771    0.0010000000000000002
-0.0012713911254368573    -0.0023167971369198155   0.0010000000000000002
-0.0013676613049689648    -0.002203242380824629    8.28125E-4
-9.832896463429974E-4     -0.002829199284229955    0.0010000000000000002
-8.87255819978378E-4      -0.003                   0.0010000000000000002
-0.002213932444913121     -4.31669724218103E-4     5.0E-4
-0.0019037225292369126    -0.0010674070961441322   8.75E-4
-0.0021528122744159757    -7.90472815992864E-4     5.0E-4
-0.002077156558084587     -9.032114691496471E-4    6.249999999999999E-4
-0.0022338983375224074    -6.945451071785959E-4    6.249999999999999E-4
-0.002149721088248017     -5.872185245480799E-4    5.0E-4
-0.00211514054616828      -5.700979607428374E-4    6.562499999999999E-4
-0.0020693438048292848    -6.981058074031079E-4    6.249999999999999E-4
-0.0018011974817308107    -0.0013549818897305515   0.001
-0.0018785889507112153    -0.0012884425811627398   8.24496928255606E-4
-0.0017875279254849863    -0.00146785428654601     8.653960783115977E-4
-0.0018124314497279968    -0.001168819177185735    0.001
-0.0016523923357138013    -0.0014542406616781319   0.001
-0.001604769355104674     -0.0015573082589310303   8.75E-4
-0.0019864469668673754    -8.992066791153504E-4    5.0E-4
-0.001994801812232827     -8.001761003053881E-4    6.25E-4
-0.0017481304301827586    -0.0012133546889269793   8.806600199207437E-4
-0.001920259819636369     -9.022463932076682E-4    6.25E-4
-0.0018328106564576502    -9.855698481160443E-4    5.000000000000001E-4
-0.0017982593018631352    -0.0013592516558118036   5.0E-4
-0.0018303156542298117    -0.001282169656066169    6.451400371234636E-4
-0.0017636126790454467    -0.0014576621126945815   6.25E-4
-0.0017499460349668353    -0.0010504826741003814   6.25E-4
-0.0018153748869455975    -0.0011665663284343441   5.0E-4
-0.0016874336409178903    -0.0011974921952910733   6.405058633764016E-4
-0.001628734983410669     -0.0013995640398508933   8.90916700487013E-4
-0.001614340962102609     -0.001975826454271242    5.000000000000001E-4
-0.001604752572861724     -0.0018200239395351383   6.25E-4
-0.0015963557988395685    -0.0020804538014905045   6.25E-4
-0.0015180419311785964    -0.002140275856251279    5.000000000000002E-4
-0.001217112474407491     -0.0024383472528439446   8.906250000000001E-4
-0.001188102197039517     -0.002614620257485759    8.75E-4
-0.0010793234727076153    -0.002658398568459909    0.0010000000000000002
-0.001175357299072235     -0.0024875978526898625   0.0010000000000000002
-0.0013623852835205337    -0.002440944522964679    6.25E-4
-0.0014766479363676089    -0.0024201334995092435   6.875E-4
-0.0014255183701698867    -0.0023110470994177484   5.000000000000001E-4
-0.0010239582058629694    -0.002892710486627902    6.063585570841062E-4
-0.0010318979627123546    -0.003                   5.000000000000002E-4
-0.0013271132683055032    -0.002483285324563313    5.000000000000002E-4
-0.0012287081664411198    -0.0026555235497088756   5.000000000000002E-4
-0.00121477763072396      -0.002527063635537461    6.25E-4
-0.001176970336932379     -0.002752946617369072    6.793915149938501E-4
-0.0011303030645767364    -0.0028277617748544382   5.000000000000002E-4
-0.001464965804086853     -0.0017001997105517347   0.0010000000000000002
-0.0014929171529819525    -0.0016310728363635814   8.75E-4
-0.0014757983748309843    -0.0015549471297941339   0.0010000000000000002
-0.0013623852835205337    -0.0022694250525068745   6.25E-4
-0.0012437879080919336    -0.002350071876207889    6.406250000000001E-4
-0.0013796092571020204    -0.0020167118469754312   8.75E-4
-0.001237304747971707     -0.0021868997133728855   8.75E-4
-0.0012713911254368573    -0.001975195705379723    0.0010000000000000002
-0.0016528419384527547    -0.0013626226223944753   6.418124031589594E-4
-0.0016370547107869577    -0.0014485118981110308   5.0E-4
-0.0013636504025154204    -0.0018064232467907848   0.0010000000000000002
-0.0012827627738815784    -0.001840908907214632    8.75E-4
-0.0014098149982164376    -0.0018131864688377317   8.75E-4
-0.001381064950859231     -0.0017048374137961326   8.75E-4
-0.0016261392778973852    -0.001651221913303619    5.000000000000001E-4
-0.0016008185352000513    -0.0015503215479704927   6.25E-4
-0.0015143526816527202    -0.0019195798245906636   6.25E-4
-0.001505827580323314     -0.0018193548699263846   5.000000000000001E-4
-0.0015011571870887559    -0.001657368270726975    6.25E-4
-9.978442959942854E-4     -0.002582684967614846    8.656792785420531E-4
-9.516371344959815E-4     -0.0027219097708578574   8.56358557084106E-4
-9.124883368230266E-4     -0.0028819455975563047   7.827524692799282E-4
-9.288703307076588E-4     -0.003                   6.763228337685136E-4
-0.00239696365063942      1.0409405456363648E-4    0.001
-0.0023472730126887467    2.135039138808709E-5     8.749999999999999E-4
-0.0023536538963280706    1.934914928699896E-4     8.955167782013074E-4
-0.0026000000000000007    4.500000000000001E-4     5.0E-4
-0.002547048529864827     4.5000000000000015E-4    6.617444107908238E-4
-0.002513883833824017     3.1631792718092745E-4    7.432196539824909E-4
-0.0024594124018932776    3.556191480408659E-4     6.327279062519352E-4
-0.002480239639420765     4.500000000000002E-4     8.307318376644752E-4
-0.0023999999999999985    4.500000000000001E-4     0.001
-0.002416946767874418     3.217457464349949E-4     8.631243079328913E-4
-0.0022915797875965992    -7.079904890535098E-5    0.001
-0.00224909643698508      -1.6244236277911342E-4   8.749999999999999E-4
-0.002299999999999999     2.767949192431121E-4     0.001
-0.002374253147395642     -1.1126821031712882E-4   6.249999999999999E-4
-0.0024991097283700815    2.7894715060412453E-4    5.0E-4
-0.002520996392327262     1.9229290789468483E-4    6.037114017130468E-4
-0.0020700399572242414    -6.981995054304119E-4    8.749999999999999E-4
-0.0019878421501148174    -8.993781016178128E-4    0.001
-0.001994346796561066     -8.005933877992772E-4    8.749999999999999E-4
-0.00218996312818554      -2.567979052302558E-4    0.001
-0.0021408756263406464    -2.626642687661702E-4    8.593749999999999E-4
-0.002068196514265863     -4.1236943066521236E-4   0.001
-0.001988443455709042     -7.072614507980328E-4    0.001
-0.001991722804882053     -6.026094759691087E-4    8.749999999999999E-4
-0.001980539581992755     -5.429473554728181E-4    0.001
-0.002009483549437645     -4.168172338123988E-4    8.749999999999999E-4
-0.0023991093040667136    1.0371589514729992E-4    5.0E-4
-0.0024213309259550815    1.7469878403382553E-4    6.037114017130468E-4
-0.002368641079325605     3.7365709090620706E-5    6.562499999999999E-4
-0.0022938787788365604    -7.049344144617565E-5    5.0E-4
-0.0022151390807862268    -2.1009265092343591E-4   6.249999999999999E-4
-0.0018295982889806944    -9.870516020369928E-4    0.001
-0.001699653895970854     -0.0011175101104772896   8.749999999999999E-4
-0.0019186536358978905    -9.029872701681425E-4    8.749999999999999E-4
-0.0021883572080614025    -2.565396285086562E-4    5.0E-4
-0.0021433048165888148    -3.5570811591610136E-4   6.249999999999999E-4
-8.089964787841675E-4     -0.003                   8.346900996969938E-4
-7.301899560279077E-4     -0.003                   6.722467218728184E-4
-8.085052635805284E-4     -0.002823367618014306    8.394624971020885E-4
-6.951881672491397E-4     -0.003                   0.0010000000000000002
-0.001175357299072235     -0.0021459964211497703   0.001
-0.0011511631441801973    -0.002287818494513518    8.28125E-4
-0.0010793234727076153    -0.002316797136919818    0.0010000000000000002
-7.912219936137589E-4     -0.002829199284229954    0.0010000000000000002
-8.872558199783786E-4     -0.002658398568459909    0.0010000000000000002
-0.0020712143296715306    -4.127396999855271E-4    5.0E-4
-0.0020406355740914227    -2.5748321928941294E-4   6.093749999999999E-4
-0.001987051150919129     -7.070740547434249E-4    5.0E-4
-0.0019917230519782836    -6.024982910796428E-4    6.249999999999999E-4
-0.002010180196025063     -4.166885620607709E-4    6.249999999999999E-4
-0.0019809896671045277    -5.427633588792518E-4    5.0E-4
-0.0017102997891084801    -9.082610093237901E-4    0.0010000000000000002
-0.001720778366557879     -9.545002455612411E-4    8.125E-4
-0.0016710505544466972    -0.001053749954556215    0.001
-0.0016159582721834284    -0.0012384075479143605   0.001
-0.0016878977406666119    -0.0013104556125314388   8.00406873530876E-4
-0.001469178400987525     -0.0014554295491995754   8.749999999999999E-4
-0.0013683786926514752    -0.001612605602184845    8.75E-4
-0.0014835679205215243    -0.0013812625405235253   0.0010000000000000002
-0.0015929296216040017    -0.0010578486388804712   8.749999999999999E-4
-0.0018254600775660344    -8.145479110598427E-4    5.000000000000001E-4
-0.0018880092309931274    -7.08589813970614E-4     6.25E-4
-0.0017268597147232989    -8.492477296364049E-4    6.25E-4
-0.0017118165923016926    -9.070050786276172E-4    5.0E-4
-0.0016740241082218374    -0.0010502577464577413   5.000000000000001E-4
-0.0016458898705724642    -9.345142749418099E-4    6.562499999999999E-4
-0.0016231956586012014    -0.0012332203481439017   5.000000000000001E-4
-0.0016304502252177746    -0.0010582293951132927   6.25E-4
-0.0015019957159734718    -0.0013193652602029244   8.490376190573643E-4
-0.0014199367222897013    -0.001968431298811399    5.000000000000001E-4
-0.0014551134806973156    -0.002099554070441341    6.25E-4
-0.0014014958389774613    -0.0017644149934834573   6.25E-4
-0.0013271132683055024    -0.0021388088742721866   5.000000000000001E-4
-0.001264573000531091     -0.0020975462047051925   6.25E-4
-0.0010440514574925888    -0.002443460164371835    8.75E-4
-9.832896463429983E-4     -0.0024875978526898643   0.0010000000000000002
-0.0012287081664411198    -0.002311047099417751    5.000000000000002E-4
-8.350877589835902E-4     -0.002999999999999999    5.000000000000001E-4
-9.20662702202299E-4      -0.002828300840870256    6.688585570841061E-4
-0.0010239582058629707    -0.00272047226148234     6.06358557084106E-4
-9.334928608479729E-4     -0.002827761774854437    5.000000000000002E-4
-0.0010683556156772678    -0.002398064655350229    6.25E-4
-0.0011303030645767398    -0.002483285324563313    5.000000000000001E-4
-0.0010980617008387273    -0.0026400051264532667   6.521957574969252E-4
-0.0010318979627123573    -0.002655523549708875    5.000000000000001E-4
-0.001019153064745076     -0.002527063635537461    6.250000000000001E-4
-0.0013628590094723336    -0.0014614379157617844   0.001
-0.0012928705873207985    -0.0016251984409580392   0.001
-0.0012652326919861522    -0.001709634804166818    8.75E-4
-0.0010434586386176468    -0.0021865403360290083   8.75E-4
-0.0011406781027321468    -0.0020157396202589626   8.75E-4
-0.001173731985360595     -0.0017943905416281725   0.0010000000000000002
-0.0010793234727076145    -0.001975195705379727    0.001
-0.0010252667527567794    -0.0020693399145631118   8.75E-4
-0.0015450164423098903    -0.0012622057725931392   6.89206860113741E-4
-0.0014811136770278184    -0.001363756528761423    5.000000000000001E-4
-0.0014537768959390423    -0.0014225127989617567   6.25E-4
-0.0014982116143320541    -0.0015059288655415062   5.000000000000001E-4
-0.001247702610090727     -0.0015783607011190042   8.749999999999999E-4
-0.0014119752211333185    -0.0016450783970291681   5.0E-4
-0.0013072549269969869    -0.0015883006791545685   6.25E-4
-0.001313033613031981     -0.0018039269554087042   5.000000000000001E-4
-0.001310250864421841     -0.0019269989609638591   6.25E-4
-0.00128395734384808      -0.001713671343056987    6.25E-4
-8.507981670134692E-4     -0.002529219899600737    8.75E-4
-7.1385621342692E-4       -0.0028711807084847076   7.923450498484969E-4
-7.252694352730634E-4     -0.002849471241669572    6.461725249242486E-4
-6.382775552548258E-4     -0.0029999999999999996   5.000000000000002E-4
-0.0022000000000000006    1.0358983848622518E-4    0.001
-0.002220960476755525     -3.0027917425995147E-5   8.749999999999999E-4
-0.00227505186165113      1.0968385041945523E-4    8.749999999999999E-4
-0.0022250000000000004    2.3349364905389045E-4    8.749999999999999E-4
-0.0024000000000000037    4.5000000000000015E-4    5.0E-4
-0.0023717762739217277    2.612382960817319E-4     6.037114017130468E-4
-0.0023368976490823834    4.5000000000000015E-4    6.648456068521873E-4
-0.0022809488245411932    3.4174682452694507E-4    6.449228034260936E-4
-0.0022705845607311824    4.5000000000000015E-4    8.320671128052304E-4
-0.002310344142016721     2.828889311763427E-4     7.910335564026151E-4
-0.002199999999999998     4.500000000000001E-4     0.001
-0.0021477177458672897    3.4174682452694507E-4    8.537359198289768E-4
-0.002093223202198866     -7.065953908379609E-5    0.001
-0.0021477155176939313    7.063452068088056E-5     8.593749999999999E-4
-0.0020999999999999986    2.7679491924311253E-4    0.001
-0.0022750518616511312    1.0968385041945457E-4    6.249999999999999E-4
-0.002025000000000001     2.3349364905389045E-4    8.749999999999999E-4
-0.002300000000000005     2.767949192431121E-4     5.0E-4
-0.0018275846106861685    -8.147421716063314E-4    0.001
-0.001889071497553194     -7.086869442438585E-4    8.749999999999999E-4
-0.0016430322698258533    -9.348279076501357E-4    9.062499999999999E-4
-0.001988155526547298     -2.4556041530902385E-4   0.001
-0.0019894710754952975    -1.5834060132268566E-4   8.749999999999999E-4
-0.001876252920659508     -4.114071761342256E-4    0.001
-0.0019134056525398643    -5.070194465078056E-4    8.749999999999999E-4
-0.001897019873482666     -3.723656592633967E-4    8.749999999999999E-4
-0.001807876733657599     -6.077054948014108E-4    0.001
-0.0018070279199083323    -5.67170030462393E-4     8.749999999999999E-4
-0.002200000000000003     1.0358983848622345E-4    5.0E-4
-0.002225000000000003     2.3349364905389045E-4    6.249999999999999E-4
-0.0022209604767555262    -3.0027917425996146E-5   6.249999999999999E-4
-0.002092253066056149     -7.132734490450853E-5    5.0E-4
-0.0017261013131266922    -8.498756949844912E-4    8.75E-4
-0.001658345596723774     -7.68432850230543E-4     0.001
-0.0017181947212554507    -4.713034654422721E-4    8.749999999999999E-4
-0.0019894830236870924    -2.4643580627674126E-4   5.0E-4
-0.0020408620707757234    -1.1483397311359718E-4   6.875E-4
-0.0015652861730938283    -9.1515556973903E-4      0.001
-6.565052771557208E-4     -0.0028501899963573308   8.961725249242485E-4
-5.372657008953629E-4     -0.003                   6.740984010364078E-4
-6.197641284130407E-4     -0.003                   8.346290332905272E-4
-5.663361831046961E-4     -0.002892932618648293    8.548145166452636E-4
-5.031205145199012E-4     -0.003                   0.001
-7.045221903380302E-4     -0.0027647896384723077   8.961725249242485E-4
-5.991543408845204E-4     -0.002829199284229955    0.0010000000000000002
-9.832896463429983E-4     -0.002145996421149773    0.001
-8.872558199783795E-4     -0.002316797136919818    0.0010000000000000002
-0.0010009806555968332    -0.002322759461828225    8.515625E-4
-8.803267848974405E-4     -0.0022403203190050967   8.75E-4
-6.951881672491392E-4     -0.002658398568459909    0.0010000000000000002
-7.3475705754157E-4       -0.0026357906582850765   8.125000000000001E-4
-7.912219936137607E-4     -0.0024875978526898634   0.0010000000000000002
-0.0019376009862394103    -2.4622873491915816E-4   6.249999999999999E-4
-0.0018776462138343436    -4.111498326309698E-4    5.0E-4
-0.0019141022991272826    -5.068907747561777E-4    6.249999999999999E-4
-0.0018010458433843851    -6.095933435153324E-4    5.0E-4
-0.0017469263704527212    -5.159310314176679E-4    5.937499999999999E-4
-0.0016972347421401939    -6.282645387739413E-4    6.249999999999999E-4
-0.0014981395471140649    -0.0010831515223360048   0.001
-0.0015586403200946862    -0.00119209130579531     8.026031839591421E-4
-0.001448913315756989     -0.0011592964848956694   8.125E-4
-0.0014485853205835394    -0.0012255786342294866   0.001
-0.0012996573491868444    -0.0013856770526356602   8.75E-4
-0.0013375706780642416    -0.0013144369360025923   0.0010000000000000002
-0.0014862053472371503    -9.981871672836528E-4    8.749999999999999E-4
-0.0016587266103412716    -7.679195310984501E-4    5.0E-4
-0.0013505379501535517    -0.0010869487800413205   8.90625E-4
-0.0015710013745870487    -9.145283043223789E-4    5.0E-4
-0.0015023176272464644    -8.794750311251775E-4    6.25E-4
-0.0016196567557342334    -7.907250044871801E-4    7.03125E-4
-0.0014306740801583809    -0.0012785699822378293   6.25E-4
-0.0015027021299807248    -0.001078652132981474    5.0E-4
-0.0014492413109304383    -0.001093014335561852    6.249999999999999E-4
-0.0014520059827707304    -0.0012180432320936514   5.0E-4
-0.0013184318305593413    -0.001243896140138197    8.125000000000001E-4
-0.0013529575416010818    -0.0012862221290307284   5.000000000000001E-4
-0.0012287081664411215    -0.0019665706491266265   5.000000000000001E-4
-0.0012089234408370804    -0.0018443455100445498   6.25E-4
-0.0011175581666094594    -0.0022690656751629974   6.25E-4
-0.0011303030645767398    -0.002138808874272189    5.000000000000001E-4
-0.001172540701572322     -0.0021626746051505974   6.875E-4
-0.00111696534773452      -0.0020114270921324116   6.25E-4
-8.507981670134692E-4     -0.0023577004291429325   8.75E-4
-0.0010318979627123573    -0.0023110470994177497   5.000000000000002E-4
-0.0010440507496486439    -0.0021404260723196437   6.25E-4
-9.484498428159302E-4     -0.0024206991014508543   6.064453125000001E-4
-7.366826571192069E-4     -0.0028277617748544365   5.000000000000002E-4
-7.497976915535322E-4     -0.0027313269948899075   6.355862624621242E-4
-8.951721984237923E-4     -0.002699301860683024    6.688585570841061E-4
-8.350877589835904E-4     -0.0026555235497088743   5.000000000000002E-4
-9.334928608479738E-4     -0.0024832853245633124   5.000000000000002E-4
-8.489811519057232E-4     -0.0024841940653501033   6.250000000000001E-4
-0.0011899725208276571    -0.0014322573728893133   0.001
-9.098554027814117E-4     -0.00212294020886726     8.75E-4
-8.873032064284636E-4     -0.0019751295238635757   0.0010000000000000002
-0.0010825104655164735    -0.0016276920623792134   0.0010000000000000002
-0.0011468131008870624    -0.0017928923136583481   8.593750000000001E-4
-9.83372202516545E-4      -0.0018043765749007476   0.001
-0.0010189701506998275    -0.0019300905914791135   8.75E-4
-0.0013082403868202586    -0.0014551120572274942   5.0E-4
-0.001227036985549937     -0.0013751091495330808   6.25E-4
-0.001010863427892547     -0.0017448757201020645   8.437500000000001E-4
-8.972621986675084E-4     -0.0018444415626992642   8.75E-4
-0.0010930518778171831    -0.001481008666598262    8.75E-4
-0.0012150967448936525    -0.0016307885496706254   5.000000000000001E-4
-0.0011570344053655058    -0.0014932672740716742   6.25E-4
-0.0011303030645767433    -0.0017943324239810647   5.000000000000001E-4
-0.0011664188487186988    -0.001662927692630517    6.25E-4
-6.73289824727105E-4      -0.0025881129318050273   8.906250000000001E-4
3.892284085176958E-4      -0.0029758931694904      8.690133156698878E-4
4.2209489957824775E-4     -0.0029681347108003824   8.720091889396447E-4
4.0292403810109827E-4     -0.0029517863389807997   8.968626966596885E-4
3.999999999999999E-4      -0.002999999999999999    8.968626966596886E-4
4.3038449765337404E-4     -0.002999999999999999    8.59485369095718E-4
4.165948155671561E-4      -0.003                   8.160218109098488E-4
4.442824930639678E-4      -0.00296346736817189     8.428279062810004E-4
4.5767410468669837E-4     -0.002999999999999999    8.19792061098662E-4
-5.336785799937265E-4     -0.002849473133648577    6.49549200518204E-4
-5.398724533904444E-4     -0.002827761774854437    5.000000000000002E-4
-6.284967516622487E-4     -0.0026989424833391454   6.250000000000001E-4
-4.41467351526061E-4      -0.0029999999999999996   5.000000000000002E-4
-4.1157844137306506E-4    -0.002892791228509575    6.055617419131028E-4
-3.419256205813841E-4     -0.003                   6.722469676524114E-4
4.816903750828438E-4      -0.002999999999999999    7.780367971749086E-4
4.285247669674984E-4      -0.003                   7.762609434106782E-4
4.702693327721226E-4      -0.0029607382795811023   8.028829502165192E-4
5.022809023074607E-4      -0.002999999999999999    7.344901508319563E-4
4.602224944909863E-4      -0.003                   7.398707165952828E-4
4.938777558075506E-4      -0.0029573118898785066   7.596347493954013E-4
-0.002                    1.0358983848622518E-4    0.001
-0.002019932806201735     -2.8175089499550502E-5   8.749999999999999E-4
-0.0022000000000000014    4.500000000000001E-4     5.0E-4
-0.002135615016666391     4.500000000000002E-4     6.659188615545006E-4
-0.0021766151706209104    3.0149256030433845E-4    7.495489307042157E-4
-0.002070435491734579     4.500000000000002E-4     8.324718396579536E-4
-0.002042886199225101     3.200961894323342E-4     7.080643050058163E-4
-0.001999999999999999     4.500000000000001E-4     0.001
-0.0018911918070372343    -7.621120652177458E-5    0.001
-0.0019369372376695133    -2.4579103943529957E-4   8.749999999999999E-4
-0.0018449414416079736    -2.1660337172960402E-5   9.036290190628634E-4
-0.0018999999999999998    2.767949192431121E-4     0.001
-0.001897382152357426     1.3539630662236953E-4    8.645160762514539E-4
-0.0019192006781602654    3.1451615953223853E-4    7.756853493489688E-4
-0.0020613577588469655    1.0876281467816315E-4    6.171874999999999E-4
-0.002100000000000002     2.767949192431121E-4     5.0E-4
-0.0017006501872768006    -6.273206144169805E-4    8.749999999999999E-4
-0.001545989738314827     -8.064273040792597E-4    8.749999999999999E-4
-0.0017810372633916757    -2.4590034277890364E-4   0.001
-0.001844735537747649     -1.1397792179667406E-4   8.125E-4
-0.001784556197527687     -3.279140847143945E-4    8.749999999999999E-4
-0.001686909132409902     -4.264810571845642E-4    0.001
-0.0015873833687957478    -5.913627207255402E-4    0.001
-0.002                    1.0358983848622388E-4    5.0E-4
-0.001919963615306905     -3.033087911606997E-5    6.249999999999999E-4
-0.0018932848204092061    -7.497111831683513E-5    5.0E-4
-0.001478043147792013     -7.591508159143496E-4    0.001
-0.0014133706770291929    -8.382899392980422E-4    8.749999999999999E-4
-0.0015934391035504775    -4.90793212069304E-4     8.125E-4
-0.001783282371036159     -2.4648291181412693E-4   5.0E-4
-0.0017852528441151046    -3.2778541296276666E-4   6.249999999999999E-4
-0.0018178594743958648    -1.1451718272689689E-4   6.875E-4
-0.0013855343522605887    -9.301732907984613E-4    0.001
3.755327789342934E-4      -0.003                   8.411639346800874E-4
-4.014910217098558E-4     -0.002892791228509575    7.729537178136722E-4
-4.212925121996429E-4     -0.003                   8.347839518011387E-4
-2.2292152096666656E-4    -0.003                   8.295172035860197E-4
3.491645850377857E-4      -0.003                   8.742854464755161E-4
4.010366984124466E-4      -0.002971220076679063    9.274460351594527E-4
3.9999999999999986E-4     -0.002999999999999999    9.431129868067987E-4
3.652274103628161E-4      -0.003                   9.133338581327235E-4
3.351028102011722E-4      -0.0029337090484845775   8.59085326787061E-4
3.569178793125366E-4      -0.0029392501642653613   9.208984894337984E-4
3.525893135055359E-4      -0.003                   9.513753840012174E-4
4.116263966243783E-4      -0.002904274031094796    8.968626966596887E-4
3.7336460341277493E-4     -0.002918991539789687    8.779740117233749E-4
4.288154989512968E-4      -0.00293421678167615     8.691088526650806E-4
4.059088701519712E-4      -0.0029315005009134796   9.362451565787488E-4
4.0121693069088176E-4     -0.002968822064975383    9.5738739690761E-4
3.9999999999999986E-4     -0.002999999999999999    0.0010000000000000002
-3.110805405261594E-4     -0.003                   0.001
-4.07100527523031E-4      -0.002829369057623758    0.0010000000000000002
-5.129082377963519E-4     -0.0027858652372965867   8.75E-4
-5.029765962747653E-4     -0.0026586508413037812   0.0010000000000000002
-7.911543151226923E-4     -0.002145905060567021    0.0010000000000000002
-7.048932695637647E-4     -0.002443480759226021    8.75E-4
-6.949666845325869E-4     -0.0023167486753647645   0.0010000000000000002
-7.9745130064712E-4       -0.0022082279541269976   8.437500000000001E-4
-5.988581529993726E-4     -0.0024876804631793906   0.0010000000000000002
-5.504331455605716E-4     -0.0026254123361890264   8.437500000000001E-4
-6.10079271141376E-4      -0.0023657522031187276   8.75E-4
-0.001691083886544399     -4.2454625259854975E-4   5.0E-4
-0.0016464034487605305    -3.3254452117377785E-4   5.937499999999999E-4
-0.0015861731229150303    -5.936843905560885E-4    5.0E-4
-0.0015680141655957506    -4.6346367000922877E-4   6.249999999999999E-4
-0.001496986946170783     -7.486556418345711E-4    6.249999999999999E-4
-0.001305226332838875     -0.00112538557017055     0.0010000000000000002
-0.0013187360553568238    -9.806032613637555E-4    8.75E-4
-0.0012031052086922452    -0.0012663578638597238   0.001
-0.0012275214835726518    -0.0011486955478943867   8.75E-4
-0.0011602043428485798    -0.0013788884503455497   8.75E-4
-0.0010921740060785765    -0.0013048285413327747   0.001
-0.0014916562650951015    -6.178362525439647E-4    6.249999999999999E-4
-0.0014824697030744382    -7.603602679080363E-4    5.0E-4
-0.0010806473227719868    -0.0012121634432490063   8.75E-4
-0.001389224612019747     -9.296926999416031E-4    5.000000000000001E-4
-0.0013620060824958444    -8.038523840090926E-4    6.25E-4
-0.0013659190282767886    -9.814633073251238E-4    6.25E-4
-0.0013116062796471656    -0.0011198276273548598   5.0E-4
-0.0012998528185511563    -0.001229379859321028    6.875E-4
-0.001208700222553109     -0.0012473860678965647   6.25E-4
-0.0011994931624806533    -0.0012853839423445609   5.000000000000001E-4
-7.762521669451768E-4     -0.002059340081705512    8.75E-4
-6.976180595724916E-4     -0.0019816099923974663   0.0010000000000000002
-7.745421080962506E-4     -0.0019551539779516175   8.906250000000001E-4
-6.483902414123827E-4     -0.0020961530938107186   8.75E-4
-0.0010318979627123607    -0.0019665706491266257   5.000000000000002E-4
-0.001019154016664867     -0.001839547789735515    6.25E-4
-9.334928608479747E-4     -0.0021388088742721866   5.000000000000001E-4
-9.711361515627678E-4     -0.002269425052506876    6.25E-4
-9.248604321105779E-4     -0.0020766902183159586   6.562500000000001E-4
-8.350877589835904E-4     -0.002311047099417749    5.000000000000001E-4
-8.235269455688462E-4     -0.002183304879295819    6.25E-4
-5.300914590920907E-4     -0.002698946267297154    6.25E-4
-6.382775552548244E-4     -0.002655523549708876    5.000000000000002E-4
-7.743259478340009E-4     -0.002613182748110243    6.250000000000001E-4
-7.366826571192069E-4     -0.002483285324563313    5.000000000000002E-4
-6.77623601316488E-4      -0.0024413244951627454   6.250000000000001E-4
-8.969924286713306E-4     -0.0016690671825067846   8.75E-4
-9.835691227737106E-4     -0.0014304943719165549   0.0010000000000000002
-9.180461666890806E-4     -0.0015318759591283599   8.75E-4
-0.0010207513365103151    -0.001372099848055439    8.75E-4
-7.975912781268872E-4     -0.001804341882630083    0.0010000000000000002
-8.867636664361082E-4     -0.0016243807634786168   0.001
-7.763658358272697E-4     -0.00176160166089345     8.75E-4
-0.0011115341778703564    -0.0014550115868633793   5.0E-4
-0.0010881828262459946    -0.001407240152155592    6.875E-4
-0.0010192156661058558    -0.0016268504758996819   5.000000000000001E-4
-0.0010385138872476215    -0.0016953486067199125   6.5625E-4
-0.001001635518678195     -0.0014277440448976217   5.9375E-4
-9.124120656186891E-4     -0.0019262510770238943   6.5625E-4
-9.334947646875546E-4     -0.001794331514790635    5.000000000000001E-4
-8.740512558714623E-4     -0.0017182283182144615   6.328125E-4
-5.100022295583844E-4     -0.002443081188106943    8.75E-4
3.9218681575374476E-4     -0.0029442764900761468   8.423140101124593E-4
3.7182952076957976E-4     -0.003                   7.817503403569062E-4
4.1277058990258215E-4     -0.0029471046970692945   8.055087351407466E-4
4.580015909570858E-4      -0.00292494115116321     8.318706936636751E-4
4.4191846702856894E-4     -0.0028933314142705942   8.64791921651343E-4
4.0852481805402356E-4     -0.002904359652606818    8.542089852756009E-4
-4.1869042728057013E-4    -0.002641713907893282    8.479733132822536E-4
4.5145555144177757E-4     -0.002913217045602465    7.918800092022105E-4
4.882399653002978E-4      -0.0029113557909173794   7.888728670107713E-4
4.7123215757884876E-4     -0.002883157467530941    8.300183197145961E-4
4.7123068413434417E-4     -0.002927324015882483    7.446593655284453E-4
5.120780609754487E-4      -0.0029157265399288655   7.397956245886764E-4
5.13709447614191E-4       -0.0029582412987272603   7.136304083993971E-4
5.193109683250098E-4      -0.002999999999999999    6.89431730437926E-4
5.292147400599237E-4      -0.0029586855745336706   6.67721535865126E-4
4.955898365495365E-4      -0.0029999999999999996   6.563852237409695E-4
5.326722387409609E-4      -0.0029999999999999996   6.431526206223446E-4
4.962255131893916E-4      -0.0029317876519136627   6.732908846514985E-4
5.301574008867266E-4      -0.0029178450841010253   6.935393380630112E-4
5.480659627950866E-4      -0.002999999999999999    5.481304801856034E-4
5.509451071949155E-4      -0.0029691507374721314   5.338956963034327E-4
5.088362246921633E-4      -0.003                   5.480995386253532E-4
5.478503669302795E-4      -0.002965029039166053    5.738578153701603E-4
5.422779561781554E-4      -0.002999999999999999    5.95950767205454E-4
5.499999999999998E-4      -0.002999999999999999    5.000000000000002E-4
5.025121164223445E-4      -0.0029634729586890726   6.373570819047493E-4
5.408453603608607E-4      -0.002959766540358859    6.20667667524229E-4
4.938775706706807E-4      -0.0029999999999999996   6.103615376342434E-4
5.112507245735285E-4      -0.0029499743875440144   5.817112528928267E-4
-4.4146697011450756E-4    -0.002655531117624893    5.000000000000001E-4
-4.776991437434571E-4     -0.0025728284886861017   6.25E-4
-2.3881304052596878E-4    -0.0028803614957072982   7.128537394051275E-4
-3.4307473334822206E-4    -0.0028277693426872128   5.000000000000001E-4
-4.0387432706229785E-4    -0.0026801797949709723   6.465308709565514E-4
-1.478964680336895E-4     -0.003                   6.699676552235313E-4
-2.4468211517038416E-4    -0.0029999999999999996   5.000000000000002E-4
-2.6174543968576997E-4    -0.002811561709878817    6.055617419131028E-4
4.303833072932398E-4      -0.0029389214918361006   7.495231064682143E-4
4.5788232087333333E-4     -0.0029575954828221754   7.231434120322418E-4
4.679996665813218E-4      -0.003                   6.958333595082621E-4
4.027773675036115E-4      -0.003                   7.11879954536156E-4
4.4388626376599244E-4     -0.003                   6.427757540097845E-4
-0.0018000000000000004    1.0358983848622431E-4    0.001
-0.0019714430996125507    2.9844555433772334E-4    6.040321525029081E-4
-0.0020000000000000005    4.5000000000000004E-4    4.999999999999999E-4
-0.0019357723984502005    4.500000000000001E-4     6.661286100116328E-4
-0.0018704246150500136    4.5000000000000015E-4    8.325690129645926E-4
-0.0017999999999999982    4.5000000000000004E-4    9.999999999999998E-4
-0.0016999999999999993    -6.96152422706626E-5     0.001
-0.0016500000000000004    -1.5621778264910622E-4   8.749999999999999E-4
-0.0017473677688738243    -4.849531184444639E-5    8.4375E-4
-0.0016499999999999998    1.698729810778127E-5     8.749999999999999E-4
-0.00179551515709543      3.089361296321429E-4     8.433063936921215E-4
-0.001720605699140846     1.6787225926428615E-4    8.540437744196502E-4
-0.0016999999999999984    2.7679491924311253E-4    0.001
-0.0017884958923202361    3.4107734002117394E-4    6.871313232589509E-4
-0.0018999999999999998    2.7679491924311253E-4    5.0E-4
-0.0018717900012852331    1.4622162416967562E-4    6.11025308974186E-4
-0.0014910413805502296    -6.182367413782446E-4    8.749999999999999E-4
-0.0015999999999999999    -2.4282032302754995E-4   0.001
-0.0015934545662049525    -3.346506901060576E-4    8.749999999999999E-4
-0.001500000000000003     -4.1602540378443643E-4   0.001
-0.0014431180555808897    -2.75265418576595E-4     8.749999999999999E-4
-0.0014386387458560025    -5.062748979411636E-4    8.749999999999999E-4
-0.001394249904864414     -7.077036443709487E-4    8.749999999999999E-4
-0.0013886591202044562    -5.89537748723939E-4     0.001
-0.0018000000000000013    1.0358983848622562E-4    5.0E-4
-0.0017500000000000007    1.6987298107781602E-5    6.249999999999999E-4
-0.0017000000000000027    -6.96152422706626E-5     5.0E-4
-0.0016839297371979334    -1.353674826880024E-4    6.562499999999999E-4
-0.0012870264677158124    -7.628678843995124E-4    0.001
-0.0012807516157435596    -8.701525745168246E-4    8.749999999999999E-4
-0.0016000000000000033    -2.4282032302755255E-4   5.0E-4
-0.0015500000000000021    -1.5621778264910787E-4   6.249999999999999E-4
-0.0011922692372589496    -9.422388365032399E-4    0.0010000000000000002
3.12081512237071E-4       -0.003                   8.177062192271599E-4
3.600411900187099E-4      -0.002941083399935632    7.321933159226659E-4
3.0370507770279345E-4     -0.003                   7.262582721326502E-4
3.6227873192924226E-4     -0.002920418269351911    8.126188312852739E-4
-3.037979678615997E-4     -0.0028122681645049575   8.555617419131028E-4
-1.625576260613695E-4     -0.0028917700147319046   8.49227426192713E-4
-2.178785517557998E-5     -0.003                   8.161390095217623E-4
-1.1981285610480342E-4    -0.003                   0.0010000000000000002
-2.2590640450313032E-4    -0.002838953871990766    0.0010000000000000002
3.079268884731022E-4      -0.0029469998276172443   9.055518222888481E-4
2.8705742473389396E-4     -0.003                   9.084487822717407E-4
2.81882673254861E-4       -0.0029282494047777486   8.433853936301612E-4
2.1436475284195228E-4     -0.003                   8.03181022015124E-4
3.199566945870645E-4      -0.002967571100710491    9.542243911358704E-4
3.226238752029715E-4      -0.003                   0.0010000000000000005
2.0041647566231105E-4     -0.0029282494047777486   8.718610174407328E-4
1.491491170519713E-4      -0.003                   8.746574668483032E-4
1.1855162082379314E-4     -0.003                   7.47554131712376E-4
2.1638293940743684E-4     -0.003                   0.0010000000000000005
3.918304385076646E-4      -0.002877372307682648    8.856698793816251E-4
4.2599415744136394E-4     -0.0028581580541783345   8.968626966596886E-4
4.0831084845746607E-4     -0.0028373162816871978   8.699220795991285E-4
4.590368868187268E-4      -0.002848534526269572    8.640861870967305E-4
3.8504745878489594E-4     -0.0028993547297018313   9.286559706882939E-4
3.5285596444023515E-4     -0.0029351422014209836   0.0010000000000000002
4.3046801890623073E-4     -0.002805098813700122    8.906709917426839E-4
4.458178724826411E-4      -0.002814110656423876    8.968626966596887E-4
4.174583712352585E-4      -0.002883115859664285    9.440645365829524E-4
4.080084537276325E-4      -0.0029203915384650894   0.0010000000000000002
3.584685209454139E-4      -0.0028944354283088666   9.604492447168992E-4
4.3526089284913195E-4     -0.002835788600533374    9.271779655531565E-4
-3.1077298264123657E-4    -0.0026595855366852036   0.0010000000000000002
-4.014399136030005E-4     -0.002486798710451708    0.0010000000000000002
-5.881905648081592E-4     -0.0021476640071575654   0.0010000000000000002
-6.850471985128281E-4     -0.002293515699386735    8.125000000000001E-4
-4.93095640355881E-4      -0.002309179235850063    0.0010000000000000002
-5.152652727189865E-4     -0.0022880236470114337   8.75E-4
-0.0015000000000000005    -4.1602540378444207E-4   5.0E-4
-0.0014389461881284388    -5.060746535240251E-4    6.249999999999999E-4
-0.0015000000000000015    -3.294228634059967E-4    6.249999999999999E-4
-0.0013898888892942005    -5.887367710553791E-4    5.0E-4
-0.0013336172067321256    -6.699966611575431E-4    6.25E-4
-0.001094143863272651     -0.0011388873026686062   0.001
-0.0011237787479697122    -0.0010724149943892797   8.749999999999999E-4
-9.868148775873456E-4     -0.0012633927986264023   0.001
-0.0012825967456231387    -8.699122790883955E-4    6.25E-4
-0.0012903782850858083    -7.632830100902091E-4    5.0E-4
-9.39269179367755E-4      -0.0012021523732574514   8.90625E-4
-8.726070409554604E-4     -0.0013070811899908634   0.001
-0.0010200360123667723    -9.961344408841726E-4    8.749999999999999E-4
-0.0011970861848709128    -9.423309642723416E-4    5.000000000000001E-4
-0.001224511971661985     -9.866820981006955E-4    6.25E-4
-8.713222889342923E-4     -0.00138596345404311     8.75E-4
-0.0011903634595562815    -0.0011196629862600489   6.25E-4
-0.0011005174892436999    -0.00110830249894866     5.0E-4
-0.0010879844396132685    -8.728862521451438E-4    6.25E-4
-0.001035620925819546     -0.0012032070612227822   6.25E-4
-0.0010021212121736943    -0.0012869157772803265   5.000000000000001E-4
-6.565737711065733E-4     -0.0018512589965592396   8.75E-4
-6.013098328031333E-4     -0.0018147803797857606   0.0010000000000000002
-5.205283158795878E-4     -0.0021329661059159245   8.75E-4
-6.094434328888038E-4     -0.001973588100172268    8.75E-4
-5.07688964282659E-4      -0.001976296325399786    0.001
-8.226662370487833E-4     -0.0018410345640616766   6.25E-4
-8.350880621998446E-4     -0.001966568646919036    5.000000000000001E-4
-7.366795507245151E-4     -0.0021388067529956364   5.000000000000001E-4
-7.33203416114779E-4      -0.0019483675282332767   6.25E-4
-8.056701145725113E-4     -0.002012954364312274    6.875000000000001E-4
-6.382709380281636E-4     -0.002311046868344967    5.000000000000002E-4
-6.526998317256357E-4     -0.002178990888135364    6.40625E-4
-6.61659068270496E-4      -0.0023022812838658507   6.562500000000001E-4
-5.398656396399951E-4     -0.0024832889929953224   5.000000000000001E-4
-5.756307343608276E-4     -0.002366906875042749    6.40625E-4
-7.867578198380555E-4     -0.0016053188591079975   8.75E-4
-7.775031152443971E-4     -0.0014462529748292662   0.0010000000000000002
-7.021378843099458E-4     -0.0016359820282172994   0.0010000000000000002
-7.218932413582696E-4     -0.0013998270600307813   8.75E-4
-6.55469472987031E-4      -0.0016787617590876352   8.75E-4
-9.150882111103953E-4     -0.0014482479376396516   5.000000000000001E-4
-9.254362746941413E-4     -0.0015954220723672467   6.40625E-4
-8.834497514443617E-4     -0.00131410660425432     5.9375E-4
-8.123586621406616E-4     -0.001495495538014581    6.25E-4
-8.236210519197342E-4     -0.0016249208418385591   5.000000000000001E-4
-7.260573592475323E-4     -0.0017938652342679706   5.000000000000001E-4
-7.820384438574281E-4     -0.001621370561082248    6.640625E-4
-3.475420842522228E-4     -0.002464060095210544    8.229815340133978E-4
-3.604287937252138E-4     -0.002349094469661726    8.593750000000001E-4
-4.100310042140863E-4     -0.00244176810722761     6.68476783557506E-4
-3.3493142626503294E-4    -0.002494177858846403    5.000000000000001E-4
-3.4471757892233653E-4    -0.0025630257850977507   6.404136814111601E-4
4.742363417945515E-4      -0.002875681075572671    7.428597585444131E-4
5.162308359701226E-4      -0.00287351916747314     7.629342475630756E-4
4.970876563941408E-4      -0.0028660938136165007   8.013902580624417E-4
4.8047985956844037E-4     -0.002809311739737142    8.627773158147083E-4
4.906156664033651E-4      -0.0028382324210646575   8.30337728225424E-4
4.4868877934151026E-4     -0.0028291342629252385   8.23740733264535E-4
4.172667570972672E-4      -0.0028604037907908057   8.28713580035348E-4
4.708066382044374E-4      -0.0027727739950375798   8.968626966596885E-4
4.544022777072025E-4      -0.0027770138840796862   8.599180700963975E-4
5.062047903287177E-4      -0.002769724499581689    8.643401623922356E-4
-1.2847625837839384E-5    -0.0028998832102743945   8.010926751301236E-4
6.359277816119849E-5      -0.003                   0.0010000000000000002
5.442177103735276E-4      -0.0029189720988343163   6.470931897215651E-4
5.094343962951527E-4      -0.0029269459173781463   6.183289400685291E-4
5.529078468215724E-4      -0.0029247344845712607   5.994602782162877E-4
5.592582295991929E-4      -0.002926847372783467    5.439335467816196E-4
5.352891185473382E-4      -0.002877514863647176    7.197122861972904E-4
5.52107221236511E-4       -0.0028793853509934977   6.736519446367762E-4
5.124602545670958E-4      -0.002863958738937726    6.859092084797657E-4
4.6577379640654233E-4     -0.002852807641071249    7.729860657570072E-4
5.217735509281431E-4      -0.0028306329159132238   7.917758279627929E-4
4.555421472556807E-4      -0.0029151909656443507   7.064161074692008E-4
4.62293625492057E-4       -0.0029457302197263007   6.530424312399859E-4
4.8070098721812135E-4     -0.0028914604394526004   6.633091084701874E-4
4.982616267842859E-4      -0.002945723563505959    5.447823452077467E-4
4.473412806917848E-4      -0.003                   5.680200594851848E-4
5.548078168996051E-4      -0.0029512279645827655   5.000000000000002E-4
5.218721713517943E-4      -0.0029565273910899404   5.000000000000002E-4
4.935134524208145E-4      -0.002999999999999999    5.000000000000002E-4
4.7465108221677764E-4     -0.002934919735921977    5.895646904154932E-4
5.697062643757998E-4      -0.002890384396487197    5.776862725996814E-4
5.790680661048619E-4      -0.0028797656391152658   5.428179133695054E-4
5.059473180374633E-4      -0.002884882975141935    5.612343089037139E-4
5.491324132979266E-4      -0.0028530048928376165   5.54132605814322E-4
5.892274298415756E-4      -0.002855523421707148    5.813163266865448E-4
5.261006189691006E-4      -0.0029081026687563195   5.000000000000002E-4
5.690305281605481E-4      -0.0029043291539850363   5.000000000000002E-4
-2.3783757875250108E-4    -0.0026642668361209023   5.000000000000002E-4
-1.4180134815146989E-4    -0.002837540962738484    5.000000000000002E-4
-1.1118514372423552E-4    -0.002671493345912862    6.235161420082907E-4
3.851357308409082E-5      -0.0030000000000000005   6.464742546394227E-4
-5.211007778442989E-5     -0.002821562979778799    6.265762550645202E-4
-5.1110820896995416E-5    -0.0029999999999999996   5.000000000000002E-4
4.1701097052656395E-4     -0.002932537897402088    6.724794167067598E-4
3.5099264498881166E-4     -0.0030000000000000005   6.097403714860143E-4
2.0274829181309104E-4     -0.0029999999999999996   6.49860745734963E-4
1.2746221363253333E-4     -0.0028759750026246785   6.546662448371224E-4
1.3284950200848859E-4     -0.002999999999999999    5.000000000000002E-4
2.60509864269298E-4       -0.0029055897453870183   6.344626568840627E-4
3.9639431761198294E-4     -0.0029451049872726933   5.796691026146987E-4
2.917244623098282E-4      -0.0029999999999999996   5.000000000000002E-4
4.1139618252138393E-4     -0.002999999999999999    5.000000000000002E-4
-0.001599999999999999     1.0358983848622475E-4    0.001
-0.0018                   4.500000000000001E-4     5.0E-4
-0.0017357803863587804    4.500000000000002E-4     6.661750976786012E-4
-0.0016704295211904415    4.5000000000000015E-4    8.325895723366572E-4
-0.001599999999999998     4.5000000000000015E-4    0.001
-0.0015000000000000013    -6.961524227066303E-5    0.001
-0.0015000000000000002    1.6987298107781104E-5    8.749999999999999E-4
-0.0015000000000000022    -1.562177826491072E-4    8.749999999999999E-4
-0.0016980416179646024    2.9286552443762734E-4    6.71598492444213E-4
-0.0014999999999999996    2.767949192431121E-4     0.001
-0.0015852147605952202    2.7679491924311215E-4    7.912947861683285E-4
-0.001499999999999999     1.9019237886466826E-4    8.749999999999999E-4
-0.0016999999999999993    2.7679491924311253E-4    5.0E-4
-0.0016603028495704242    1.3573104887525475E-4    6.77021887209825E-4
-0.0018412113982816918    2.3215468004234762E-4    7.080875488393005E-4
6.056774505872908E-4      -0.002840238849052953    5.433056887578923E-4
-0.0013052283309684097    -5.361409383059936E-4    8.749999999999999E-4
-0.001400000000000002     -2.4282032302755038E-4   0.001
-0.0013862361111617763    -3.9431305450408265E-4   8.749999999999999E-4
-0.001346559027790444     -1.0748842513979602E-4   8.4375E-4
-0.0013000000000000034    -4.1602540378443947E-4   0.001
-0.0012478661105325471    -3.9732492990551653E-4   8.749999999999999E-4
-0.001200000000000004     -5.892304845413281E-4    0.001
-0.0011879844396132674    -6.99681171388258E-4     8.749999999999999E-4
-0.0016000000000000016    1.0358983848622345E-4    5.0E-4
-0.0015500000000000015    1.698729810777994E-5     6.249999999999999E-4
-0.0014500000000000003    -2.4282032302755196E-4   6.249999999999999E-4
-0.0015000000000000005    -6.961524227066564E-5    5.0E-4
-0.0010999999999999994    -7.624355652982176E-4    0.001
-0.0011503938140551664    -9.331435077004986E-4    8.749999999999999E-4
-0.0013862361111617756    -3.943130545040855E-4    6.249999999999999E-4
-0.0013999999999999976    -2.4282032302755255E-4   5.0E-4
-0.0013999999999999993    -6.961524227066297E-5    6.249999999999999E-4
-9.918563229217815E-4     -9.443275929012641E-4    0.001
-0.0010229640807304474    -8.079085721989784E-4    8.749999999999999E-4
1.3415995580636156E-4     -0.002850496250556118    7.682838653767408E-4
-1.3639367149532734E-4    -0.002705288236931998    8.75E-4
2.6526114498616373E-4     -0.0028992578049383514   7.321937040994876E-4
-1.9031957368513978E-4    -0.002545733522611731    6.521981950985234E-4
8.793103435673013E-5      -0.0028463793607218517   8.783784993128349E-4
-2.776041318957364E-5     -0.0028470448104360854   0.0010000000000000002
-7.931050151099141E-5     -0.002780410273537285    8.761908302846449E-4
-1.3459111260994642E-4    -0.0026612039949965027   0.0010000000000000002
-1.5496854802152796E-4    -0.002597051168084227    8.88003793650454E-4
2.7655045627576844E-4     -0.0029144820092342916   0.0010000000000000002
1.4826064336189576E-4     -0.00287335251690654     0.0010000000000000002
2.3403338684004386E-4     -0.0029282494047777486   9.345322840165816E-4
3.5992468143867726E-4     -0.0028284294904564237   9.412077570173495E-4
3.600191625782916E-4      -0.0028496206923523714   0.0010000000000000002
4.4367773978585054E-4     -0.002755779877016791    9.120697665724468E-4
4.568816940792059E-4      -0.002794403725369245    9.423260601066866E-4
4.093785443473377E-4      -0.0027731882712939216   9.404836046689493E-4
4.3630859832010727E-4     -0.002833481564844681    0.0010000000000000002
4.8556705393735746E-4     -0.0027527512943808044   9.27091753418753E-4
-2.1008956180005884E-4    -0.002484124520936163    0.0010000000000000002
-2.7745140977475076E-4    -0.002563375035712035    7.868817312590715E-4
-2.9884024651447884E-4    -0.002318205021192729    0.0010000000000000002
-3.699278675099849E-4     -0.002221306167968332    8.75E-4
-3.7585550429728495E-4    -0.002122381572284401    0.001
-0.0012999999999999965    -4.1602540378443903E-4   5.0E-4
-0.0013052283309684062    -5.361409383059934E-4    6.25E-4
-0.0012715590277904442    -2.3739223570746148E-4   6.562499999999999E-4
-0.0010000000000000007    -6.7583302491977E-4      8.75E-4
-0.0011999999999999997    -5.892304845413246E-4    5.0E-4
-0.0011494891654842043    -5.247971000080905E-4    6.249999999999999E-4
-0.0011879844396132648    -6.996811713882563E-4    6.25E-4
-8.881336590331685E-4     -0.001133146671578302    0.001
-9.215000465486096E-4     -9.020215065415746E-4    8.75E-4
-0.001100000000000002     -7.624355652982124E-4    5.0E-4
-0.0010000000000000046    -6.758330249197702E-4    6.249999999999999E-4
-7.341573695456103E-4     -0.0012569109816720529   0.001
-5.057572861143517E-4     -0.0016637748981105174   0.0010000000000000002
-5.236930213872553E-4     -0.0017533321939913707   8.75E-4
-4.307904367816832E-4     -0.0018160198432277822   0.0010000000000000002
-7.978910359635224E-4     -0.0011921413032658966   9.062499999999999E-4
-0.001000000000000006     -9.356406460550998E-4    5.0E-4
-9.283598991990673E-4     -9.924651357176434E-4    6.562499999999999E-4
-9.554742601718579E-4     -8.403974121720612E-4    6.25E-4
-6.222729201164779E-4     -0.0013508619970151157   0.001
-5.899257430506538E-4     -0.001501633049211824    0.001
-5.888777396548281E-4     -0.0012640800265612529   8.4375E-4
-9.00000000000011E-4      -0.0011088457268119897   5.000000000000001E-4
-9.542836600951238E-4     -0.0011060170330497857   6.953125E-4
-9.188667057697427E-4     -0.0012100618186520527   6.445312499999999E-4
-2.0412619272593038E-4    -0.0023642132808063465   8.75E-4
-8.076633400717877E-4     -0.0012827678024258456   5.000000000000001E-4
-7.505334622506351E-4     -0.0011926063061510233   6.25E-4
-5.006800013381417E-4     -0.0019007453645336874   8.75E-4
-4.191944336414391E-4     -0.002009845563980604    8.75E-4
-3.571914628962211E-4     -0.0019432615723459147   0.0010000000000000002
-6.222800628996579E-4     -0.001967850345262305    5.000000000000001E-4
-6.437405951807747E-4     -0.0020557004924048766   6.25E-4
-6.530060344302237E-4     -0.001800153931570065    6.09375E-4
-5.234094969514391E-4     -0.002143569493624986    5.000000000000001E-4
-4.6383853225610545E-4    -0.001966957326744496    6.250000000000001E-4
-4.736378674051681E-4     -0.0022924892549227526   6.5625E-4
-2.9022354093068153E-4    -0.002320804050355898    6.25E-4
-4.291602149308904E-4     -0.0023222565061117987   5.000000000000002E-4
-3.5991738906753363E-4    -0.002172801546223882    6.40625E-4
-6.104168330439622E-4     -0.0015454870285277213   8.75E-4
-5.653641931008933E-4     -0.001412212297967807    8.749999999999999E-4
-7.171203420319105E-4     -0.0014495042485617214   5.000000000000001E-4
-7.647782907150288E-4     -0.0013412974312283134   6.875E-4
-5.864433684994604E-4     -0.0013604308655783685   6.40625E-4
-6.218117530543991E-4     -0.0016158763405068632   5.000000000000001E-4
-6.115859742098621E-4     -0.0014952835358955636   6.25E-4
-5.225849948754555E-4     -0.0018788627546449282   6.25E-4
-5.23901183545796E-4      -0.0017921593013427862   5.000000000000001E-4
-5.327952060377435E-4     -0.001708519090661868    6.5625E-4
-1.3048881232967727E-4    -0.002499527916999026    5.000000000000001E-4
-1.6292949503803004E-4    -0.0023657994387397486   6.25E-4
-2.164468511386781E-4     -0.002321377337059533    5.000000000000001E-4
5.428538995456965E-4      -0.0028390862755399396   7.47319201872875E-4
5.540421558643278E-4      -0.002805179173124839    7.691752979859524E-4
5.05064965553771E-4       -0.002824803545370351    7.425904524620744E-4
5.108488277618513E-4      -0.0028041766439321414   8.304848280608423E-4
5.387133534910165E-4      -0.0027947642114463634   8.032138572239616E-4
4.8590049882854135E-4     -0.0028034216671271      7.900786578699705E-4
5.229987653192141E-4      -0.002784272295509747    7.651872832894019E-4
5.680926522943784E-4      -0.0027687297904170835   7.94975905492522E-4
4.7239113423750117E-4     -0.0027752459529378068   8.307932377835253E-4
5.186638691944585E-4      -0.0027741113363615303   8.107870926860641E-4
5.389647378863876E-4      -0.002768456125418691    8.300433449919376E-4
5.005963194561491E-4      -0.002734751247478218    8.968626966596885E-4
4.5379013188415494E-4     -0.00271164448696053     8.77947999159979E-4
5.30715399481385E-4       -0.0027407955721070053   8.275310806823564E-4
4.956358521292901E-4      -0.002723224152234596    8.562225030140126E-4
5.349518883357046E-4      -0.002737545115423092    8.639728040534268E-4
5.669747323152113E-4      -0.0027395021472304865   8.309283583187331E-4
4.942708048871707E-4      -0.0027061203011495656   8.874053479098336E-4
5.347514778901867E-4      -0.002700596115338601    8.968626966596885E-4
5.130315493102731E-4      -0.002867656327612702    6.242313864837644E-4
5.43412126793425E-4       -0.0028518710499243856   5.940869435303338E-4
5.636572049314846E-4      -0.0028398355116272963   7.033233944144005E-4
5.676274930958582E-4      -0.0028774979532888035   6.227265888015288E-4
5.976139732498223E-4      -0.002830760555650385    6.280447334890486E-4
5.748418940511938E-4      -0.0028473386027881597   6.611010732643248E-4
5.354706910394479E-4      -0.0028068079456002137   7.152420518846213E-4
5.816707341673589E-4      -0.0027824571003147547   7.578025405597455E-4
5.670857871422156E-4      -0.002772223170372496    7.40590346571361E-4
5.754377585975731E-4      -0.002807013154394595    7.306274374859032E-4
6.033899472269769E-4      -0.0028040282765212964   6.798763354061187E-4
6.06714514715913E-4       -0.0027757957647873608   7.304435854458873E-4
5.080586275342821E-4      -0.0028261764775716416   6.659245633409216E-4
5.876862531824863E-4      -0.0028004298703534357   6.299543083514682E-4
6.3206853919409E-4        -0.0027970389124455427   6.262259623438488E-4
6.203198307063536E-4      -0.002817911747040016    5.833287274454684E-4
5.608368163930478E-4      -0.0028115643698425736   5.754883071505542E-4
4.5271117622619483E-4     -0.0029302151787910197   5.000000000000001E-4
6.232233727228338E-4      -0.002823223236683919    5.000000000000002E-4
5.921328124279198E-4      -0.0028611074339212985   5.000000000000002E-4
5.778613537888843E-4      -0.0028096580463276887   5.000000000000002E-4
5.45439423970312E-4       -0.0028494066604491997   5.000000000000002E-4
5.191967604909918E-4      -0.0028262441465599667   5.654472982591388E-4
4.948846804364738E-4      -0.002857983709164106    5.000000000000002E-4
4.4218837169912714E-4     -0.002879381553796673    5.447823452077466E-4
-3.516496459849382E-5     -0.00267411010010744     5.000000000000001E-4
-1.1847756004333744E-5    -0.00256713770401192     6.875000000000001E-4
4.66471138549536E-5       -0.0028480964695849734   5.000000000000002E-4
9.828823034561409E-5      -0.00272256384466919     6.250000000000001E-4
3.4544735453218115E-4     -0.0028902099745453875   5.91318145744213E-4
2.1077427252663098E-4     -0.0028758953168716013   5.000000000000002E-4
2.082798335355597E-4      -0.0027668716677216134   6.220322840165813E-4
3.426418497965225E-4      -0.0028982531492195113   5.000000000000002E-4
-0.0014000000000000002    1.0358983848622475E-4    0.001
-0.00135                  1.6987298107780938E-5    8.749999999999999E-4
-0.0015999999999999994    4.5000000000000004E-4    4.999999999999999E-4
-0.0015357884718911303    4.5000000000000015E-4    6.661829290866493E-4
-0.0014704318189682614    4.5000000000000015E-4    8.325936555348237E-4
-0.0013999999999999996    4.5000000000000026E-4    0.001
-0.0013000000000000008    -6.96152422706639E-5     0.001
-0.0012999999999999982    2.767949192431121E-4     0.001
-0.0013089490332483095    1.9019237886466875E-4    8.540457963269004E-4
-0.0013896904261082857    3.200961894323342E-4     8.433197259308619E-4
-0.001499999999999999     1.9019237886466758E-4    6.249999999999999E-4
-0.0015178942359455646    3.200961894323339E-4     6.455914645433245E-4
-0.0014999999999999996    2.767949192431108E-4     5.0E-4
5.981091377517245E-4      -0.002788120641061869    5.416643637227342E-4
6.404647195776058E-4      -0.002805511542526499    5.430960817190953E-4
-0.0011500000000000008    -1.562177826491072E-4    8.749999999999999E-4
-0.0012000000000000023    -2.4282032302755168E-4   0.001
-0.001343118055580888     -2.3196414838737298E-4   8.125E-4
-0.0011500000000000015    -3.2942286340599487E-4   8.749999999999999E-4
-0.0011000000000000003    -4.160254037844399E-4    0.001
-0.001149489165484205     -5.247971000080908E-4    8.75E-4
-9.999999999999983E-4     -5.892304845413264E-4    0.001
-9.937500000000003E-4     -5.134532617101881E-4    8.75E-4
-0.0013999999999999976    1.0358983848622388E-4    5.0E-4
-0.0012999999999999982    -6.96152422706626E-5     5.0E-4
-0.0012749999999999997    -2.6313972081440767E-5   6.249999999999999E-4
-8.99999999999998E-4      -7.624355652982137E-4    0.0010000000000000002
-0.0011999999999999997    -2.4282032302754995E-4   5.0E-4
-0.0011862361111617755    -3.943130545040832E-4    6.249999999999999E-4
-0.001210779513895222     -1.1020246879983993E-4   6.406249999999999E-4
-7.988955989669108E-4     -9.368965961572928E-4    0.0010000000000000002
-8.229640807304467E-4     -8.079085721989764E-4    8.75E-4
-8.567197983981273E-4     -0.001049289625380187    8.125E-4
8.052949229281608E-5      -0.002679943069770678    0.0010000000000000002
6.454551558902067E-7      -0.0026385695956987524   8.720322840165814E-4
1.5367335228117488E-4     -0.0027392293398236906   8.690645680331626E-4
-4.3019580632632295E-5    -0.0025031951470254063   0.0010000000000000002
-5.4543160047629164E-5    -0.0025387069713431534   8.586330710041453E-4
-2.8148714611029306E-5    -0.002397363806477599    8.75E-4
2.516838342726509E-4      -0.002856498809555497    8.690645680331626E-4
2.537831865328235E-4      -0.002769269189841649    0.001
2.9401693208793106E-4     -0.0027913850529765905   9.025403550207265E-4
2.841935864979203E-4      -0.0027052644438588435   8.720322840165812E-4
2.2235707828724156E-4     -0.002613214555996813    0.001
3.363500299032112E-4      -0.0027262712963976835   9.360161420082907E-4
4.487883421336264E-4      -0.0027263670104938744   9.498367476529728E-4
3.8850647330850203E-4     -0.0027472781489365234   0.0010000000000000002
5.145342332618028E-4      -0.002719804896508569    9.449684831209613E-4
4.856322726282325E-4      -0.0027526691993012844   0.0010000000000000002
4.706134581780542E-4      -0.002675767600481184    9.277467905167926E-4
-2.442459537695614E-4     -0.0022458295283747176   8.671875000000001E-4
-8.8335465545087E-5       -0.002320915163840903    0.0010000000000000002
-1.907503110534529E-4     -0.002150451076445279    0.0010000000000000002
-2.8436571481319243E-4    -0.002127445775943089    8.593750000000001E-4
-2.3001205069790587E-4    -0.0020008294832230874   0.0010000000000000002
-1.9880356211640063E-4    -0.0020335853839178455   8.437500000000001E-4
-0.0011000000000000012    -4.160254037844373E-4    5.0E-4
-0.0011181180555808873    -2.7526541857659484E-4   6.249999999999999E-4
-8.769983038485995E-4     -5.831491315509474E-4    8.125E-4
-0.0010000000000000026    -5.892304845413246E-4    5.0E-4
-9.937500000000022E-4     -5.134532617101876E-4    6.249999999999999E-4
-7.325795441697924E-4     -9.121382616488602E-4    8.75E-4
-6.868071688589626E-4     -0.001096043892940405    0.001
-6.030821986324809E-4     -0.001132123706995111    9.062499999999999E-4
-9.000000000000058E-4     -7.624355652982142E-4    5.0E-4
-8.769983038486002E-4     -5.831491315509471E-4    6.875E-4
-4.1654966258433706E-4    -0.001616704965379258    8.75E-4
-3.9191656978747964E-4    -0.0018279026288951065   8.75E-4
-5.737104904926836E-4     -0.001228946001360374    0.0010000000000000002
-2.624270694942879E-4     -0.0018378681362058273   0.0010000000000000002
-4.7836098913014904E-4    -0.0013626302239750508   0.001
-3.2792546054005375E-4    -0.0016809986528091288   0.0010000000000000002
-4.064576484899352E-4     -0.0015208662453142176   0.0010000000000000002
-8.394466807248513E-4     -0.0010925357209343332   6.40625E-4
-8.000000000000073E-4     -9.356406460551045E-4    5.0E-4
-8.229640807304474E-4     -8.079085721989787E-4    6.25E-4
-4.701070664157801E-4     -0.0012770241181690148   8.749999999999999E-4
-7.000000000000027E-4     -0.0011088457268119973   5.000000000000001E-4
-6.374146109573052E-4     -0.0010929071140784957   6.171875E-4
-9.847815330364319E-5     -0.0021630901562142775   9.0625E-4
6.808310361970053E-5      -0.002503300171689312    5.000000000000002E-4
-8.738862552118223E-5     -0.002466468571375834    6.562500000000001E-4
-6.03244297172117E-4      -0.00128295286947253     5.000000000000001E-4
-2.1888779181408107E-4    -0.0018961009718078804   8.75E-4
-4.0640825830709493E-4    -0.0019683484455419228   5.000000000000002E-4
-4.269497990547729E-4     -0.0017697191315264869   6.25E-4
-3.0420834310421543E-4    -0.00214352803277693     5.000000000000002E-4
-1.6668835378398742E-4    -0.002191688515610343    6.25E-4
-2.461969107298998E-4     -0.0020531138375250112   6.25E-4
-3.943933143909875E-4     -0.0014497116867372604   8.75E-4
-5.13542835248796E-4      -0.001447823933401617    5.000000000000001E-4
-4.2864286902269253E-4    -0.0013834477884284231   6.25E-4
-4.5310753824536403E-4    -0.0015633675718724294   6.25E-4
-4.2249291657579183E-4    -0.0016090675276608144   5.000000000000001E-4
-3.257054676758129E-4     -0.0019145391594396796   6.25E-4
-3.207110323514067E-4     -0.0017856835163179373   5.000000000000001E-4
-3.3131460323409015E-4    -0.0016605755084080458   6.25E-4
-1.3353624907278504E-5    -0.002335398251509134    5.000000000000001E-4
-8.987249782261945E-5     -0.0021610371202616936   5.000000000000001E-4
-2.4449088661809396E-5    -0.0022965590597800348   6.40625E-4
-1.213565322851984E-4     -0.00208696734526815     6.25E-4
5.264789106270661E-4      -0.0027440460287909193   7.910893573112862E-4
5.531884238458296E-4      -0.00270822430364211     7.947685234802332E-4
6.053481810689071E-4      -0.0027538337561844022   7.692918701719287E-4
5.937675968791729E-4      -0.0027386652181287294   8.043283816742239E-4
6.005167516252395E-4      -0.0027614196299790617   6.895314554048857E-4
6.389618073499006E-4      -0.0027643738392011184   7.030430940575833E-4
6.487876497557458E-4      -0.0027733398621866876   6.626631310059015E-4
6.014958685462048E-4      -0.0027363223698106142   7.342392227877907E-4
6.378993091933952E-4      -0.00274327677651345     7.479232013920878E-4
5.587338156868582E-4      -0.002737433186350397    7.505532556568189E-4
6.76563533079743E-4       -0.002736181852493977    7.186724667134413E-4
6.371035445516227E-4      -0.0027274964179654017   7.08929521058547E-4
6.788669241085969E-4      -0.0027511828268887155   6.771135300029481E-4
5.53243044203139E-4       -0.0026851809968158422   9.363136667612245E-4
6.789099605369028E-4      -0.0027134054690101683   7.638456486235203E-4
6.407513109793355E-4      -0.0026986948933404834   7.542860057758685E-4
6.343789696080613E-4      -0.0027190904609909715   7.924510916486586E-4
6.816982144099235E-4      -0.002683760803748905    8.122337578291254E-4
6.029319861193049E-4      -0.002710789353423173    8.316163846531882E-4
5.693542551743225E-4      -0.0027056921613481484   8.651654320348567E-4
5.315110297712498E-4      -0.0026916528335733042   8.220241169337703E-4
5.424909111402954E-4      -0.002671111237469563    8.630481897411549E-4
5.727742483733784E-4      -0.0026708064633489056   8.968626966596884E-4
6.05747036108018E-4       -0.0026781931384540856   8.67723315760304E-4
5.746260961194575E-4      -0.0026890473699207242   8.318065608420185E-4
5.3260641129793E-4        -0.0026479873269086994   9.012597650201503E-4
6.416357191957639E-4      -0.002657374578347107    8.697298423151045E-4
6.141109289806444E-4      -0.002645817729422265    8.968626966596886E-4
6.277320795652612E-4      -0.002628559591276877    8.644542704978657E-4
1.0900622522798777E-4     -0.0025501656957213595   6.250000000000001E-4
8.785666560287033E-5      -0.002423835055881686    6.25E-4
6.573428623852207E-4      -0.0027874772835314717   5.843790600374466E-4
5.433039671708834E-4      -0.0028038208282613296   6.336826543590879E-4
5.481634596963944E-4      -0.002759322641183658    6.822522309042274E-4
6.347589576980302E-4      -0.0027193737754107514   6.602761138665911E-4
6.782613321295068E-4      -0.002765961768384557    6.279762034877881E-4
5.930227864569174E-4      -0.0027336622770981547   6.493450622354E-4
6.333316745099199E-4      -0.00275723766957202     6.137398762774676E-4
5.884020168903327E-4      -0.002748513570759483    5.995035490671471E-4
6.202617384444397E-4      -0.0027688355449069003   5.000000000000002E-4
6.61107593889605E-4       -0.002792132705548468    5.000000000000002E-4
5.758984447970959E-4      -0.0027583295350837225   5.000000000000002E-4
5.324462029445204E-4      -0.0027676053179779988   5.696602876145637E-4
4.097256611814773E-4      -0.0028238433716713694   5.000000000000001E-4
5.068484703832843E-4      -0.002784762749087168    5.000000000000002E-4
4.36899369842587E-4       -0.002755468835582881    5.524482444147077E-4
1.668536417026474E-4      -0.0026876197679785757   5.000000000000002E-4
3.1827143672550533E-4     -0.0028111794907740364   6.190645680331626E-4
3.1810656923303687E-4     -0.002766971432402766    5.000000000000002E-4
3.884330668770664E-4      -0.0027612557965612634   6.304560473706898E-4
3.8140280837301916E-4     -0.0026855021920484125   5.642307060779401E-4
6.774945750347431E-4      -0.002721405875499927    6.788391265656189E-4
7.179455042617562E-4      -0.0027297547752747646   6.945808738998674E-4
7.185839201549455E-4      -0.002743463119386464    6.503629570011693E-4
6.784256169897434E-4      -0.0027066298985058764   6.390057864177968E-4
7.58885812335178E-4       -0.0027136554914219996   7.135282502100471E-4
7.16558035986514E-4       -0.0027130207540906333   7.371687856201514E-4
7.426391981863807E-4      -0.002676964793980719    7.241706072608507E-4
7.584663952294949E-4      -0.002694692970241673    7.576143741491789E-4
7.2049421724164E-4        -0.002689975464028471    7.813543135647527E-4
7.056376093163845E-4      -0.0026775748622099456   7.03692353746911E-4
6.969483750921367E-4      -0.0026798669820335      7.460054494791369E-4
-0.0011999999999999997    1.0358983848622431E-4    0.001
-0.0012                   1.6987298107780938E-5    8.749999999999999E-4
-0.0013999999999999976    4.5000000000000015E-4    5.0E-4
-0.0014178980664966178    2.7679491924311215E-4    7.080915926538008E-4
-0.0013357961329932375    4.500000000000001E-4     6.661831853076017E-4
-0.0012704344157289066    4.500000000000001E-4     8.325940596526434E-4
-0.0011999999999999984    4.5000000000000004E-4    9.999999999999998E-4
-0.001049999999999999     1.6987298107780938E-5    8.749999999999999E-4
-0.0010999999999999994    -6.961524227066434E-5    0.001
-0.0011589490332483087    2.767949192431118E-4     8.540457963269004E-4
-0.0011044745166241537    1.468911086754464E-4     8.645228981634502E-4
-0.0010999999999999985    2.767949192431108E-4     0.001
-0.0012178980664966186    2.767949192431125E-4     7.080915926538008E-4
-0.0012999999999999982    2.7679491924311296E-4    5.0E-4
-0.001354474516624154     1.468911086754464E-4     6.770228981634501E-4
7.231570742098031E-4      -0.00275084633805982     6.129865094362392E-4
6.424686533394597E-4      -0.002741156293382179    5.464419113066712E-4
6.804790283947847E-4      -0.002778826569826791    5.409926157620505E-4
6.839932397145806E-4      -0.0027506666753314623   5.415652015893466E-4
7.043293317295258E-4      -0.002769030454539514    5.000000000000003E-4
7.255178260897021E-4      -0.0027601770572807456   5.366884918720221E-4
7.024340280533466E-4      -0.0027643708871107806   5.775271461724904E-4
6.593857327592059E-4      -0.0027374006798523013   5.000000000000002E-4
-0.0010062500000000002    -1.6704310019641263E-4   8.749999999999999E-4
-9.999999999999983E-4     -2.4282032302755038E-4   0.001
-9.874999999999999E-4     -3.510734985006062E-4    8.749999999999999E-4
-8.999999999999998E-4     -4.160254037844386E-4    0.0010000000000000002
-8.000000000000004E-4     -5.892304845413264E-4    0.001
-8.875000000000004E-4     -4.376760388790496E-4    8.75E-4
-0.0011839490332483094    1.4689110867544705E-4    6.665457963269004E-4
-0.0011999999999999997    1.0358983848622562E-4    5.0E-4
-0.0010999999999999994    -6.96152422706626E-5     5.0E-4
-0.0011499999999999993    1.6987298107781436E-5    6.249999999999999E-4
-0.001049999999999999     1.03589838486225E-4      6.249999999999999E-4
-0.001049999999999999     -1.5621778264910655E-4   6.249999999999999E-4
-6.999999999999984E-4     -7.62435565298214E-4     0.0010000000000000002
-7.801233038485997E-4     -6.210377429665165E-4    8.749999999999999E-4
-0.001                    -2.4282032302755038E-4   5.0E-4
-9.312499999999991E-4     -1.237418300071906E-4    6.249999999999999E-4
-9.874999999999999E-4     -3.5107349850060487E-4   6.249999999999999E-4
-5.909864307887926E-4     -9.302910923212873E-4    0.001
-6.42195007609138E-4      -0.001016367951098744    8.749999999999999E-4
1.414671994030892E-4      -0.0025517369456408232   8.75E-4
5.413784137096512E-5      -0.0024914697678864064   8.110161420082908E-4
5.311470971532291E-5      -0.002384506072535234    0.0010000000000000002
-1.175779081410422E-5     -0.002247901844485809    8.906250000000001E-4
1.3300505196990348E-4     -0.002506442671528239    0.0010000000000000002
6.58158341994159E-4       -0.0026259940482821166   8.968626966596887E-4
6.817674475055581E-4      -0.002639894129483796    8.717211514413212E-4
3.37121471112767E-4       -0.002630442373638614    0.0010000000000000002
4.1194441163902004E-4     -0.002700064821686465    8.996734953059455E-4
2.9487800516955325E-4     -0.002565089475611708    8.720322840165814E-4
2.7515202387608934E-4     -0.0024889192533473783   0.0010000000000000002
3.843777876772959E-4      -0.00259779887887988     9.375000000000002E-4
4.608774478271505E-4      -0.002646306982366919    0.0010000000000000002
5.52648653772807E-4       -0.002685648439146952    0.0010000000000000002
1.9139112573106457E-4     -0.002416644596710719    8.75E-4
5.8992138161839507E-5     -0.0022733335526625366   0.0010000000000000002
7.496257167543509E-5      -0.0023327135327573406   8.750000000000002E-4
-1.823697418856622E-5     -0.0021551105164007442   0.0010000000000000002
-1.0682228098983417E-4    -0.002027761292195014    0.0010000000000000002
-1.1193941861909319E-4    -0.0019751419553929147   8.75E-4
-1.1592309693623203E-4    -0.0018828689150383313   0.0010000000000000002
-1.5805308836650014E-4    -0.0017885427809789325   8.75E-4
-9.000000000000024E-4     -4.1602540378443773E-4   5.0E-4
-9.374999999999995E-4     -2.6447095812216146E-4   6.249999999999999E-4
-5.60329210679032E-4      -8.657062010256914E-4    8.75E-4
-8.000000000000021E-4     -5.892304845413286E-4    5.0E-4
-8.322491519242997E-4     -4.6711131502577677E-4   6.562499999999999E-4
-7.801233038486003E-4     -6.210377429665177E-4    6.249999999999999E-4
-4.998450932819408E-4     -0.001083751560732407    0.001
-4.979118136608661E-4     -0.0010136154953758437   8.75E-4
-6.927733418561394E-4     -8.374760808290629E-4    6.25E-4
-7.000000000000001E-4     -7.624355652982185E-4    5.000000000000001E-4
-6.227466076971965E-4     -7.177969066755411E-4    6.25E-4
-2.9124438121387456E-4    -0.001561915103950769    8.75E-4
-2.3301747220460815E-4    -0.001707701579946087    9.0625E-4
-3.994114896804261E-4     -0.0012312566896142392   0.001
-4.032937992559228E-4     -0.0010919978894981229   8.75E-4
-3.063708227515556E-4     -0.0013187411272912357   8.75E-4
-1.5387834665191863E-4    -0.0017113644470062085   0.0010000000000000002
-3.050644688670388E-4     -0.0013817557573904766   0.001
-2.287155719962455E-4     -0.0015488699674860444   0.001
-5.999999999999964E-4     -9.356406460551065E-4    5.0E-4
-6.30301215423216E-4      -9.857334816401715E-4    6.562499999999999E-4
-5.625826029818321E-4     -8.670435894591471E-4    6.25E-4
-4.999999999999909E-4     -0.001108845726811992    5.000000000000001E-4
-5.024185982664676E-4     -0.0010162902722427533   6.25E-4
-4.6724448485627786E-4    -0.001174749036519288    6.015625E-4
2.42399852458418E-4       -0.002492827893675922    5.000000000000002E-4
8.65414062688974E-5       -0.0021611230990075158   8.750000000000002E-4
-4.9910454241046685E-6    -0.0020541829389779487   8.75E-4
1.6433830184512527E-4     -0.0023474636039540198   5.000000000000002E-4
1.0259177037252189E-4     -0.002266812183997865    6.25E-4
-4.0069642996648936E-4    -0.0012825398006816157   5.000000000000001E-4
-1.715824835542461E-4     -0.0019487664650068228   5.000000000000001E-4
-1.896730082422509E-4     -0.0018700694626997483   6.25E-4
-3.164830948942515E-4     -0.0014441040301330563   5.000000000000001E-4
-2.0407369636495613E-4    -0.0013475056202395818   6.25E-4
-2.3598752978944322E-4    -0.0016086073313717932   5.000000000000001E-4
-3.188916069287116E-4     -0.0014931952833007777   6.875E-4
-1.8112017060047795E-4    -0.0016739097813763266   6.25E-4
-1.625550947230532E-4     -0.0015251066063449183   6.25E-4
-1.530999963662242E-4     -0.001744876784579521    5.000000000000001E-4
-9.721838491891856E-5     -0.001680984590149985    8.75E-4
9.755331315900416E-5      -0.0021892544279216697   5.000000000000001E-4
3.483846159502702E-6      -0.002120820853011288    6.25E-4
4.0538656411213264E-5     -0.001998342658327523    5.000000000000001E-4
-5.716362300184997E-5     -0.001938791468628093    6.25E-4
5.79897937064593E-4       -0.0026724025784933      7.984476896491803E-4
5.887707465440476E-4      -0.0026956067809650636   7.488171325264165E-4
6.957288955690171E-4      -0.0026584353942548365   8.421622880758116E-4
6.675787548026197E-4      -0.002664735698629353    8.469278144191056E-4
6.776940217650627E-4      -0.0026357034190881905   8.149741434354815E-4
7.248364001186025E-4      -0.0026644760810143574   8.221830824757157E-4
7.04273894498448E-4       -0.002611623741818368    8.968626966596883E-4
7.20249442064035E-4       -0.002587639046827557    9.020613341733082E-4
7.517853655852047E-4      -0.0026029165940215657   8.968626966596885E-4
7.305034005386381E-4      -0.002634416333636526    8.628234428190557E-4
7.315364836133152E-4      -0.0026059026174611527   9.227033314630187E-4
7.256144920780931E-4      -0.002652375088776898    7.784980233936851E-4
7.609967171326471E-4      -0.0026714554605217745   8.008071175107717E-4
7.730291010719707E-4      -0.0026603428777074323   7.465925451551147E-4
7.999999999999999E-4      -0.002681690375082843    7.780367971749083E-4
7.999999999999999E-4      -0.0027022809023074597   7.34490150831956E-4
5.928431420329744E-4      -0.0026578216310208513   9.459175392606602E-4
5.642536390566413E-4      -0.0026078698651069575   9.332694406465848E-4
6.350525735295696E-4      -0.0026355931579940045   9.36697881163769E-4
6.388859170943942E-4      -0.002685887847940578    8.361731516364652E-4
6.282848443579362E-4      -0.002653152323413296    7.748712623645902E-4
6.106255836072358E-4      -0.0026418520158123945   8.152467669926116E-4
5.854116167328419E-4      -0.0026402866374090517   8.618777285727064E-4
7.005680414208065E-4      -0.0026049098665645314   8.39124083533267E-4
6.045338909307649E-4      -0.00259537635054386     8.794479276535804E-4
6.413532301498786E-4      -0.0026113014531314893   8.320458443360429E-4
6.545646523996336E-4      -0.0025855909085182346   8.811384748571288E-4
6.887135185428653E-4      -0.0025723614996335485   9.07259971686928E-4
2.785019194607177E-4      -0.00256704379577598     6.220322840165813E-4
2.835362232839398E-4      -0.002385673116702039    6.25E-4
7.575281937622837E-4      -0.0026903357605172194   6.790362939300401E-4
7.593224306959186E-4      -0.0027286399748295844   6.693379542089076E-4
7.999999999999999E-4      -0.00271931096832501     6.89431730437926E-4
7.999999999999999E-4      -0.0027326722387409604   6.431526206223444E-4
8.116625949229868E-4      -0.002713545158779074    5.718911333317705E-4
8.345035746920118E-4      -0.002747597084359854    5.753513460598744E-4
7.999999999999999E-4      -0.0027422779561781553   5.95950767205454E-4
7.999999999999999E-4      -0.0027480659627950863   5.481304801856033E-4
8.307936954161929E-4      -0.0027509330268814954   5.339868451042853E-4
7.554338286370795E-4      -0.002749197573541038    5.752003609769793E-4
7.578192791217521E-4      -0.0027400265553004137   6.259718794286784E-4
7.925376648098571E-4      -0.002703033476024213    6.193035350980723E-4
8.391881795300484E-4      -0.002740319677985554    6.224150657015262E-4
7.138649427989207E-4      -0.002685730441905474    6.607139063579567E-4
8.251225152610454E-4      -0.0027005490464621263   6.471043151079814E-4
8.403480807446539E-4      -0.0027288054598925025   6.686145087262661E-4
7.778669784143245E-4      -0.002677156224256157    7.116123922415642E-4
8.099915479864848E-4      -0.0026813928488888996   6.916256742019901E-4
6.646755682344799E-4      -0.0027134770418574578   5.928838226133423E-4
7.636821355592946E-4      -0.002712991032812064    5.962828614301432E-4
7.220922762814565E-4      -0.0026938860216010017   6.177354589690024E-4
6.068970055351317E-4      -0.0027072935654093386   5.000000000000002E-4
5.44735494586576E-4       -0.0026999882290734242   5.727811357904455E-4
5.427276405387781E-4      -0.002711290051206475    5.000000000000002E-4
4.519989724732351E-4      -0.0026797018072022643   5.000000000000002E-4
3.4874773442930204E-4     -0.002609361275945348    5.000000000000002E-4
4.446990475130018E-4      -0.0026040329516940587   6.284614121558801E-4
8.427200217706E-4         -0.002713747920628084    7.138986070898952E-4
8.161005783247769E-4      -0.0026604632773618584   7.467936392494695E-4
8.446093497351078E-4      -0.0026949337695505245   7.580165623378884E-4
8.414255149046853E-4      -0.0026731328886972078   7.984303692780406E-4
7.93795903457223E-4       -0.0026418334449299446   7.776813886298561E-4
7.999999999999998E-4      -0.0026576741046866977   8.197920610986618E-4
7.400184589872633E-4      -0.0026364934609539757   7.997524484158812E-4
7.677439946542746E-4      -0.0026458239795420484   8.40014689059801E-4
7.999999999999998E-4      -0.0026303844976533733   8.59485369095718E-4
8.097248285001221E-4      -0.0026151692608974513   8.209460838833232E-4
8.391102112166778E-4      -0.0026465671740284586   8.399395871508086E-4
7.695631336445513E-4      -0.0026245376174921196   8.68756658147796E-4
7.940988659916753E-4      -0.002592769670762337    8.616437015017244E-4
8.310303495677844E-4      -0.002621381535590921    8.728198262734781E-4
-9.999999999999983E-4     1.0358983848622475E-4    0.001
-9.406249999999993E-4     -5.3377265949704995E-5   8.749999999999999E-4
-0.0011999999999999984    4.5E-4                   4.999999999999999E-4
-0.0011358312644227273    4.500000000000001E-4     6.661766189511777E-4
-0.0010530995016028038    3.579848008479032E-4     7.548046622075415E-4
-0.0010704458532534234    4.500000000000001E-4     8.325919947057487E-4
-9.999999999999979E-4     4.500000000000001E-4     0.001
-8.999999999999998E-4     -6.96152422706626E-5     0.001
-8.749999999999984E-4     6.028856829700264E-5     8.749999999999999E-4
-8.625000000000004E-4     -1.7786841774371806E-4   8.749999999999999E-4
-9.715062999043699E-4     2.551442841485003E-4     8.540346594186691E-4
-8.999999999999989E-4     2.767949192431121E-4     0.001
-8.356933353344612E-4     1.8207339070418918E-4    8.618227323306976E-4
-0.0010999999999999977    2.7679491924311253E-4    5.0E-4
8.634347472643182E-4      -0.002724187034417048    5.939388606376339E-4
8.738254631850702E-4      -0.0027522817820682887   6.005487389581233E-4
8.729586325148342E-4      -0.0027591702831758643   5.443110311254251E-4
7.171102801156585E-4      -0.002699716276090586    5.797388330224752E-4
7.630151839000043E-4      -0.0027518816954446236   5.321069239563132E-4
7.906960931966598E-4      -0.002717171784369419    5.359455666658852E-4
7.999999999999998E-4      -0.0027499999999999994   5.000000000000002E-4
7.400627320078313E-4      -0.0027257989857676045   5.559228784893941E-4
7.149551200838159E-4      -0.0027143522340828843   5.000000000000002E-4
7.512275063538123E-4      -0.0027548039482712854   5.000000000000002E-4
7.69729591470333E-4       -0.002720798409959763    5.000000000000001E-4
6.656447758839404E-4      -0.0026635290843698193   5.000000000000001E-4
6.061940622591569E-4      -0.0026761077456550963   5.727811357904454E-4
8.464825261463455E-4      -0.002691086887405688    6.824773083417567E-4
8.799071936833825E-4      -0.0027288843975052718   6.952167400260067E-4
8.942475101856156E-4      -0.0027004036579219956   7.149827576962288E-4
8.832927557864755E-4      -0.0027115527773363193   7.403238785788749E-4
9.269803217446615E-4      -0.002716172447330568    7.634606979530627E-4
9.162572684339471E-4      -0.0027321025091845493   7.206258795730518E-4
8.8056313504326E-4        -0.0027434023554361088   6.495928425133116E-4
9.453730667923052E-4      -0.0027381638791492287   6.722690148803609E-4
9.184087657934157E-4      -0.002749381855436969    6.785497473553186E-4
9.218318218027538E-4      -0.002765974026438279    6.281232747236458E-4
9.599208929859668E-4      -0.002775443117508539    6.736625145868744E-4
9.452792827614177E-4      -0.002752562526865256    7.072611291055224E-4
-8.000000000000012E-4     -2.4282032302755125E-4   0.001
-7.874999999999994E-4     -3.5107349850060606E-4   8.749999999999999E-4
-6.999999999999992E-4     -4.1602540378443947E-4   0.001
-7.509991519242997E-4     -5.212379027623037E-4    8.4375E-4
-5.999999999999998E-4     -5.892304845413251E-4    0.001
-6.227466076971978E-4     -7.177969066755389E-4    8.749999999999999E-4
-9.999999999999992E-4     1.0358983848622518E-4    5.0E-4
-9.357531499521851E-4     2.2266833150658502E-4    6.145173297093345E-4
-6.593749999999993E-4     -3.3483552217964774E-4   8.749999999999999E-4
-8.999999999999989E-4     -6.96152422706626E-5     5.0E-4
-9.874999999999986E-4     -4.6633369868299144E-6   6.875E-4
-8.74999999999999E-4      6.028856829700281E-5     6.249999999999999E-4
-5.000000000000039E-4     -7.624355652982129E-4    0.001
-5.000000000000023E-4     -6.758330249197707E-4    8.749999999999999E-4
-6.249999999999993E-4     -4.5932667397365995E-4   8.749999999999999E-4
-8.124999999999986E-4     -9.126587736527466E-5    6.249999999999999E-4
-8.000000000000004E-4     -2.4282032302755168E-4   5.0E-4
-7.874999999999994E-4     -3.5107349850060655E-4   6.249999999999999E-4
-3.9909665037080044E-4    -9.319564807995168E-4    0.001
1.9845385194102848E-4     -0.002334802727605891    0.0010000000000000005
1.7807385796189947E-4     -0.0022680632590370824   8.750000000000002E-4
3.400238512504816E-4      -0.002365752096967539    0.0010000000000000002
2.968909431937827E-4      -0.002450324191293046    8.125000000000001E-4
6.453107884572732E-4      -0.0025817983918147887   9.342984482016798E-4
6.952398170700189E-4      -0.0026139620432231083   9.491247069329956E-4
6.33459714727986E-4       -0.002636318602503677    0.0010000000000000005
4.340007193666621E-4      -0.0024919682652844934   0.0010000000000000002
4.600209618788021E-4      -0.0025778584890364716   9.290606710162549E-4
5.353332009110449E-4      -0.002556503754569398    9.203451529290768E-4
5.530862050915023E-4      -0.0025703891831701264   0.0010000000000000002
5.010349922159666E-4      -0.0024815059283801637   9.214933517250149E-4
4.353538370935746E-4      -0.002400090194856758    8.75E-4
3.323482226799716E-4      -0.002322135218347848    8.75E-4
1.5314172387203857E-4     -0.002162866513194244    0.0010000000000000002
5.768251061121811E-5      -0.001968947996656455    0.001
-1.5355362253525853E-5    -0.0018440866798254403   8.75E-4
1.4703574996894307E-5     -0.0017590264021268378   0.0010000000000000002
-6.999999999999992E-4     -4.1602540378444033E-4   5.0E-4
-6.593749999999986E-4     -3.3483552217964855E-4   6.249999999999999E-4
-7.375000000000009E-4     -4.8097730906827266E-4   6.875E-4
-4.6137330384860107E-4    -7.834175061760987E-4    8.75E-4
-6.0E-4                   -5.026279441628846E-4    6.249999999999999E-4
-5.999999999999955E-4     -5.892304845413294E-4    5.0E-4
-6.801233038485987E-4     -5.993871078719069E-4    6.562499999999999E-4
-3.0604649566617686E-4    -0.0010073609009565586   8.75E-4
-3.0967439306588563E-4    -0.0010850340700488087   0.0010000000000000002
-3.086757848509794E-4     -0.0011703802836204018   8.75E-4
-4.999999999999935E-4     -7.624355652982157E-4    5.0E-4
-5.056866519242983E-4     -5.997214549802699E-4    6.25E-4
7.641945011614146E-4      -0.0026016057652865437   9.241670302708493E-4
7.630684304012655E-4      -0.0025722284376789788   9.03287184518822E-4
7.999999999999998E-4      -0.0025999999999999994   8.968626966596885E-4
7.146748802062462E-4      -0.002565618280173873    9.397180836862703E-4
7.511590390731503E-4      -0.0026029929968681385   9.571733632722367E-4
7.20381536824096E-4       -0.0026080044451294807   0.0010000000000000005
7.999999999999999E-4      -0.0025999999999999994   9.431130033773597E-4
8.482136610191991E-4      -0.0026029240381010977   8.968626966596885E-4
8.28779871371399E-4       -0.0026010366946649776   9.274457111241829E-4
8.181058467938703E-4      -0.0025655800632668154   8.885767373713109E-4
8.67758021526338E-4       -0.00262707699522956     8.717337579403764E-4
8.929433714041439E-4      -0.0026023903811714395   8.699138255824264E-4
8.957259689052029E-4      -0.0026116263966243776   8.968626966596885E-4
-1.6593909984341206E-4    -0.0015071252425222805   8.75E-4
-2.14158320995376E-4      -0.0012457122501556756   0.001
-1.5495908404693196E-4    -0.0011814135101719002   8.75E-4
-1.2769246826087224E-4    -0.0013129580800558735   8.75E-4
-5.232284899931664E-5     -0.0015880114844377372   0.0010000000000000002
-1.2273785485209226E-4    -0.0014113077068714293   0.001
-3.999999999999941E-4     -9.356406460551015E-4    5.000000000000001E-4
-4.018139486998503E-4     -9.311759604120073E-4    6.25E-4
-3.5947950965494174E-4    -0.0010308804593470917   6.328125E-4
-3.01209299133233E-4      -8.460616485812611E-4    6.25E-4
-2.999999999999947E-4     -0.00110884572681199     5.000000000000001E-4
-3.0123371626182197E-4    -0.0011887190214779867   6.25E-4
3.707808019463403E-4      -0.0024760393064662523   5.000000000000002E-4
3.20593463174511E-4       -0.0023659704713398324   5.000000000000001E-4
2.127959575930191E-4      -0.0021358353969386816   8.75E-4
1.5541901947396233E-4     -0.00183213586176243     8.593749999999999E-4
1.5638806001801932E-4     -0.002060138858349684    6.25E-4
2.2061504363335508E-4     -0.002293498453585156    6.875000000000001E-4
2.7000445486353563E-4     -0.0022152474036577067   5.000000000000001E-4
2.7030426200193763E-4     -0.0021590957353333205   6.25E-4
-1.9763023599070513E-4    -0.0012804981445255735   5.000000000000001E-4
-1.1632354083482135E-4    -0.0011617270900261532   6.25E-4
2.6026104255972085E-6     -0.0018155832430950336   5.000000000000001E-4
9.218608435199329E-5      -0.0018704201654524556   5.937500000000001E-4
-2.9680687888589356E-5    -0.0017598534272439373   6.25E-4
-1.0057903418504878E-4    -0.001349477630454619    6.25E-4
-1.1596984461137438E-4    -0.0014472704345167044   5.000000000000001E-4
-4.541285695144372E-5     -0.0016230739357846657   5.000000000000001E-4
-3.797682849670437E-5     -0.0015906791674819374   6.40625E-4
5.937842784457582E-5      -0.0015674155844401126   8.75E-4
4.331404652469296E-5      -0.001494354381572012    6.25E-4
2.1593592989441364E-4     -0.0020396731309384845   5.000000000000001E-4
1.557211698614662E-4      -0.001851582487098261    5.000000000000002E-4
2.5676656083417144E-4     -0.0019050393914308926   5.937500000000001E-4
7.632498791371403E-4      -0.0025567068931205265   9.381664660719676E-4
8.654040827826753E-4      -0.0027059141048097002   6.503244260534649E-4
9.03833755677148E-4       -0.002699747753327336    6.185509782252784E-4
8.487720354172338E-4      -0.002754807816899605    5.000000000000002E-4
8.592933562313248E-4      -0.002701171629476974    5.342442966456307E-4
8.239844780741868E-4      -0.0026963571721245823   5.000000000000002E-4
7.355770004606301E-4      -0.0025864210988334165   8.516948561424505E-4
4.092531196404959E-4      -0.002418852707692       6.579807060779401E-4
3.769388030217916E-4      -0.0022623841495609145   6.25E-4
7.85075329619715E-4       -0.0026637889958702706   6.426563029906906E-4
5.671767428695766E-4      -0.0026116234231278843   5.000000000000001E-4
6.789325692524089E-4      -0.002620817438783101    5.60749264416029E-4
5.540949049695382E-4      -0.002550562085509774    5.634517967686474E-4
4.7764125698174405E-4     -0.0025305217217830305   5.000000000000002E-4
8.778241594264211E-4      -0.002663584157731179    7.064490202710627E-4
8.89019556587625E-4       -0.002689249178084876    7.872880521591075E-4
9.08587826687849E-4       -0.0026719229183387195   7.34748775366451E-4
8.61638877536E-4          -0.0026486136329165327   7.83054789667038E-4
8.729474670937062E-4      -0.0026646166587167342   8.212148474364841E-4
8.652798779098893E-4      -0.0026290008279313284   8.22258658062765E-4
8.810264085484461E-4      -0.0026489185235908388   8.467044223805786E-4
9.547672596082263E-4      -0.002739415452408293    7.467347093375517E-4
9.553296835099902E-4      -0.002698663860470893    7.121687668138829E-4
9.147931066137747E-4      -0.0026700515726132434   8.306761416717721E-4
9.142536882245752E-4      -0.0026475155826776314   8.179200359930243E-4
9.332868899417396E-4      -0.002696854268830678    8.013278091369671E-4
9.320549686726085E-4      -0.002659675286301648    7.812280292347258E-4
9.089620602730339E-4      -0.0026404988532502537   8.674141967681885E-4
9.418419458216646E-4      -0.0026259941574413638   8.968626966596888E-4
9.506555427329201E-4      -0.0026588241770734823   8.639112488286627E-4
7.840084516742642E-4      -0.002576747585247751    8.198306644004393E-4
8.229050103547118E-4      -0.0025742699205086117   8.435522512983884E-4
8.576122887260723E-4      -0.002593384997145922    8.233024686890461E-4
9.000562395347055E-4      -0.0026070693165918114   8.355869191531658E-4
-7.999999999999995E-4     1.0358983848622431E-4    0.001
-7.249999999999989E-4     -2.6313972081441932E-5   8.749999999999999E-4
-9.999999999999979E-4     4.500000000000001E-4     5.0E-4
-0.0010357531499521834    2.659696016958064E-4     6.770173297093344E-4
-9.36025199617483E-4      4.5000000000000015E-4    6.661386376746766E-4
-8.537657497609264E-4     3.525721420742505E-4     6.350866485466727E-4
-9.537657497609268E-4     3.5257214207425015E-4    7.600866485466727E-4
-8.695201913856629E-4     4.500000000000002E-4     8.327735996134564E-4
-7.999999999999974E-4     4.5000000000000004E-4    9.999999999999998E-4
-6.999999999999984E-4     -6.961524227066434E-5    0.001
-7.968749999999988E-4     -7.502790104431602E-5    8.4375E-4
-7.187499999999986E-4     -2.1034437038563468E-4   8.125E-4
-6.999999999999984E-4     2.767949192431121E-4     0.001
-7.232531499521852E-4     1.5771642622275164E-4    8.645173297093344E-4
-7.963866706689241E-4     3.038582131113757E-4     8.486454646613954E-4
-8.999999999999989E-4     2.7679491924311253E-4    5.0E-4
8.87542926187937E-4       -0.0027066804509504176   5.000000000000002E-4
8.956708460149629E-4      -0.002769030528160547    5.000000000000002E-4
9.204219947964613E-4      -0.002779082979798586    5.438761215790697E-4
9.156975094312181E-4      -0.002719380936268037    5.670467596594769E-4
9.084231549276031E-4      -0.002768998651160209    5.786767632097527E-4
9.368365085260667E-4      -0.002736545776799027    5.000000000000002E-4
9.388925660787008E-4      -0.0027921328124279193   5.000000000000002E-4
9.436801449118516E-4      -0.0027882266552133276   5.8403408586345E-4
9.975689046715693E-4      -0.0027585922188622844   6.815576000862894E-4
0.0010008296938710229     -0.0028095132037729968   6.773155908763295E-4
9.71383131595872E-4       -0.002798855818298181    6.300146247209384E-4
9.868948684427104E-4      -0.0027747525311491023   7.222679612990619E-4
9.748899874648914E-4      -0.0027538008233799044   6.145496313511678E-4
9.82738936891051E-4       -0.0028207913075480135   5.842732428154406E-4
9.594949588037991E-4      -0.0028055177371946677   5.426723915817665E-4
9.65983206338439E-4       -0.002758138219953636    5.485702875796052E-4
0.0010367765625347854     -0.0028410340494564625   7.024589344229214E-4
0.0010402602539575402     -0.002787408718994721    6.64065056602786E-4
0.0010239767187760539     -0.0028072109260744494   7.292466891780891E-4
0.0010268321134698946     -0.0028491815404288277   6.623958753893522E-4
0.0010045682746385176     -0.0028337470239526764   6.270524165833799E-4
0.00101235521061769       -0.0027819893238163226   6.207317334216321E-4
0.0011164757186725932     -0.0028811444543409503   8.129150969586661E-4
0.001114496956264521      -0.002838766862725628    8.36758914419187E-4
0.001128174975733754      -0.0028650961983035556   7.717528007849849E-4
0.001081543498810784      -0.002834452681774106    7.933608818845105E-4
0.0010867098769006935     -0.00287908222996385     7.639258393168149E-4
0.0011100079492840894     -0.002921705638566499    7.807604590019014E-4
0.0010572360520164476     -0.0028387567594815306   7.478735506046051E-4
0.00110899585909583       -0.0028256546166917284   7.566907716489465E-4
0.0010463422880060667     -0.0028057319252210396   7.690933490697791E-4
0.0010097004392854035     -0.002812334879299902    5.931527811920042E-4
0.0010127710456529957     -0.0028576523204874096   5.846182039284349E-4
9.944886216563566E-4      -0.00284046458490145     5.430990304366359E-4
0.001048084262281571      -0.0029628252115703334   5.320024765879664E-4
0.0010507823328689534     -0.002955485835264925    5.749714155746687E-4
0.0010778168095115681     -0.002961150079416458    5.560186768291276E-4
0.0010398822138570519     -0.002925813459343814    5.361805627149838E-4
0.0010519340372049132     -0.002999999999999999    5.481304801856033E-4
0.0010577220438218447     -0.003                   5.959507672054539E-4
0.0010773322128060981     -0.003                   5.286597800450717E-4
0.0010500000000000002     -0.002999999999999999    5.000000000000002E-4
0.0011811751424514484     -0.003                   8.220764839051809E-4
0.001154149240289179      -0.0029676896623705797   8.399830820983909E-4
0.0011423258953133016     -0.002999999999999999    8.197920610986621E-4
0.0011696155023466258     -0.003                   8.594853690957181E-4
9.68315695428668E-4       -0.002720778738344988    7.923252186980234E-4
9.739265168287933E-4      -0.0026898373712900287   7.9440449615235E-4
9.607701989870405E-4      -0.002689814255819625    8.307169414887087E-4
9.527680143407826E-4      -0.0026519648809388736   8.1744678736069E-4
9.955446289151722E-4      -0.0027103562024620676   8.308663062652735E-4
0.001004285462743068      -0.0027377809641582337   8.034678759862915E-4
9.870828346705462E-4      -0.0026898604867604315   7.580920508159913E-4
9.940308046097969E-4      -0.0027543965091907765   7.676397723724854E-4
0.0010115095773872334     -0.002723928235364107    7.658048726657854E-4
0.001030802107326366      -0.002767890791557606    7.94643959250535E-4
9.864111668372103E-4      -0.002639862390680476    8.523069320533043E-4
9.858893435761233E-4      -0.0026458178724826408   8.968626966596889E-4
9.908433876562599E-4      -0.0026795007456216742   8.639866862247957E-4
0.0010626151162499745     -0.0027300203300753053   8.337048847387166E-4
0.001031295401461405      -0.0027384490984277907   8.303790281200221E-4
0.0010600442826273224     -0.0027651364187387824   8.322728039325016E-4
0.001061189720484838      -0.002733989859965046    8.637062546341602E-4
0.001029850304654478      -0.0027057188680139357   8.64498018441352E-4
8.233251898459739E-4      -0.0026848123613799936   5.478314994580871E-4
7.564840821696799E-4      -0.0026464888773018226   5.000000000000002E-4
6.84699689480677E-4       -0.0025867765713410242   5.000000000000001E-4
7.836561553565952E-4      -0.0026227134471063897   5.57987325886237E-4
0.0010177752073250949     -0.0027822516101758087   7.572828597958118E-4
0.0010371806340841525     -0.0027687507262269886   7.137191885263281E-4
0.0010716187729235863     -0.0027969719341319737   7.065213504379033E-4
0.0010471155431793283     -0.0027418572303024285   7.477018503986212E-4
0.0010615059853312401     -0.002793418789378463    8.049231760465173E-4
0.0010897867202933923     -0.002773123664309783    7.697231798231536E-4
0.0010889690361798304     -0.0028020464969207874   8.320683445553908E-4
0.0011060153468656333     -0.002759698834064516    8.278630344007212E-4
0.001093866746867419      -0.0027692735387165497   8.64777579754849E-4
0.0010762009182716835     -0.002751571997192544    8.017140322809351E-4
9.130652769658329E-4      -0.0026935094198253066   6.686133631592956E-4
9.376742515245956E-4      -0.0027137239298218566   6.370859482631801E-4
0.001018733692031399      -0.00271007550656998     7.281418693452793E-4
-5.999999999999981E-4     -2.4282032302754995E-4   0.001
-5.624999999999981E-4     -1.3456714755449668E-4   8.749999999999999E-4
-5.000000000000013E-4     -4.1602540378443773E-4   0.001
-4.8749999999999835E-4    -5.242785792574947E-4    8.749999999999999E-4
-5.312499999999992E-4     -3.185975458586894E-4    8.749999999999999E-4
-4.000000000000045E-4     -5.892304845413283E-4    0.001
-7.999999999999986E-4     1.0358983848622518E-4    5.0E-4
-7.715062999043693E-4     2.551442841485013E-4     6.04034659418669E-4
-3.9374999999999897E-4    -4.268507213317455E-4    8.749999999999999E-4
-6.999999999999984E-4     -6.961524227066434E-5    5.0E-4
-6.749999999999978E-4     6.0288568297002145E-5    6.249999999999999E-4
-7.093749999999984E-4     -2.2658234670659347E-4   6.562499999999999E-4
-3.000000000000008E-4     -7.624355652982196E-4    0.0010000000000000002
-3.012092991332343E-4     -8.46061648581264E-4     8.75E-4
-3.499999999999975E-4     -5.892304845413294E-4    8.749999999999999E-4
-5.999999999999955E-4     -2.4282032302755255E-4   5.0E-4
-5.906249999999978E-4     -2.0493171161198247E-4   6.406249999999999E-4
-2.0787507326184684E-4    -9.256500967796703E-4    0.001
-1.82225699832991E-4      -0.0010498689402879268   8.75E-4
3.287517250444129E-4      -0.002191066208116481    0.0010000000000000002
5.112972462419242E-4      -0.0023801801918802903   9.227403530389701E-4
4.6831691353064857E-4     -0.0023161766038381436   0.0010000000000000002
6.507556309020713E-4      -0.0025304116301930854   0.0010000000000000002
6.025403508587287E-4      -0.0025094262536703637   9.083879888295035E-4
5.735851419093477E-4      -0.0024363352611629138   0.0010000000000000002
6.47335437999864E-4       -0.0024468518936361897   9.439166408582593E-4
4.4975141141438555E-4     -0.0021335572397789358   9.0625E-4
1.0732177433912891E-4     -0.0016092577530196386   0.0010000000000000002
1.911120045031212E-4      -0.0017171691812916936   8.75E-4
2.472572250809815E-4      -0.001989734804781981    0.0010000000000000002
1.1972603444480347E-4     -0.0019471025422331664   8.4375E-4
1.837206648448329E-4      -0.001793291740846931    0.001
-4.999999999999944E-4     -4.1602540378443903E-4   5.0E-4
-5.312499999999979E-4     -3.185975458586906E-4    6.249999999999999E-4
-1.4999999999999416E-4    -7.62435565298216E-4     8.75E-4
-4.1137330384859655E-4    -6.968149657976554E-4    6.25E-4
-3.9999999999999584E-4    -5.892304845413264E-4    5.0E-4
-4.3124999999999755E-4    -4.918026266155776E-4    6.249999999999999E-4
-1.0955401320019743E-4    -0.0010937669749989912   0.0010000000000000002
-5.4807101566519476E-5    -0.0010125205842895      8.75E-4
-2.999999999999973E-4     -7.624355652982142E-4    5.000000000000001E-4
-2.806866519242964E-4     -7.296252655479353E-4    6.25E-4
8.163220697117272E-4      -0.002564353071221511    9.36965528512636E-4
7.480200445433649E-4      -0.0025408388973286347   0.0010000000000000002
7.341099433424746E-4      -0.0025172745171246377   9.30311460439545E-4
7.999999999999998E-4      -0.0025999999999999994   0.0010000000000000002
8.311774207605643E-4      -0.002601216890484665    9.573843045781537E-4
8.684972816488542E-4      -0.002605908484731379    9.362392687115846E-4
9.781814448909872E-4      -0.002598428271583249    8.961499161555135E-4
9.642210162613036E-4      -0.0026352652226369067   9.271862693431125E-4
9.194860856074989E-4      -0.0025819973683383914   8.704299512941364E-4
8.777094849273683E-4      -0.00256654881292525     9.03012176218195E-4
9.351740850834264E-4      -0.0025647608964306816   9.187118038700433E-4
8.843249860161098E-4      -0.0025629344528801533   9.501181543292833E-4
9.16888357549635E-4       -0.0026174596598143554   9.440657706576254E-4
8.796156219728499E-4      -0.0026080099067371243   0.0010000000000000002
1.0479320227927416E-6     -0.0013952722452464904   8.75E-4
-9.339217304437167E-6     -0.0012649710746323937   0.0010000000000000002
-1.576068413847587E-5     -0.0011615693829639514   8.75E-4
5.6863060510766415E-5     -0.0014392216401433702   0.001
-1.9999999999999532E-4    -9.356406460551026E-4    5.000000000000001E-4
-1.4999999999999617E-4    -7.624355652982152E-4    6.25E-4
-2.165404210434159E-4     -0.0010454706464514303   6.40625E-4
-9.999999999999159E-5     -0.0011088457268119886   5.0E-4
-7.738850330004411E-5     -0.0010617747686695168   6.25E-4
4.6534243798530654E-4     -0.0023859804029636974   5.000000000000001E-4
4.2920501193412144E-4     -0.0022462499593936727   5.000000000000001E-4
3.267321755283071E-4      -0.0020015390396060867   8.4375E-4
2.7854296930915085E-4     -0.0018729571596317253   8.749999999999999E-4
4.149669841569843E-4      -0.0020204234617811332   0.001
3.8372534253966906E-4     -0.0020720379880358325   5.000000000000002E-4
2.946506018339413E-4      -0.001996147854677502    6.25E-4
4.831259089180145E-4      -0.002185328200807944    6.25E-4
1.8006835824042436E-4     -0.0015602447577746281   8.75E-4
9.359088369109356E-6      -0.001284442164955648    5.000000000000001E-4
-1.2602999223113146E-5    -0.0011649026924122877   6.25E-4
1.2256039583804276E-4     -0.001651487851294692    5.000000000000002E-4
2.66698926415153E-4       -0.001769909589858873    6.25E-4
1.1452572388300809E-4     -0.00133616554072481     6.25E-4
7.519301169936314E-5      -0.0014631353472834372   5.0E-4
1.5651453402220884E-4     -0.0014886060812306333   6.875E-4
3.3176356338995416E-4     -0.0018848216950519072   5.000000000000001E-4
2.7466118994833207E-4     -0.0016980996033473458   5.000000000000002E-4
2.9869018829830035E-4     -0.0016156728471288667   6.25E-4
4.216538937638063E-4      -0.0017176755072502653   6.25E-4
9.274320852340991E-4      -0.0026642853644060975   5.563410969098954E-4
8.5168934220093E-4        -0.0026310307145309807   5.000000000000002E-4
8.755099054450046E-4      -0.002654679231827726    5.561048532555734E-4
5.292896713974026E-4      -0.0023053599699211507   6.25E-4
7.051542892632849E-4      -0.002511365560293414    5.634517967686473E-4
6.293778598374603E-4      -0.0024609514923602644   5.000000000000001E-4
6.274492802216477E-4      -0.002370657259583477    6.259517967686474E-4
5.349700159970519E-4      -0.0024520322986819605   6.909614121558801E-4
9.492694143142501E-4      -0.0025974141974731105   8.253025853310832E-4
-5.999999999999972E-4     1.0358983848622518E-4    0.001
-5.390624999999987E-4     -2.3607642694614744E-5   8.906249999999998E-4
-7.999999999999972E-4     4.5000000000000004E-4    4.999999999999999E-4
-7.356770426423715E-4     4.500000000000001E-4     6.662069388612744E-4
-5.732531499521844E-4     2.4431896660119556E-4    8.645173297093344E-4
-6.704345605216457E-4     4.500000000000001E-4     8.325942515476339E-4
-6.910916712733709E-4     3.309215069796396E-4     6.976207991399717E-4
-5.99999999999997E-4      4.5000000000000015E-4    0.001
-4.6249999999999845E-4    -1.3456714755449587E-4   8.749999999999999E-4
-4.999999999999987E-4     -6.96152422706626E-5     0.001
-4.999999999999987E-4     2.767949192431121E-4     0.001
-4.897515749760913E-4     1.360657911281406E-4     8.385086648546672E-4
-5.545119490934491E-4     3.4715948330059777E-4    7.653529454434118E-4
-6.999999999999975E-4     2.7679491924311253E-4    5.0E-4
-6.73253149952184E-4      2.4431896660119556E-4    6.145173297093345E-4
0.0010201849300694142     -0.0026157345721706422   8.895451528620437E-4
0.0010272260049624196     -0.002670806638204437    8.968626966596885E-4
0.001199109527439274      -0.0029585465578227015   8.624534627903409E-4
0.001175335280961178      -0.002969840323922549    8.685653483420709E-4
0.001197083405978433      -0.002951785365585204    8.968626966596886E-4
0.0011650858678756274     -0.002931205641930772    8.620057853941786E-4
0.0012                    -0.002999999999999999    8.968626966596886E-4
0.0011420187059451934     -0.0028961449589744322   8.426130429002887E-4
0.0011891559034148608     -0.002907011044094625    8.457355375272253E-4
0.0011603680043190136     -0.0028826461149396207   8.716908255772697E-4
0.0011353527788141211     -0.002924586512510785    8.22006649862421E-4
0.001188376258181631      -0.002904273894498447    8.968626966596883E-4
0.0012114237741422413     -0.0029297849195583374   9.362485225120413E-4
0.001194097281595753      -0.0029315359025558815   9.227037278631201E-4
0.0011983943887563765     -0.002964196215180048    9.241671074232982E-4
0.001197007195740475      -0.0029511606047305633   9.571733537608915E-4
0.0012000000000000001     -0.002999999999999999    9.431129872548895E-4
0.0012394438162566367     -0.003                   9.651026558040715E-4
0.0012000000000000001     -0.002999999999999999    0.0010000000000000002
0.0010056015176511468     -0.002656884835748191    9.423278801927088E-4
9.665322275258345E-4      -0.002636314913040022    0.0010000000000000002
0.0010258481547424164     -0.002612704569455146    9.444217092513813E-4
0.0011291935366510935     -0.0027727742483733774   8.968626966596885E-4
0.0010994038846613985     -0.0027347514778901867   8.968626966596888E-4
0.0011405899738775188     -0.0027635177488818134   8.601579807643146E-4
0.00112188156382629       -0.0028057554880438107   8.678001315434121E-4
0.0011057475425515818     -0.0027167962882604034   8.53300225721972E-4
0.001065248752521781      -0.0027005963194561477   8.968626966596887E-4
0.0011310806042534277     -0.002705401882226337    8.912200676180033E-4
0.0011283996090734121     -0.0027862345594424818   7.924864344827654E-4
0.001125140586449851      -0.0027959950237431462   8.301432830130888E-4
0.001154182270577734      -0.002814110928980644    8.968626966596887E-4
0.001164114218611532      -0.00279220407695555     8.612535793567918E-4
0.0011429972944714147     -0.0028418234922361757   8.700605236136804E-4
0.0011589386301887323     -0.0028409153211227693   8.27022887544189E-4
0.0011355566379059252     -0.002867544251263183    8.473290203891062E-4
0.0011740059517178823     -0.0028581583419941582   8.968626966596887E-4
0.001190058914065244      -0.0028384204423163675   8.625272413494537E-4
0.0011948009690319165     -0.0028874431407466664   8.776842413314362E-4
0.0010344708475813562     -0.0028798776324977598   6.263298418720311E-4
0.0010527563875109586     -0.002815476434768837    6.284541275052549E-4
0.0010768478935265814     -0.00292088896445149     5.825702815342306E-4
0.0010356889904480741     -0.0029026106276058435   5.774336864876694E-4
0.001048943684428725      -0.002922828034377814    6.124458696382185E-4
0.0010600617028173926     -0.002958218608967398    6.260811733861284E-4
0.001048644805124288      -0.00287957551424965     6.756028011968665E-4
0.0010562065861753726     -0.002918462658937267    6.492847136601998E-4
0.0010791253053222636     -0.0028693695863443456   6.371562095866292E-4
0.0010574071478851687     -0.0028859901069750943   6.072949480371493E-4
0.0010700506779668171     -0.0029178973480235753   6.940780177139011E-4
0.001094435547464006      -0.002898684310056888    6.627335565527862E-4
0.0010712513536090462     -0.0029590268811106367   6.691220141344333E-4
0.0010648056481241306     -0.002878020407147284    7.193921758069262E-4
0.0010856417204952937     -0.0029097866372541892   6.226519190435084E-4
0.0010863770219922645     -0.0029587204452615214   7.136745380185518E-4
0.0011097457896057483     -0.002927999033769431    6.883109035189433E-4
0.0010874752465698343     -0.002917525209457736    7.376519007165482E-4
0.001127508626724001      -0.0029479706570632105   7.204484019078666E-4
0.0011055763522033225     -0.0029578405946111353   7.583530144917478E-4
0.001097719097692539      -0.002999999999999999    7.34490150831956E-4
0.0011645018353896159     -0.003                   7.835994427309534E-4
0.001128195182580688      -0.002960193247553846    8.003732746305239E-4
0.001118309624917156      -0.003                   7.780367971749085E-4
0.0011356982198414433     -0.003                   7.477843898126324E-4
0.0011523481532446692     -0.0029491469835345664   7.621228269623921E-4
0.001152496426690468      -0.0028878483395770233   8.007932060577879E-4
0.0011893313442491154     -0.0029306155001203975   8.039366202353173E-4
0.0011006269337525032     -0.002847438479378317    7.197064186101545E-4
0.0011420772774601        -0.0028989535387985363   7.443484134193185E-4
0.0011220986418014642     -0.0028970493935270743   7.010071927753183E-4
0.0010806890316749898     -0.002999999999999999    6.89431730437926E-4
0.0011368114146826497     -0.003                   7.035358581618318E-4
0.0011051542633351485     -0.0029442288256030513   6.372557004974593E-4
0.001067327761259039      -0.002999999999999999    6.431526206223447E-4
0.0011247351968532492     -0.003                   6.571512108112356E-4
0.001110346610858692      -0.0029999999999999996   6.07375060710335E-4
0.0011044223560541136     -0.003                   5.624718046874576E-4
9.42678156492906E-4       -0.002660852381064607    5.000000000000002E-4
9.131861904373168E-4      -0.0026156062293576864   5.512141415901622E-4
9.90662358372388E-4       -0.002717457534569166    5.000000000000002E-4
9.767767633160815E-4      -0.0028232233727228336   5.000000000000003E-4
9.88688321682407E-4       -0.002775061157323627    5.000000000000001E-4
0.0010444632946664005     -0.0028690648454379854   5.000000000000002E-4
0.001007867294451532      -0.0028611075938896045   5.000000000000001E-4
0.0010309695454604865     -0.002904329331729526    5.000000000000003E-4
0.001021453216360793      -0.002880988645679359    5.410587961050966E-4
0.0010148326039322896     -0.002790922734647128    5.592531458006286E-4
0.0010562826645182117     -0.0028315937803468825   5.382102369130727E-4
0.0010308542404576931     -0.0028172993191790075   5.000000000000002E-4
0.0010351765862082227     -0.002741380884392805    5.754072611646213E-4
0.0010976992679933785     -0.0028279167371614527   6.772519638695655E-4
0.001081711088578731      -0.002845888241514758    5.764204738261453E-4
0.0011075493567415653     -0.002959474947262583    5.800348770702888E-4
0.0010760790603831785     -0.0028771786302348125   5.382102369130727E-4
0.001045196051728714      -0.002951227506353811    5.000000000000002E-4
0.0010766221843862799     -0.0029546837829056423   5.000000000000002E-4
0.0010704470321876262     -0.002908469018954867    5.000000000000002E-4
0.0011047521026244385     -0.0029189498945251663   5.526946934302428E-4
0.0011243066869832913     -0.0029622046628823787   5.312359023437288E-4
0.0011068617379262006     -0.0029999999999999996   5.000000000000002E-4
0.001201135648900115      -0.0029653077500601988   8.280442289209935E-4
0.001239834415187045      -0.0029454866991822466   8.886645500447216E-4
0.0012129399535511154     -0.003                   8.521518376066697E-4
0.0012406560374278455     -0.003                   8.933858641487427E-4
0.0012190987570389496     -0.003                   7.953517766099587E-4
0.0010246243571936718     -0.002673012194563253    8.169737053678916E-4
0.0010570504522745044     -0.002714963734377868    7.816845122709142E-4
0.001065185949872627      -0.0026949042414118286   8.351369655449318E-4
0.0010434063862207567     -0.0026530265336606445   8.499570474682328E-4
0.0010621884152478415     -0.0026330408727580365   8.82940389568574E-4
7.870332312547787E-4      -0.002515541711205759    5.000000000000002E-4
8.73032214698903E-4       -0.0025762757437122062   5.57987325886237E-4
-4.000000000000019E-4     -2.4282032302755168E-4   0.001
-4.1249999999999994E-4    -2.2116968793294044E-4   8.749999999999999E-4
-2.999999999999999E-4     -4.1602540378444294E-4   0.001
-1.9999999999999445E-4    -5.892304845413301E-4    0.001
-2.4999999999999583E-4    -6.758330249197728E-4    8.749999999999999E-4
-5.999999999999972E-4     1.0358983848622388E-4    5.0E-4
-5.437499999999971E-4     6.161980560474845E-6     6.249999999999999E-4
-2.9999999999999965E-4    -3.2942286340599617E-4   8.749999999999999E-4
-1.99999999999996E-4      -5.026279441628853E-4    8.749999999999999E-4
-4.7187499999999725E-4    -1.8328107651737144E-4   6.249999999999999E-4
-4.999999999999961E-4     -6.961524227066434E-5    5.0E-4
-9.999999999999072E-5     -7.624355652982157E-4    0.001
-6.369425165002297E-5     -8.68803896794645E-4     8.125E-4
-4.124999999999966E-4     -4.7964607176052285E-5   6.249999999999999E-4
-3.999999999999967E-4     -2.4282032302755082E-4   5.0E-4
-2.99999999999997E-4      -3.294228634059957E-4    6.249999999999999E-4
-3.477721535752147E-6     -9.298255218081533E-4    0.001
-1.9323643784756463E-4    -9.489229339876735E-4    8.75E-4
1.994004174907145E-4      -0.001494314262315222    0.001
1.5642112395821607E-4     -0.001436030522053427    8.125000000000001E-4
1.8678397420646955E-4     -0.0013481432448297554   8.437500000000001E-4
5.245814410813083E-4      -0.002136993559977424    0.0010000000000000002
5.026818597162781E-4      -0.0022202915230301787   8.75E-4
5.169253495726082E-4      -0.0020512933850244455   9.0625E-4
6.29370801883908E-4       -0.002267988468536994    0.0010000000000000002
7.270389158406934E-4      -0.0024160470946453863   0.0010000000000000002
7.90298955941561E-4       -0.002491915949494709    9.329630800612151E-4
6.534553164381235E-4      -0.0023994122338204128   8.767028661495919E-4
7.068880276830357E-4      -0.002308919068462083    8.75E-4
6.123757732694423E-4      -0.0021076409091671687   8.75E-4
2.8972226137890644E-4     -0.0016293590633579239   0.001
3.007582886362726E-4      -0.0015530739311091436   8.75E-4
3.854835648740887E-4      -0.0017553904521732575   8.75E-4
3.932904467793385E-4      -0.0018225442117270306   0.001
-2.999999999999973E-4     -4.1602540378443903E-4   5.0E-4
-2.499999999999392E-5     -7.191342951089935E-4    8.749999999999999E-4
-1.9999999999999665E-4    -5.026279441628842E-4    6.249999999999999E-4
-2.749999999999964E-4     -5.892304845413284E-4    6.875E-4
-1.9999999999999532E-4    -5.892304845413277E-4    5.0E-4
1.0112571339270047E-4     -0.0011085303126875852   0.001
1.828425789186561E-4      -0.0012271718069484662   8.593750000000001E-4
7.261149669995206E-5      -9.751722282910733E-4    8.75E-4
-9.999999999999419E-5     -7.62435565298214E-4     5.0E-4
-7.499999999999642E-5     -6.325317547305495E-4    6.25E-4
-2.0461781456249333E-5    -8.62334147113711E-4     6.015625E-4
8.519204151307422E-4      -0.0024983009456110987   0.0010000000000000002
9.909721840336977E-4      -0.002570291507533997    9.521445927061529E-4
9.396949089520131E-4      -0.0025586475201562165   0.0010000000000000002
9.026901138739795E-4      -0.002505181539329053    9.466789185412307E-4
0.0012690595852479134     -0.003                   9.244884952322877E-4
2.961147643682161E-4      -0.0013940524999531741   8.75E-4
2.0027578890988162E-4     -0.0013031945367481094   0.0010000000000000002
7.745318404472303E-5      -0.001302233989706337    8.125000000000001E-4
5.204170427930421E-18     -9.356406460550996E-4    5.0E-4
1.0744108322342533E-4     -0.0011151969315842574   5.000000000000001E-4
1.0874731385386584E-4     -0.0011602599925123437   6.25E-4
7.468001946876458E-5      -0.0010200104949030946   6.875E-4
2.041370455376257E-4      -0.001025317179279144    6.25E-4
5.872513141346111E-4      -0.0022838343833521324   5.000000000000002E-4
5.495121707225084E-4      -0.002111819324467005    5.000000000000002E-4
6.648217862997658E-4      -0.002223730171428839    6.25E-4
3.742883797679762E-4      -0.0020731165907594096   6.562500000000001E-4
4.979660954255276E-4      -0.001844398259533868    8.749999999999999E-4
5.645719937869111E-4      -0.0019496536243344266   0.001
5.092692580639078E-4      -0.0019655932100714675   8.125E-4
6.110145859954135E-4      -0.0020633792289450653   6.25E-4
4.7827249753401444E-4     -0.0019871374461854986   6.875000000000001E-4
5.066389042043817E-4      -0.0019317177141595998   5.000000000000001E-4
4.19498189166121E-4       -0.0018498684501487828   6.25E-4
2.3072255836983305E-4     -0.0013050159327888452   5.0E-4
2.2337300006136255E-4     -0.0014096889164011944   6.25E-4
2.3009762693084482E-4     -0.0011556172926123996   6.25E-4
2.6418547903099294E-4     -0.0015084648643276526   5.000000000000001E-4
3.6575036418113466E-4     -0.0013507517370262908   6.25E-4
3.988770324351914E-4      -0.0015902990725212766   5.000000000000001E-4
3.3222027623971734E-4     -0.0014832122920775785   6.25E-4
4.656311045587733E-4      -0.0017471143218810458   5.000000000000002E-4
5.546403241380493E-4      -0.001898985010750153    6.25E-4
5.365362365767992E-4      -0.0017422946132475085   6.25E-4
8.601801248070825E-4      -0.002380416299397018    0.0010000000000000002
7.732464328638138E-4      -0.002397005779719544    8.759517967686475E-4
8.421134436519676E-4      -0.0024620606562724585   8.859313483298441E-4
9.873982393122838E-4      -0.0026168651457092007   5.660763111558804E-4
9.352362008542957E-4      -0.0025536134705134547   5.000000000000001E-4
8.901208531192155E-4      -0.0024745118209736376   6.159746517724738E-4
7.572974150466972E-4      -0.002342327623146456    5.000000000000002E-4
7.256088890458932E-4      -0.002435954549245803    6.269035935372948E-4
-3.999999999999993E-4     1.0358983848622345E-4    0.001
-4.062499999999983E-4     2.7812615655085696E-5    8.125E-4
-3.2812499999999736E-4    -6.420258349701142E-5    8.4375E-4
-3.8010802121029615E-4    2.118430139592786E-4     8.956486843566553E-4
-5.999999999999968E-4     4.500000000000001E-4     5.0E-4
-5.357707482347141E-4     4.5000000000000015E-4    6.661885611774892E-4
-5.27255974546723E-4      3.1197720127185477E-4    6.326764727217058E-4
-4.3010802121029595E-4    2.98445554337723E-4      8.956486843566553E-4
-4.7043246790043694E-4    4.500000000000001E-4     8.325946622470005E-4
-3.9999999999999677E-4    4.5000000000000015E-4    0.001
-2.4999999999999713E-4    -1.5621778264910855E-4   8.749999999999999E-4
-2.999999999999973E-4     -6.961524227066477E-5    0.001
-2.140624999999972E-4     -2.360764269461541E-5    8.593749999999999E-4
-2.999999999999973E-4     2.767949192431108E-4     0.001
-3.602160424205923E-4     3.200961894323339E-4     7.912973687133109E-4
-4.99999999999997E-4      2.7679491924311166E-4    5.0E-4
-5.249999999999982E-4     1.4689110867544572E-4    6.249999999999999E-4
0.0011533310194360028     -0.0027398948047033644   9.016282198808132E-4
0.0011148219482753528     -0.0027532468016739976   9.363137345687794E-4
0.0010472554445336004     -0.0026855723530786577   9.270916068584625E-4
0.001060724125451135      -0.0026551176313762952   9.366988257966099E-4
0.0010822060401194727     -0.0027165220450897695   9.452660530297152E-4
0.001047343460861998      -0.0026856422341868845   0.0010000000000000002
0.0011158467332511239     -0.0026533504270044002   9.31069771400511E-4
0.0011860328631155624     -0.0028952210488943425   9.491463263235093E-4
0.0011564136659552736     -0.00269400747619227     9.291399095140344E-4
0.0011143622801631909     -0.0027526622763039132   0.0010000000000000002
0.0012118905284280938     -0.0028073249310097423   9.216325798669572E-4
0.0011644695069638698     -0.002835191084908874    9.367025489785316E-4
0.0011421653396609045     -0.002792821621942013    9.459207915900156E-4
0.001163688544730391      -0.002833475324633266    0.0010000000000000002
0.0011755814346185785     -0.002774387727180392    9.120363721436233E-4
0.0012194327555036012     -0.0028928913825961404   9.249684276359979E-4
0.0012246704070934106     -0.002855858830508331    9.192076013430335E-4
0.0012610228585106585     -0.002938739289086125    9.379103914428583E-4
0.0012459146053039665     -0.0029346839095416967   0.0010000000000000002
0.0011919968404551515     -0.0029203878659420477   0.0010000000000000005
0.0012793098555277185     -0.003                   0.0010000000000000002
0.0010459511613665354     -0.002576771942062015    0.0010000000000000002
0.00114944090124468       -0.0029381007195152867   6.825437893239856E-4
0.0012218061026240006     -0.0029467706689351074   7.816209674911011E-4
0.0011788556421811905     -0.003                   7.398083907517855E-4
0.0011765011239086506     -0.0029381007195152867   7.238723792942606E-4
0.0011833383176183035     -0.003                   6.751795382514094E-4
0.0011509197392572965     -0.003                   6.23952785896596E-4
0.001154334583059332      -0.0030000000000000005   5.627961964197434E-4
0.0010458646494839784     -0.0026313544750626756   5.000000000000002E-4
0.0010591200174967124     -0.0026695182359403958   5.937461581412017E-4
0.0010736299295412473     -0.0027505886064877415   5.000000000000001E-4
0.0010955824530384925     -0.0028472588579392475   5.000000000000002E-4
0.0010776705090599888     -0.0027982384240012497   5.382102369130726E-4
0.0011226050655533293     -0.002689574418976428    5.991701102355638E-4
0.001184134812349245      -0.0029498151053611492   5.936024235432819E-4
0.0011441910179124694     -0.0029244093257647587   5.000000000000002E-4
0.0011574163662179844     -0.0028712291233631833   5.526946934302428E-4
0.0011869919802414257     -0.0029999999999999996   5.000000000000002E-4
0.0012792186626108253     -0.0029529691106997395   7.994327289966556E-4
0.0012867825233620653     -0.003                   8.55123472245298E-4
0.0012337974603962279     -0.002928621502599093    8.481477128281719E-4
0.0012858269152925086     -0.002938263288053894    8.784180629764168E-4
0.0012757973782433398     -0.003                   7.292530453254404E-4
9.150693313210887E-4      -0.0023976364854271836   5.000000000000001E-4
8.126740122556647E-4      -0.0023090968068856708   6.415767967686474E-4
-1.9999999999999445E-4    -2.4282032302755342E-4   0.001
-9.999999999999246E-5     -4.1602540378443947E-4   0.001
-1.3749999999999554E-4    -6.108811196359398E-4    8.125E-4
6.071532165918825E-18     -5.892304845413251E-4    0.001
-3.9999999999999584E-4    1.0358983848622475E-4    5.0E-4
-3.544735418691448E-4     1.468911086754464E-4     6.145231390161556E-4
-7.812499999999557E-5     -3.0235956953773147E-4   8.593749999999999E-4
-5.6249999999994815E-5    -4.4850135642635606E-4   8.4375E-4
-2.999999999999973E-4     -6.961524227066303E-5    5.0E-4
-2.4999999999999713E-4    -1.5621778264910755E-4   6.249999999999999E-4
1.0000000000000286E-4     -7.624355652982126E-4    0.001
1.250000000000019E-4      -8.057368354874364E-4    8.749999999999999E-4
-1.9999999999999532E-4    -2.4282032302755125E-4   5.0E-4
-1.499999999999955E-4     -3.2942286340599536E-4   6.249999999999999E-4
2.000000000000014E-4      -9.356406460551015E-4    0.001
1.789011836308423E-4      -0.0011062003690671767   8.75E-4
3.5940315275628625E-4     -0.001445112733393075    0.0010000000000000002
6.87704740636977E-4       -0.0020908753761121235   0.001
8.074792885439376E-4      -0.0021870915312295455   8.593750000000001E-4
6.451732423543468E-4      -0.0019785638417264147   8.749999999999999E-4
7.844017245053876E-4      -0.0022533681564755378   0.0010000000000000002
8.360132262847364E-4      -0.0023211972744438193   8.75E-4
4.876481650056847E-4      -0.0016114186056146967   0.0010000000000000002
4.410046157844165E-4      -0.001449025200771908    8.75E-4
6.12792165578805E-4       -0.0017557491748677878   0.0010000000000000002
5.34288659961054E-4       -0.0017337339752571668   8.4375E-4
5.706112244965808E-4      -0.001623069690980465    8.125000000000001E-4
7.493478030840568E-4      -0.0019016530807358938   0.001
7.500000000000307E-5      -5.459292143521045E-4    8.749999999999999E-4
-9.999999999999419E-5     -4.160254037844386E-4    5.0E-4
4.336808689942018E-18     -5.892304845413244E-4    5.0E-4
-1.2499999999996628E-5    -4.8097730906827266E-4   6.875E-4
2.9538218543748833E-5     -7.757316067352675E-4    6.015625E-4
3.046059184070287E-4      -0.0011099308891166838   0.0010000000000000002
3.027194631294275E-4      -0.0010226841580453572   8.75E-4
2.8519087056173256E-4     -0.00123722850984328     8.75E-4
1.0000000000000113E-4     -7.624355652982124E-4    5.0E-4
1.4083325196295794E-4     -8.327493245854309E-4    6.093749999999999E-4
1.2500000000000225E-4     -6.325317547305488E-4    6.25E-4
9.222825200967131E-4      -0.002411223665683194    8.804656741649221E-4
9.86012354320727E-4       -0.00244810328728394     0.0010000000000000002
0.0010260346936359296     -0.0025150576251939615   9.025367556236917E-4
0.0010986095746546415     -0.0025180531173409153   9.117156741649224E-4
0.0013433583520585613     -0.003                   9.124423143501187E-4
4.1652330505681165E-4     -0.001265261285520377    0.001
4.0853996553882806E-4     -0.0011817441483079228   8.749999999999999E-4
4.247722906616221E-4      -0.0013153846745399154   8.75E-4
2.027817946399198E-4      -9.356102140731059E-4    5.0E-4
3.063368177950365E-4      -0.0011020388510586162   5.0E-4
4.011113208622482E-4      -0.0010167306094942146   6.25E-4
3.6819895673456275E-4     -0.0012226621569982946   6.25E-4
7.197211258668772E-4      -0.0021632841202490695   5.000000000000002E-4
7.822804608826012E-4      -0.002202984617977189    6.40625E-4
6.698405859718844E-4      -0.001980893261320329    5.000000000000001E-4
7.585579406133344E-4      -0.00203753196673046     6.25E-4
7.104521690516564E-4      -0.0017887872603534502   8.75E-4
6.407114943565231E-4      -0.0017828509903469857   5.000000000000001E-4
7.088090979917123E-4      -0.001865846155331136    6.25E-4
4.1970641246863016E-4     -0.0012247146751922181   5.000000000000001E-4
4.407014657390228E-4      -0.0014060555588869862   5.000000000000001E-4
5.679560690019978E-4      -0.001332506676691917    6.25E-4
4.4920370860397315E-4     -0.001444598277229835    6.25E-4
5.326570530268113E-4      -0.0015384448174333796   6.25E-4
5.875852042623187E-4      -0.0015782726896966014   5.000000000000001E-4
6.535742839874773E-4      -0.001634720776346234    6.25E-4
-1.999999999999962E-4     1.0358983848622345E-4    0.001
-2.339470837382938E-4     2.3349364905388945E-4    8.540462780323113E-4
8.02378994576607E-4       -0.0019322175096491785   8.75E-4
9.629733724075638E-4      -0.0022729163497062924   0.0010000000000000002
0.0010024515965414583     -0.00236038667509393     8.75E-4
0.001036070117870447      -0.002468754198943405    5.000000000000002E-4
9.399254166428952E-4      -0.0025681148909757518   6.293776564175555E-4
0.0010477541950697875     -0.0025043173677747753   6.263324730221952E-4
0.0011030069416961602     -0.0025920834203675496   6.070540133750853E-4
0.0011517821142829551     -0.002535758508539749    5.000000000000001E-4
9.378454158297473E-4      -0.0022001620420052104   9.0625E-4
9.652256790533382E-4      -0.002316484925663029    6.332883983843238E-4
8.867608116789423E-4      -0.0022370703947469485   5.000000000000002E-4
-2.4509854186914495E-4    8.73518621652657E-5      8.332731390161556E-4
-3.999999999999965E-4     4.5000000000000015E-4    5.0E-4
-4.3010802121029465E-4    2.984455543377227E-4     6.456486843566553E-4
-3.3578589606918317E-4    4.5000000000000015E-4    6.661855904246366E-4
-2.7043208484118565E-4    4.5000000000000015E-4    8.325947374266218E-4
-1.9999999999999613E-4    4.500000000000001E-4     0.001
-1.521895495107233E-4     3.417468245269447E-4     8.433205145552518E-4
-9.999999999999506E-5     -6.961524227066434E-5    0.001
-9.999999999999567E-5     -1.5621778264910687E-4   8.749999999999999E-4
-9.999999999999633E-5     1.6987298107780606E-5    8.749999999999999E-4
-7.315200095519315E-5     1.9019237886466842E-4    8.80162171942387E-4
-9.999999999999506E-5     2.767949192431121E-4     0.001
-2.518400317728862E-4     3.200961894323342E-4     6.871390732446297E-4
-2.9999999999999645E-4    2.7679491924311253E-4    5.0E-4
0.0011969805986594235     -0.00273466452538014     9.27210047627558E-4
0.0011434508768202846     -0.0026493066610348073   0.0010000000000000002
0.0010876677905625957     -0.002601441689187089    9.30647599511344E-4
0.0012424138614729524     -0.0028566348635532244   0.001
0.0012183879841843716     -0.0027470411114222625   0.001
0.0012003652781109085     -0.002662304500497147    9.220313053776917E-4
0.0012593115498923182     -0.002779458777110611    9.06562610755383E-4
0.0012848713072229523     -0.0028765265761077886   9.017126537075357E-4
0.0013284786205513517     -0.002913570371461791    0.0010000000000000002
0.0013623623541614176     -0.0029243896288585645   9.09502462552751E-4
0.0013881702952074399     -0.003                   0.0010000000000000002
0.001050704539258473      -0.002452648342709778    8.807776038354233E-4
0.0011503944448085241     -0.0024941791352183318   0.0010000000000000002
0.001149487426382775      -0.0025901788089190314   9.16873489771307E-4
0.0012448662099412487     -0.002949815105361149    6.768308479961305E-4
0.0012365171433273464     -0.003                   6.02136860391386E-4
0.0012139350416391578     -0.0028996302107222975   6.244086506668207E-4
0.0011867855412746936     -0.0026773016996268864   5.000000000000002E-4
0.0011277331867093874     -0.0027891658554236726   5.754072611646213E-4
0.001175775559374718      -0.002813027476630901    5.000000000000002E-4
0.0012462576605210627     -0.00278166429127984     5.733402204711277E-4
0.0012147020983063657     -0.0026022851048162097   5.991701102355638E-4
0.0012578239950473196     -0.002576009978167305    5.000000000000002E-4
0.0012426395202154291     -0.002899740604248479    5.000000000000002E-4
0.0013005568268474        -0.0029999999999999996   5.000000000000002E-4
0.001378442020765138      -0.003                   7.939021412559388E-4
0.0013325511777455108     -0.0029059382213994797   7.228652197858215E-4
0.0013648672398907564     -0.003                   6.326052180608771E-4
0.0014055776002567764     -0.002904820978308637    6.809964822113604E-4
0.001153220481551186      -0.0024215409477529354   5.000000000000001E-4
0.0011091515475794686     -0.0024108493438581894   6.534333989728326E-4
0.0010636388984835397     -0.0023059282382580505   5.000000000000002E-4
0.0012376332428410011     -0.0024991743297929814   6.616701102355638E-4
0.001268787207881237      -0.0024604158807817085   5.000000000000002E-4
5.204170427930421E-18     -2.4282032302754995E-4   0.001
2.500000000000391E-5      -2.861215932167728E-4    8.749999999999999E-4
3.996802888650564E-18     -6.96152422706628E-5     8.749999999999999E-4
1.0000000000000373E-4     -4.1602540378443773E-4   0.001
1.9062500000000318E-4     -6.595950485988118E-4    8.593749999999999E-4
2.0000000000000313E-4     -5.892304845413266E-4    0.001
-2.339470837382938E-4     2.3349364905389012E-4    6.040462780323114E-4
-1.9999999999999706E-4    1.0358983848622475E-4    4.999999999999999E-4
-2.901970837382933E-4     7.11138858443079E-5      6.665462780323113E-4
-9.999999999999633E-5     1.6987298107780938E-5    6.249999999999999E-4
1.7500000000000406E-4     -3.727241335952176E-4    8.749999999999999E-4
-9.999999999999506E-5     -6.961524227066303E-5    5.0E-4
-9.999999999999633E-5     -1.5621778264910687E-4   6.249999999999999E-4
3.0000000000000426E-4     -7.624355652982148E-4    0.001
3.211227402260322E-4      -6.670137307791511E-4    8.671875E-4
2.1385973156471487E-4     -9.142104967663968E-4    8.75E-4
4.336808689942018E-18     -2.4282032302754995E-4   5.0E-4
2.500000000000358E-5      -2.861215932167728E-4    6.249999999999999E-4
3.3306690738754703E-18    -6.96152422706628E-5     6.249999999999999E-4
4.106785493989372E-4      -9.296229738898847E-4    0.0010000000000000002
3.7646201492549876E-4     -8.372099754534303E-4    8.671875E-4
4.703689095703761E-4      -0.0010757762704407703   8.75E-4
5.70214915675194E-4       -0.0014212616026834525   0.0010000000000000002
6.111760392923814E-4      -0.0014944142865004277   8.4375E-4
5.686624393738973E-4      -0.0012529718984561023   8.75E-4
7.789453508031391E-4      -0.002052985788015272    8.4375E-4
8.958439202266071E-4      -0.0020601238738033613   0.0010000000000000002
7.462647283942394E-4      -0.00164968118933773     8.75E-4
6.972422534227297E-4      -0.0015691843665240376   0.001
6.517408540881821E-4      -0.0013657588820203902   8.75E-4
8.182625940315966E-4      -0.0017113222133661944   0.0010000000000000002
9.391036114357893E-4      -0.0018387879353604954   0.0010000000000000002
9.695806479981016E-4      -0.001959477907820025    8.75E-4
1.00000000000002E-4       -4.160254037844373E-4    5.0E-4
2.0000000000000267E-4     -5.026279441628818E-4    6.249999999999999E-4
2.0000000000000226E-4     -5.892304845413262E-4    5.0E-4
3.0000000000000333E-4     -6.758330249197707E-4    6.249999999999999E-4
5.128181136223242E-4      -0.001087893395982447    0.0010000000000000002
5.321978536019245E-4      -9.69808392573618E-4     8.75E-4
3.000000000000034E-4      -7.62435565298215E-4     5.0E-4
3.0041650392591485E-4     -8.489364961361227E-4    6.25E-4
0.0011471065567677128     -0.0024123376449815253   8.741241232465003E-4
0.0011172784650188318     -0.0023317469577757597   0.0010000000000000002
0.001235378601051506      -0.0023823833802086416   0.001
0.001266139497381969      -0.002436578896514047    9.0625E-4
0.0014628086256369506     -0.003                   8.773292677209353E-4
0.0014545482931298734     -0.002904820978308637    8.033585070413896E-4
5.759197053435635E-4      -0.0011240191959504472   8.4375E-4
6.370446345579329E-4      -0.001244927201695298    0.0010000000000000002
4.016660157036521E-4      -9.352342078929605E-4    5.000000000000001E-4
4.5245348830388497E-4     -8.474342746353077E-4    6.25E-4
5.276915867542818E-4      -9.726140095751559E-4    6.25E-4
4.941308762440701E-4      -0.001090576776385779    5.0E-4
4.972055602169658E-4      -0.0011757966858013428   6.25E-4
8.445988799583503E-4      -0.002060124800037794    5.000000000000002E-4
8.391599681706748E-4      -0.001931499536247619    6.25E-4
8.997391354654366E-4      -0.002182239064525539    6.562500000000001E-4
0.0010004521994644326     -0.002136868378562819    5.000000000000001E-4
9.140192984967793E-4      -0.0020397537548305948   6.25E-4
8.147838946756216E-4      -0.0017760654250066742   6.25E-4
8.14976451911708E-4       -0.0018654400033215664   5.000000000000001E-4
8.674998542979901E-4      -0.0017871407342807198   8.125000000000001E-4
8.501285261996895E-4      -0.0016723683424951603   8.75E-4
7.756376070005297E-4      -0.001663696319758835    5.000000000000001E-4
7.624471975928251E-4      -0.0015531998832182272   6.25E-4
5.840371833229123E-4      -0.0012567719049134368   5.000000000000001E-4
6.35631893814134E-4       -0.0014039967581669275   5.0E-4
7.281696853673678E-4      -0.0013846460495476158   6.249999999999999E-4
6.304133691970894E-4      -0.0014615454334904977   6.25E-4
7.633659051018678E-4      -0.0014857768852766318   5.000000000000001E-4
4.336808689942018E-18     1.0358983848622475E-4    0.001
0.0011010295218181363     -0.0021464820439976258   0.001
0.0011656010262412113     -0.002256860954827033    9.0625E-4
0.0010427471282902002     -0.002225788092098321    8.75E-4
0.0011177773458510116     -0.0023238730444403864   6.25E-4
0.0010830426600389421     -0.0020911895091027125   8.75E-4
0.0010413932048076349     -0.002181536759845328    6.25E-4
-1.9999999999999592E-4    4.500000000000001E-4     5.0E-4
-1.3578833495318278E-4    4.500000000000001E-4     6.661851121292458E-4
6.342399952240575E-5      2.1184301395927945E-4    8.775810859711934E-4
-7.043201528315283E-5     4.5000000000000015E-4    8.325947510781922E-4
-1.4907262656263946E-4    2.767949192431118E-4     7.54981588990854E-4
-2.7846775559180253E-5    3.363341657532923E-4     8.492042171555229E-4
4.445228907190568E-18     4.500000000000002E-4     0.001
1.0000000000000399E-4     1.6987298107781436E-5    8.749999999999999E-4
1.000000000000046E-4      -6.96152422706626E-5     0.001
1.375000000000032E-4      -1.7786841774371806E-4   8.749999999999999E-4
1.000000000000046E-4      2.767949192431121E-4     0.001
9.649599839236247E-5      3.309215069796396E-4     8.550879197557942E-4
-6.419816938698443E-5     3.2009618943233453E-4    6.559168999493968E-4
-9.999999999999419E-5     2.7679491924311253E-4    5.0E-4
7.391996179214711E-6      1.9019237886466907E-4    6.45648687769548E-4
0.001214324243202801      -0.0025387282371200155   8.75E-4
0.0012768410232257476     -0.0026195964327543984   0.0010000000000000002
0.0013098398366362142     -0.002723189132266909    9.220313053776917E-4
0.0013623999938708956     -0.00277107592457433     0.0010000000000000002
0.001381366356264274      -0.00284877925771713     9.065626107553832E-4
0.001462497596928283      -0.0028856820726352998   0.0010000000000000002
0.0015434225994760153     -0.0030000000000000005   0.0010000000000000002
0.0013113294841890742     -0.002480441828569643    0.0010000000000000002
0.0012904140883764558     -0.0025790060751772832   8.125000000000001E-4
0.001541649418724469      -0.0028287156689398643   8.646938731809219E-4
0.0013168567794183332     -0.0028350031912572826   6.114326098929109E-4
0.0013042869397949424     -0.0026511385787434485   5.000000000000001E-4
0.0012030275191286675     -0.0027007727631304023   6.229252755889096E-4
0.0013011623810911558     -0.002764068161115085    5.000000000000002E-4
0.001333833157320633      -0.0026916760371748175   6.25E-4
0.0013845945805388065     -0.002578895120230075    6.093750000000001E-4
0.0013717001629400738     -0.002553438789264144    5.000000000000001E-4
0.0013897064934000891     -0.002868325573897904    5.000000000000002E-4
0.001460650197961507      -0.0029999999999999996   5.000000000000001E-4
0.0015054295753969382     -0.002830366610220391    6.146938731809219E-4
0.0015260719876954826     -0.003                   7.087754927236876E-4
0.0010837764100926483     -0.002037221161677336    6.25E-4
0.0011393413657267521     -0.0021646377935962513   5.000000000000002E-4
0.0013921875757622274     -0.002516725700834939    8.75E-4
0.0013036862841165901     -0.002369788428120849    6.25E-4
0.0012517183440140045     -0.0022935547022974734   5.000000000000001E-4
0.0014353560037569802     -0.002466114203285331    5.937500000000002E-4
0.0013994188258252532     -0.002393091665622557    5.000000000000002E-4
2.0000000000000313E-4     -2.4282032302755125E-4   0.001
3.000000000000043E-4      -5.026279441628828E-4    8.749999999999999E-4
3.000000000000051E-4      -4.1602540378443947E-4   0.001
3.0156250000000425E-4     -3.158912164718629E-4    8.671875E-4
4.000000000000054E-4      -5.892304845413255E-4    0.001
4.500000000000045E-4      -5.026279441628812E-4    8.749999999999999E-4
4.5162048045206124E-4     -6.744324129594903E-4    8.749999999999999E-4
2.7500000000000376E-4     -1.3456714755449636E-4   8.749999999999999E-4
4.336808689942018E-18     1.0358983848622562E-4    5.0E-4
1.0000000000000286E-4     -6.96152422706626E-5     5.0E-4
1.0000000000000299E-4     1.6987298107781436E-5    6.249999999999999E-4
1.3750000000000285E-4     -1.7786841774371774E-4   6.249999999999999E-4
5.064819218082292E-4      -7.56833117457098E-4     0.001
5.861743594014152E-4      -8.318709843333606E-4    8.75E-4
2.0000000000000226E-4     -2.4282032302755038E-4   5.0E-4
2.750000000000027E-4      -1.3456714755449603E-4   6.249999999999999E-4
1.6875000000000275E-4     -3.402481809532998E-4    6.249999999999999E-4
6.138271296983666E-4      -9.191468894090167E-4    0.001
7.80264614747981E-4       -0.001390347031019119    0.001
7.820772877368224E-4      -0.0015105751183220094   8.75E-4
7.267457728032297E-4      -0.001249616407095901    8.75E-4
0.0010837511099270466     -0.001956173877077587    0.001
0.0012042080837132549     -0.0020789654916537467   8.75E-4
9.818255754900564E-4      -0.0018121410717842426   8.75E-4
8.977175018552138E-4      -0.0015345596742985367   0.0010000000000000002
8.555699977671547E-4      -0.001370526306182546    8.75E-4
0.0010105308771099332     -0.0016710209676405342   0.001
0.0010904338243518854     -0.0017965665714982449   0.0010000000000000002
0.0011254258653239555     -0.0019468739109347202   8.749999999999999E-4
5.320602402260322E-4      -5.77704861013881E-4     8.749999999999999E-4
3.0000000000000426E-4     -4.1602540378443903E-4   5.0E-4
3.0000000000000366E-4     -3.294228634059947E-4    6.249999999999999E-4
4.5162048045206124E-4     -6.744324129594907E-4    6.249999999999999E-4
4.000000000000045E-4      -5.892304845413264E-4    5.0E-4
4.0081024022603235E-4     -5.668795434665751E-4    6.562499999999999E-4
7.19369588170796E-4       -0.0010783320089247012   0.0010000000000000002
7.342210788019605E-4      -9.614181168916735E-4    8.749999999999999E-4
5.000000000000065E-4      -7.624355652982124E-4    5.0E-4
0.0012559509226225873     -0.0022332675257546526   0.0010000000000000002
0.0012900915579698732     -0.002327571887431271    8.749999999999999E-4
0.001339324255777422      -0.0023596758847354658   0.0010000000000000002
0.0015895181819504387     -0.0028714265050781397   7.293877463618438E-4
0.0016321549832605618     -0.003                   8.577907575786403E-4
0.001680744360012416      -0.0028984860684949467   6.485555304969132E-4
8.429915249807502E-4      -0.0012259096882432591   0.001
8.392724434043949E-4      -0.0010829553067102347   8.75E-4
5.943103198322568E-4      -9.309999329227259E-4    5.0E-4
5.963021767523927E-4      -8.572864657426499E-4    6.25E-4
6.527269683470134E-4      -0.001015943703097572    6.25E-4
6.936071859114578E-4      -0.001100840733105686    5.000000000000001E-4
6.390212970648033E-4      -0.0011601449959184474   6.875E-4
6.835954912160856E-4      -0.0012723955227330317   6.562499999999999E-4
9.776523722227126E-4      -0.001939029637582986    5.000000000000001E-4
9.197619957280157E-4      -0.0018254671057647781   6.25E-4
0.0011217744410234572     -0.0019995031399844443   5.000000000000001E-4
9.595229243512795E-4      -0.001739154917740298    5.000000000000002E-4
9.207586913595311E-4      -0.0016862846946822118   6.25E-4
9.946340911170218E-4      -0.0015657922053025188   8.75E-4
0.0011630266783138373     -0.0019356302021877893   6.25E-4
8.288160326841564E-4      -0.0016485553956914806   6.25E-4
9.457263227039703E-4      -0.001555506729882058    5.0E-4
8.713201111981729E-4      -0.0014716789900902202   6.25E-4
0.0010186385015414003     -0.0015762657330942796   6.25E-4
8.614405633922779E-4      -0.0013620969303534277   6.25E-4
7.899022971163041E-4      -0.0012827015367497495   5.0E-4
8.591272265615521E-4      -0.001181429297239565    6.25E-4
9.128687066132036E-4      -0.0013973479041349875   5.0E-4
0.001090992252365358      -0.0016967956539023729   8.75E-4
2.00000000000004E-4       1.0358983848622475E-4    0.001
2.2500000000000422E-4     -2.6313972081440767E-5   8.749999999999999E-4
1.3423999522405252E-5     1.03589838486225E-4      8.775810859711934E-4
0.0012408704863996296     -0.00203885848200104     0.0010000000000000002
0.0012200839108041288     -0.0022183073531478197   7.031250000000001E-4
0.0012573022962865344     -0.002116697209613669    6.25E-4
0.0013590714327104002     -0.0022105820395416646   6.25E-4
0.0013253735073875672     -0.0020667414742047805   8.75E-4
2.0802640926277375E-4     9.276452093891959E-5     6.145231294328025E-4
4.662069341687669E-18     4.500000000000001E-4     5.0E-4
5.895373383205006E-5      3.2009618943233453E-4    6.820047088403038E-4
6.421127410216458E-5      4.500000000000002E-4     6.661850354624215E-4
2.0000000000000432E-4     2.3349364905389045E-4    8.749999999999999E-4
1.295679972623193E-4      4.500000000000001E-4     8.325947535403951E-4
1.821056370510842E-4      3.2009618943233453E-4    7.080925177312107E-4
2.0000000000000497E-4     4.500000000000002E-4     0.001
3.000000000000051E-4      -6.961524227066434E-5    0.001
3.40625000000004E-4       3.322527442873941E-5     8.749999999999999E-4
2.500000000000038E-4      1.4689110867544688E-4    8.749999999999999E-4
3.000000000000051E-4      2.767949192431121E-4     0.001
2.647839997559898E-4      3.4174682452694507E-4    8.537973769909596E-4
1.000000000000046E-4      2.7679491924311253E-4    5.0E-4
1.9105281852554393E-4     2.118430139592801E-4     6.040462588656053E-4
0.0017312366765367764     -0.0030000000000000005   0.0010000000000000005
0.0016370108768261416     -0.002847789381262453    0.0010000000000000002
0.001691923392922773      -0.0028596079431702963   8.945526202493996E-4
0.0014573552156285727     -0.002663032474693952    8.75E-4
0.00142872092730528       -0.002587429247725653    0.0010000000000000002
0.0015482064977070352     -0.002706781036153354    0.0010000000000000002
0.001600585436956215      -0.0027248170231548166   8.75E-4
0.0014517621727993752     -0.0024180235245902003   0.0010000000000000002
0.0014435912087906741     -0.0026969400070614336   5.000000000000001E-4
0.0014603826482394366     -0.0026619636825634023   6.250000000000001E-4
0.0015869321391582402     -0.002632251327951987    6.250000000000001E-4
0.0015208999021110855     -0.002521649645747694    5.000000000000002E-4
0.0015645711901710801     -0.0028510912638235082   5.000000000000002E-4
0.0016087677831882372     -0.002796972136989894    6.250000000000001E-4
0.0016539313364965084     -0.0029999999999999996   5.000000000000002E-4
0.0015657147454614343     -0.0025687886870187663   8.75E-4
0.0017527209368365952     -0.003                   6.721110609938264E-4
0.0017468359090194046     -0.0028714265050781397   7.891052404987994E-4
0.0012504501315146821     -0.0019189740125061202   5.000000000000001E-4
0.0013128566791804994     -0.0019938653190686036   6.25E-4
0.0013013554976653687     -0.0020895538586526248   5.000000000000001E-4
0.0014870122426213271     -0.0023169327989534813   8.75E-4
0.0015263634940413807     -0.0024428607429861243   8.75E-4
0.0014338651831341089     -0.0022180433077628754   5.000000000000002E-4
0.001460840569134266      -0.0023044668694696597   6.25E-4
0.001759969165413058      -0.0028494593918324406   6.445526202493996E-4
0.0018515105371766827     -0.0029999999999999996   5.000000000000002E-4
0.0017731024218067114     -0.0028274922785867414   5.000000000000002E-4
0.0015486403060640782     -0.0023600243459142366   5.000000000000001E-4
0.0015520614476634594     -0.0024762229918159364   6.25E-4
6.000000000000016E-4      -5.892304845413255E-4    0.001
6.401508652009062E-4      -6.939335760931033E-4    8.749999999999999E-4
4.0000000000000625E-4     -2.4282032302754995E-4   0.001
4.3906250000000444E-4     -3.808431217556948E-4    8.671875E-4
6.125000000000036E-4      -4.809773090682717E-4    8.749999999999999E-4
5.000000000000039E-4      -4.1602540378443665E-4   0.001
4.1250000000000396E-4     -9.126587736527466E-5    8.749999999999999E-4
2.00000000000004E-4       1.0358983848622562E-4    5.0E-4
5.500000000000035E-4      -3.2942286340599335E-4   8.749999999999999E-4
3.812500000000034E-4      2.7812615655086364E-5    6.249999999999999E-4
3.000000000000034E-4      -6.961524227066347E-5    5.0E-4
2.2500000000000325E-4     -2.6313972081440767E-5   6.249999999999999E-4
7.032135635666103E-4      -7.557266798715932E-4    0.001
7.814511643758571E-4      -8.374264280591956E-4    8.749999999999999E-4
7.075754326004544E-4      -5.766301250333826E-4    8.749999999999999E-4
4.000000000000045E-4      -2.4282032302755038E-4   5.0E-4
4.2178329191233486E-4     -9.99993454095723E-5     6.324203092402287E-4
4.781250000000042E-4      -3.4566083972695217E-4   6.093749999999999E-4
8.147249997990094E-4      -9.128424225259958E-4    0.001
9.290627077974871E-4      -0.0012304774940430823   8.749999999999999E-4
9.849986784700344E-4      -0.0013627240560099725   0.001
9.821364978822565E-4      -0.0014101525754568905   8.75E-4
0.0012403195034464696     -0.0018520633040327457   0.0010000000000000002
0.0011827874189717198     -0.0018190861799528945   8.75E-4
0.0012745825855780813     -0.001941376706003416    8.75E-4
0.0010881508529057317     -0.0014925718692623624   0.0010000000000000002
0.0011469902999108443     -0.0015633364038519176   8.75E-4
0.0012016641516155386     -0.0016601976008201852   0.0010000000000000002
5.000000000000048E-4      -4.160254037844373E-4    5.0E-4
3.5000000000000347E-4     -4.5932667397365946E-4   6.875E-4
5.500000000000035E-4      -5.026279441628806E-4    6.249999999999999E-4
6.000000000000024E-4      -5.892304845413244E-4    5.0E-4
6.401508652009065E-4      -6.939335760931028E-4    6.249999999999999E-4
9.254948044824995E-4      -0.0010620342551640588   0.001
6.999999999999949E-4      -7.624355652982124E-4    5.000000000000001E-4
7.401508652009005E-4      -8.671386568499923E-4    6.249999999999999E-4
7.200754326004533E-4      -5.982807601279931E-4    6.249999999999999E-4
0.0019042981396347378     -0.002852886204540276    6.055277652484566E-4
0.0014075243435058664     -0.0021114520901583905   0.0010000000000000002
0.0013761644291970534     -0.0021921062424061456   8.75E-4
0.001437890685762477      -0.002251966087010327    0.001
0.0015688053978803974     -0.002205444919494977    8.749999999999999E-4
0.0018481700600887524     -0.00287242581677062     7.110555304969132E-4
0.0018407074418334147     -0.003                   8.282104809975986E-4
9.855065475965561E-4      -9.98992439190185E-4     8.75E-4
0.0010004269015922208     -0.0011471139900427142   8.749999999999999E-4
0.001041678504546448      -0.0012066493755896605   0.001
0.0010899827082864906     -0.0013252541665170607   9.140624999999999E-4
7.999999999999908E-4      -9.356406460551035E-4    5.0E-4
7.777623499397449E-4      -0.0010592733966199885   6.25E-4
9.018075420745781E-4      -0.0011085529819826257   5.000000000000001E-4
9.825823489033898E-4      -0.0010064969193959543   6.249999999999999E-4
0.0011320524514976584     -0.0018087067612193616   5.000000000000001E-4
0.0011118015659382443     -0.0017028657487629315   6.25E-4
0.0010541619748184858     -0.001911357684942663    6.875E-4
0.001093968482316533      -0.0016146675895337423   5.000000000000001E-4
0.0012422769465350266     -0.0018340392426982423   6.25E-4
0.0011022195089562615     -0.0014243277628513537   5.0E-4
0.0012016632056730699     -0.0014924813819201148   6.25E-4
9.947114414171883E-4      -0.0013395478111592396   6.25E-4
9.83304855707686E-4       -0.0012502389741908984   5.0E-4
0.001094082336930181      -0.0011844087736788693   6.25E-4
4.000000000000054E-4      1.0358983848622518E-4    0.001
0.00134241648256315       -0.0018255742116540933   8.437500000000001E-4
0.0013820645504352986     -0.0019451794672149785   0.0010000000000000002
0.0015063850594254223     -0.002128170736374005    6.25E-4
0.001467392787418327      -0.0019785088857544645   8.75E-4
0.0012456998191491292     -0.0016968138967748492   6.25E-4
0.0013106951938098525     -0.0017942081620334598   5.000000000000001E-4
0.0013921283065630695     -0.0019215251416513923   5.000000000000002E-4
0.0014175506329889415     -0.0018245395513049223   6.25E-4
2.0000000000000364E-4     4.5000000000000015E-4    5.0E-4
2.6421121174130795E-4     4.500000000000001E-4     6.661850232334736E-4
2.910528185255446E-4      2.767949192431125E-4     6.665462588656052E-4
4.000000000000046E-4      2.3349364905389045E-4    8.749999999999999E-4
3.2956799951197537E-4     4.500000000000001E-4     8.325947539819193E-4
4.000000000000056E-4      4.500000000000002E-4     0.0010000000000000002
4.647839999566899E-4      3.4174682452694507E-4    8.537973770303498E-4
5.000000000000039E-4      -6.96152422706626E-5     0.001
5.625000000000028E-4      -1.7786841774371757E-4   8.749999999999999E-4
4.562500000000041E-4      9.276452093891942E-5     8.749999999999999E-4
5.000000000000048E-4      2.767949192431121E-4     0.001
3.647839997559898E-4      3.417468245269454E-4     7.287973769909596E-4
3.0000000000000426E-4     2.767949192431121E-4     5.0E-4
3.347884570074457E-4      1.414695589158277E-4     6.266544163266923E-4
0.0018399742773865762     -0.0028572364638573865   8.516052404987993E-4
0.0019271523671775012     -0.0030000000000000005   0.0010000000000000005
0.0018310025894606513     -0.0028284812057127176   0.0010000000000000002
0.0017408494757789855     -0.0027777603634832233   8.945526202493996E-4
0.001734863042538567      -0.0026840942218883074   0.0010000000000000002
0.0016178056803675903     -0.002501568329854121    0.001
0.0015581903729374996     -0.002332692995335374    0.0010000000000000002
0.0016467098299414971     -0.002458879559584272    5.000000000000001E-4
0.0016196278684105386     -0.0022644515180863744   6.25E-4
0.0016689178755846489     -0.002637916639050107    5.000000000000002E-4
0.0017104757511562964     -0.002604325304958406    6.250000000000001E-4
0.001764190324058292      -0.0026967812563370025   6.250000000000001E-4
0.0018392411129397382     -0.002714472927714774    8.75E-4
0.0017699061598958872     -0.0025883785019719793   8.75E-4
0.0017005712068520367     -0.0024622840762291856   8.749999999999999E-4
0.0019507942714405847     -0.003                   6.727708677305631E-4
0.001490507806407566      -0.0020404993994312475   5.000000000000001E-4
0.0014724246654822127     -0.0019666817229726714   6.25E-4
0.002050078005704486      -0.002999999999999999    5.000000000000002E-4
0.0015936171279950211     -0.002172782412411428    5.000000000000001E-4
0.0019604262191807234     -0.002833346592309932    5.000000000000002E-4
0.0018754162719111893     -0.0026507095025177256   5.000000000000002E-4
0.0019249516757017832     -0.0027872202400324947   6.680277652484567E-4
0.0017169934243777985     -0.002313060962855986    5.000000000000001E-4
0.0016721833243172773     -0.0023549835894956595   6.875E-4
8.000000000000047E-4      -5.892304845413283E-4    0.001
8.286812499497537E-4      -7.134347392267177E-4    8.749999999999999E-4
7.000000000000018E-4      -4.160254037844397E-4    0.001
7.750000000000027E-4      -4.5932667397366195E-4   8.749999999999999E-4
7.250000000000016E-4      -3.7272413359521774E-4   8.749999999999999E-4
6.000000000000033E-4      -2.4282032302754995E-4   0.001
4.000000000000045E-4      1.0358983848622518E-4    5.0E-4
4.0427858119879617E-4     2.2703086141526282E-4    6.271114319043557E-4
5.000000000000048E-4      -6.96152422706626E-5     5.0E-4
5.281250000000034E-4      -2.5905829934850844E-4   6.093749999999999E-4
4.8177083333333714E-4     1.184746501137698E-4     5.989583333333333E-4
9.003772251656222E-4      -7.539932515652833E-4    0.001
8.750000000000044E-4      -5.459292143521056E-4    8.749999999999999E-4
9.346001482273109E-4      -8.740226338983547E-4    8.75E-4
6.000000000000033E-4      -2.4282032302754995E-4   5.0E-4
5.909341019932972E-4      -1.790712319104371E-5    6.334776956438687E-4
6.070312500000025E-4      -3.334823574862337E-4    6.523437499999999E-4
0.0010118377965551185     -9.104062738846022E-4    0.0010000000000000002
0.0010976968198475837     -0.0012174491335334315   8.515625E-4
0.0011698034967346617     -0.0013132564621760852   0.0010000000000000002
0.0012029883474563303     -0.0014298771538014622   8.75E-4
0.0013717859023225842     -0.0017598391480743822   0.001
0.0012513855270027082     -0.0016104163009045306   8.75E-4
0.0012712428227989823     -0.0014559454590794205   0.0010000000000000002
0.0013831162038210774     -0.001591983354351778    0.0010000000000000002
0.001308883583874187      -0.001492333865901365    8.75E-4
0.001059268966132072      -8.257715022459623E-4    8.75E-4
6.999999999999992E-4      -4.1602540378443795E-4   5.0E-4
6.750000000000017E-4      -5.026279441628821E-4    6.249999999999999E-4
7.250000000000002E-4      -3.727241335952167E-4    6.249999999999999E-4
7.999999999999969E-4      -5.892304845413272E-4    5.0E-4
7.999999999999999E-4      -5.026279441628834E-4    6.249999999999999E-4
8.013254326004508E-4      -7.606605233375764E-4    6.562499999999999E-4
0.0011241509455405451     -0.0010563231385122033   0.001
0.0011892441405520673     -0.0011808957503861852   0.001
8.99999999999998E-4       -7.624355652982189E-4    5.0E-4
9.316759495341446E-4      -8.815271141041239E-4    6.249999999999999E-4
8.625000000000007E-4      -6.541823898251608E-4    6.875E-4
0.001515922301780319      -0.0020077716444217527   0.001
0.0014948275499308027     -0.002097175479535614    8.125000000000001E-4
0.002046490894481952      -0.00287242581677062     7.11385696252889E-4
0.0015963635117366573     -0.0021593819263450525   0.0010000000000000002
0.0016939073254086366     -0.0020633984809915137   8.75E-4
0.0016986341912532258     -0.002238642465528728    8.75E-4
0.0020272071187123313     -0.003                   8.276490558379624E-4
0.002035935685409097      -0.0028501846902417765   8.556928481264446E-4
0.0020017332913148137     -0.0027020146632943686   6.250000000000001E-4
0.0021236085854949844     -0.0029999999999999996   0.0010000000000000002
0.001113027315884003      -9.885873675036176E-4    8.749999999999999E-4
0.0011555480371450546     -0.0011010072693795193   8.90625E-4
0.0012618944610880234     -0.0011773128130392167   8.75E-4
0.0010059893991687862     -9.254152342961406E-4    5.0E-4
0.0010598259355455075     -8.309580260534669E-4    6.25E-4
0.0011116104976391884     -0.001087069829174247    5.0E-4
0.0011530483681283983     -9.218068886478102E-4    6.249999999999999E-4
0.0011839693891787192     -0.0013268659778673299   5.9375E-4
0.00121909760095868       -0.0015292866476259745   5.0E-4
0.0012572958767428878     -0.0016445233206593335   5.000000000000001E-4
0.0013471296719776947     -0.0015452304649436767   6.25E-4
0.001267990004133879      -0.0014209383337314757   5.0E-4
0.001228830087410317      -0.0012666174056828565   5.000000000000001E-4
0.001283821959209568      -0.001391334457399822    6.25E-4
0.0012120374332344314     -0.0011576218525043461   6.25E-4
0.0014102503795482186     -0.001709771717304771    8.125000000000001E-4
0.0015259879393769125     -0.0018599691561437758   0.0010000000000000002
6.000000000000033E-4      1.0358983848622518E-4    0.001
6.062500000000026E-4      6.161980560474679E-6     8.749999999999999E-4
0.0015148563538279194     -0.0018413209888911352   8.437500000000001E-4
0.0016226689926999438     -0.0020576722566542      6.25E-4
0.001604381839618278      -0.0019523597349413245   8.593750000000001E-4
0.00138023513126323       -0.0016848026626112263   5.000000000000001E-4
0.0013952427554057244     -0.0016972871899579988   6.5625E-4
0.0014293793271734894     -0.0017843262460015704   5.000000000000001E-4
0.0015223401863636498     -0.0017444632774424069   5.9375E-4
0.0015566698135371293     -0.0018585215700598736   5.000000000000001E-4
4.0000000000000387E-4     4.500000000000001E-4     5.0E-4
4.642112018484713E-4      4.500000000000001E-4     6.661850212935713E-4
6.062500000000049E-4      1.7936706131736234E-4    8.749999999999999E-4
5.295679999133762E-4      4.500000000000001E-4     8.325947540606996E-4
5.000000000000047E-4      2.767949192431125E-4     7.499999999999999E-4
6.000000000000046E-4      4.500000000000002E-4     0.001
5.6790899995669E-4        3.146835306586812E-4     8.537973770303498E-4
7.000000000000018E-4      -6.961524227066434E-5    0.001
7.250000000000016E-4      -1.995190528383299E-4    8.749999999999999E-4
7.000000000000062E-4      2.767949192431108E-4     0.001
5.000000000000047E-4      2.767949192431125E-4     6.249999999999999E-4
5.000000000000048E-4      2.7679491924311253E-4    5.0E-4
0.0020253804763362433     -0.0028279435637129334   0.0010000000000000002
0.0019268121475010972     -0.002656356674772548    0.0010000000000000002
0.0020335811562970374     -0.0027003116803963048   8.75E-4
0.00181791942048824       -0.0024937718145741925   0.001
0.0017210704849665286     -0.002321438231734436    0.0010000000000000002
0.001700145658425177      -0.0023106039141044064   8.125E-4
0.001744086884790782      -0.0021263722824559055   6.25E-4
0.0017489063535959955     -0.002428747245580702    6.25E-4
0.001795771824389297      -0.0024846081514004487   5.000000000000001E-4
0.001863184832114877      -0.002527291769602187    6.250000000000001E-4
0.0019296978484611013     -0.0025328882234886972   8.75E-4
0.0018790804165435776     -0.0024023641175255884   8.75E-4
0.0021477797935027247     -0.0029138751998182212   7.642321203161112E-4
0.0021493626056229937     -0.003                   6.727713925057781E-4
0.0016230610029514063     -0.0018695241554982389   6.25E-4
0.0016758308804914902     -0.0019792948016850997   5.000000000000001E-4
0.0021585457460665783     -0.0028705857696535316   6.48885696252889E-4
0.002248647205541501      -0.002999999999999999    5.000000000000002E-4
0.002149362605622993      -0.00282722860749422     5.000000000000002E-4
0.0018205277916456368     -0.0022942087057578877   6.25E-4
0.0017884536595832471     -0.0020938208129321844   5.000000000000002E-4
0.001738952925974465      -0.0019871737769343945   6.25E-4
0.0020598473992887176     -0.0026591776930474983   5.000000000000002E-4
0.002167728886510163      -0.0027411715393070627   6.25E-4
0.0020292839974146134     -0.002571759131547893    6.250000000000001E-4
0.00197433603750181       -0.0024838495683376692   5.000000000000002E-4
0.0018842863340127487     -0.002303458048580072    5.000000000000002E-4
9.000000000000058E-4      -4.1602540378443925E-4   0.001
9.981268185160447E-4      -6.135061238483828E-4    8.749999999999999E-4
0.001000000000000007      -5.892304845413257E-4    0.001
9.515625000000044E-4      -4.2955705071857106E-4   8.749999999999999E-4
0.0010251886125828146     -7.149131382425274E-4    8.749999999999999E-4
8.000000000000047E-4      -2.4282032302755168E-4   0.001
8.750000000000037E-4      -2.861215932167728E-4    8.749999999999999E-4
8.000000000000023E-4      -6.961524227066363E-5    8.749999999999999E-4
7.40625000000004E-4       1.1982781480718249E-4    8.749999999999999E-4
6.000000000000033E-4      1.0358983848622518E-4    5.0E-4
6.062500000000036E-4      1.79367061317363E-4      6.249999999999999E-4
9.437500000000032E-4      -5.567545318994113E-4    6.562499999999999E-4
7.000000000000018E-4      -6.96152422706626E-5     5.0E-4
7.250000000000016E-4      -1.995190528383291E-4    6.249999999999999E-4
7.406250000000033E-4      1.1982781480718249E-4    6.249999999999999E-4
0.001091923724959934      -7.566984304797381E-4    0.001
8.000000000000012E-4      -2.4282032302755168E-4   5.0E-4
8.00000000000002E-4       -6.961524227066347E-5    6.249999999999999E-4
8.750000000000021E-4      -4.1602540378443995E-4   6.249999999999999E-4
0.0013227335464167027     -0.0012865535642608518   8.75E-4
0.001197817973286137      -9.162879586939237E-4    0.001
0.0013436492857945752     -0.0012595197644170997   0.0010000000000000002
0.0013835726317453817     -0.0013957943154824866   8.75E-4
0.0014147788202920435     -0.0015547905780012676   8.75E-4
0.0015290941377029072     -0.0016910741073623186   0.001
0.001449319421483835      -0.0014244061926244112   0.0010000000000000002
0.0015284507381942087     -0.0015489461550136597   0.0010000000000000002
0.0015723153161018252     -0.0015800337259870292   8.75E-4
0.0015358789698291366     -0.0014640047231921065   8.75E-4
0.0011839377840368328     -7.775203705935697E-4    8.749999999999999E-4
9.000000000000015E-4      -4.1602540378444055E-4   5.0E-4
0.0010000000000000044     -5.892304845413309E-4    5.000000000000001E-4
0.0010250000000000025     -7.191342951089951E-4    6.25E-4
0.0010250000000000053     -4.593266739736618E-4    6.249999999999999E-4
0.0012939761022723517     -0.001076129015782959    0.001
0.0011000000000000098     -7.624355652982185E-4    5.000000000000001E-4
0.0011564879607784385     -6.63159076177458E-4     6.25E-4
0.0016880945408189558     -0.0019678732100034003   0.0010000000000000002
0.0016295694276596473     -0.0017999990761933034   8.593750000000001E-4
0.0016415031013336653     -0.0017783357686655633   0.0010000000000000002
0.0021461969813824566     -0.0028277503996364433   8.556928481264446E-4
0.0018058230920016145     -0.0021450650915478264   0.001
0.0018284629846260542     -0.002271840011562479    8.75E-4
0.0017998680182037803     -0.0019227076528279658   8.75E-4
0.0022229865445222595     -0.003                   8.278205125423656E-4
0.002221842748559343      -0.002827865400994758    0.001
0.002163563177661611      -0.00272097784958552     8.653464240632224E-4
0.0023200769116236987     -0.0030000000000000005   0.0010000000000000005
0.0012973360812779547     -0.0010096350823101791   8.125E-4
0.0014284886313202635     -0.0012014384602305442   8.75E-4
0.0011879759215568705     -7.803889380028099E-4    6.25E-4
0.0012041930500293358     -9.227621808005884E-4    5.0E-4
0.0012044732894585714     -0.001048352455742213    6.562499999999999E-4
0.0013006960602835577     -9.431411488373993E-4    6.25E-4
0.0013254402774533847     -0.0010879399869673976   5.0E-4
0.0013299925295386821     -0.001130834931329823    6.25E-4
0.0013931524415655107     -0.0015298259288984775   5.000000000000001E-4
0.0014588892337738123     -0.0014411854064517162   6.25E-4
0.001464088656320575      -0.001604244924601398    6.25E-4
0.0013659807127460663     -0.0012901875328795293   6.25E-4
0.0014104681038063817     -0.0013522018830217785   5.0E-4
0.0014141355834852041     -0.0012131926274184966   5.0E-4
0.001608751662374514      -0.0016960627287819514   8.75E-4
8.000000000000047E-4      1.0358983848622431E-4    0.001
0.0017442825014913753     -0.0017586771634954717   8.75E-4
0.0015409556044483734     -0.001666253733246319    5.000000000000001E-4
0.0016908098439124119     -0.0017931802718698085   5.000000000000001E-4
0.0016325358726008664     -0.0016434255369076973   6.25E-4
6.352306001444324E-4      3.146835306586815E-4     6.455925104938799E-4
6.000000000000031E-4      4.500000000000001E-4     5.0E-4
6.642112002888619E-4      4.500000000000001E-4     6.6618502098776E-4
7.497299999920064E-4      3.525721420742505E-4     7.39121721296994E-4
7.248649999960062E-4      3.146835306586808E-4     8.695608606484968E-4
7.295679999846851E-4      4.5000000000000015E-4    8.325947540746951E-4
8.000000000000064E-4      4.500000000000001E-4     9.999999999999998E-4
9.00000000000005E-4       -6.96152422706626E-5     0.001
8.75000000000003E-4       6.028856829700264E-5     8.749999999999999E-4
9.00000000000005E-4       2.7679491924311253E-4    0.001
9.349459999996671E-4      2.2266833150658502E-4    8.853243442596463E-4
7.000000000000036E-4      2.7679491924311253E-4    5.0E-4
0.0021235431292531658     -0.0026557717272513706   0.001
0.0020246655889552606     -0.0024838504864081005   0.0010000000000000002
0.0021316252241248496     -0.002527800730045214    8.75E-4
0.001924227024481786      -0.0023160369699489814   0.0010000000000000002
0.0019600359121445476     -0.0022707782444434717   8.75E-4
0.0020317801970044006     -0.0023575973006070734   8.75E-4
0.001892149229695278      -0.0021596701659350737   6.25E-4
0.0019580597840254325     -0.0023533603727873362   6.25E-4
0.0023561455032722937     -0.0028708220093873675   8.417744283386559E-4
0.0023479318054600074     -0.0029999999999999996   6.727713925057786E-4
0.0018093880671994859     -0.001915093116291765    5.000000000000001E-4
0.001705807695419498      -0.0017715635057082334   6.25E-4
0.0019210855903227166     -0.0019797372436794877   6.25E-4
0.0019271517232805286     -0.0019929990637412762   5.000000000000002E-4
0.0023479318054600087     -0.00282722860749422     5.000000000000002E-4
0.0024472164053785154     -0.002999999999999999    5.000000000000002E-4
0.002170881897715974      -0.002571017324945516    6.25E-4
0.0022486472055415017     -0.002654457214988441    5.000000000000002E-4
0.0023407054727873932     -0.002697809261490021    6.250000000000001E-4
0.0019778440588962805     -0.0021401552964565025   5.000000000000001E-4
0.0020568347035144125     -0.002441503599801417    6.250000000000001E-4
0.002155668628034615      -0.0024869201787711265   5.000000000000002E-4
0.002065016690800371      -0.0023081058139975416   5.000000000000001E-4
0.001000000000000006      -2.4282032302754995E-4   0.001
0.0010281250000000043     -3.131848870850364E-4    8.749999999999999E-4
0.0010765625000000052     -4.2955705071857057E-4   8.749999999999999E-4
0.0011250000000000062     -5.459292143521048E-4    8.749999999999999E-4
0.0011000000000000055     -4.1602540378443795E-4   0.001
0.0012000000000000049     -5.892304845413251E-4    0.001
9.625000000000044E-4      -1.7786841774371774E-4   8.749999999999999E-4
7.698919999993283E-4      2.551442841485013E-4     6.456486885192929E-4
8.000000000000012E-4      1.0358983848622475E-4    5.0E-4
0.0013000000000000038     -4.593266739736601E-4    8.749999999999999E-4
9.000000000000015E-4      -6.961524227066434E-5    5.0E-4
8.750000000000027E-4      6.0288568297001976E-5    6.249999999999999E-4
9.250000000000032E-4      -1.1291651245988583E-4   6.249999999999999E-4
0.0012918979784962217     -7.55958565508701E-4     0.001
0.0012406369326573938     -8.935777264518745E-4    8.4375E-4
0.0010000000000000044     -2.4282032302755299E-4   5.0E-4
8.750000000000027E-4      -2.8612159321677433E-4   6.249999999999999E-4
0.0015381665341121372     -0.001307174101749299    8.75E-4
0.0013937514623412993     -9.25981635654083E-4     0.001
0.0015517070422421606     -0.001261803319493643    0.0010000000000000002
0.0014883955611619424     -0.0011020748602913924   0.001
0.0014148787630299227     -0.001095926009939728    8.125E-4
0.0018163834191553957     -0.0017865316945339554   0.001
0.001699568261581864      -0.0016057420239055545   0.001
0.001653777542063738      -0.0015302539240233607   8.75E-4
0.001635160328947183      -0.0014282558967655093   0.001
0.0016569791193662296     -0.0013732188683829457   8.75E-4
0.0017843345295105728     -0.0014250952009643356   8.75E-4
0.0017061090465953707     -0.0012963000150490304   0.0010000000000000002
0.001387975921556865      -7.803889380028087E-4    8.75E-4
0.0012959489892481134     -6.292932548357917E-4    8.749999999999999E-4
0.0011250000000000064     -5.459292143521061E-4    6.25E-4
0.0011000000000000064     -4.1602540378444055E-4   5.0E-4
0.0011000000000000048     -3.29422863405996E-4     6.249999999999999E-4
0.0012000000000000084     -5.892304845413275E-4    5.000000000000001E-4
0.0013000000000000054     -4.593266739736601E-4    6.249999999999999E-4
0.0015776967205522936     -0.0011171529784648688   8.75E-4
0.0014952127444358661     -0.0010181221441872073   8.749999999999999E-4
0.0013000000000000095     -7.624355652982126E-4    5.0E-4
0.0013000000000000075     -6.325317547305476E-4    6.249999999999999E-4
0.0019102838440418777     -0.0019648885647193274   0.0010000000000000002
0.0018044633913867705     -0.0020149369523046064   8.125000000000001E-4
0.0018717412209954794     -0.002119157717590089    8.125E-4
0.0019902219003734285     -0.0021507359959633252   8.4375E-4
0.001941299141863336      -0.0018704755424794786   8.593749999999999E-4
0.0020146902760388875     -0.002141719431594643    0.0010000000000000002
0.0020162117047970714     -0.0019658415292098832   8.75E-4
0.0024187458075184036     -0.003                   8.278560085508674E-4
0.0023200769116236983     -0.0026557308019895163   0.0010000000000000002
0.002293545199026184      -0.002741644018774734    8.556928481264446E-4
0.002302203121042694      -0.002569355337052089    8.75E-4
0.00247203410423113       -0.002849223027495279    8.944665388288886E-4
0.0024183110746880563     -0.002827865400994758    0.0010000000000000002
0.0025165452377524135     -0.003                   0.0010000000000000002
0.0014048210178548362     -9.282016109203365E-4    5.000000000000001E-4
0.0013879759215568689     -7.803889380028063E-4    6.25E-4
0.0014275446518079227     -9.367032446753363E-4    6.25E-4
0.0015100123855034415     -0.0010922526402782173   5.000000000000001E-4
0.0014433114166009274     -0.0011714276485222835   6.25E-4
0.0014070120185647548     -0.0010432491524406942   6.875E-4
0.0015566303036631728     -0.001212020365714744    6.25E-4
0.0015622793282312536     -0.001316614229695227    6.25E-4
0.0015646054933776445     -0.001476469061875112    5.000000000000001E-4
0.0016745218319898164     -0.0015422803516267325   5.9375E-4
0.0015999326304803937     -0.0012806835753854991   5.0E-4
0.0018279862205731457     -0.0016178243485205988   8.75E-4
0.0010000000000000052     1.0358983848622518E-4    0.001
9.187500000000039E-4      -5.878992472335754E-5    8.749999999999999E-4
0.002020540062719913      -0.001789989915231652    0.0010000000000000002
0.0018663865789296003     -0.001775109555749074    8.4375E-4
0.0019674149193676543     -0.0016936091145650783   8.593750000000001E-4
0.0017300468741260934     -0.0016081871535110759   5.000000000000001E-4
0.0018282249844242856     -0.0018270558373085725   6.25E-4
0.0018675910532866711     -0.0017389626454051513   5.000000000000001E-4
0.0017885543878875894     -0.001673602855918228    6.25E-4
8.000000000000036E-4      4.5000000000000015E-4    5.000000000000001E-4
8.642112000447526E-4      4.500000000000001E-4     6.661850209398975E-4
9.295679999973053E-4      4.500000000000001E-4     8.325947540771719E-4
9.497299999983177E-4      3.525721420742505E-4     7.391217212982323E-4
0.0010000000000000054     4.5000000000000015E-4    0.001
0.0010500000000000051     1.6987298107780938E-5    8.749999999999999E-4
0.0011000000000000046     -6.961524227066303E-5    0.001
0.0011500000000000048     -1.5621778264910655E-4   8.749999999999999E-4
0.0011000000000000055     2.767949192431121E-4     0.001
0.0010424729999998362     1.4147844990179367E-4    8.489121721298232E-4
0.0010349459999996675     2.659696016958064E-4     8.228243442596464E-4
8.224459999996655E-4      1.577164262227518E-4     6.978243442596464E-4
9.000000000000041E-4      2.767949192431121E-4     5.0E-4
0.002221774171815737      -0.0024835968276872263   0.001
0.002122998111019417      -0.0023113950837592044   0.0010000000000000002
0.0021087025797513776     -0.002182314274336561    8.75E-4
0.002229687722786951      -0.0023552993806877586   8.75E-4
0.002079807146153161      -0.002182580048366741    6.25E-4
0.0022557935711838882     -0.0024618010954846627   6.25E-4
0.0021758459609995382     -0.002266222762693614    6.25E-4
0.0025076947532196785     -0.0028705806539958      7.501593869553331E-4
0.002418782089062581      -0.00284890463074501     6.056928481264447E-4
0.002546501005297022      -0.003                   6.727713925057786E-4
0.0019698237545301214     -0.0018426007293138144   5.000000000000001E-4
0.0019426359137302022     -0.001709333480411703    6.25E-4
0.0020352541276605816     -0.0018973686826180497   6.25E-4
0.00207348981207981       -0.001989003323551285    5.000000000000002E-4
0.002140409360461397      -0.0018307936267324312   6.25E-4
0.001997413301759033      -0.00207452773599222     6.875E-4
0.002546501005297021      -0.00282722860749422     5.000000000000002E-4
0.00264578560521553       -0.0029999999999999988   5.000000000000001E-4
0.002447216405378515      -0.0026544572149884427   5.000000000000002E-4
0.00247545203922079       -0.002751800321648076    6.347332694144444E-4
0.0023250674632513514     -0.0025255205797673768   6.875000000000001E-4
0.0023479318054600087     -0.0024816858224826644   5.000000000000002E-4
0.002489632372665153      -0.002611423565237132    6.250000000000001E-4
0.002163769492499013      -0.0021396405777955197   5.000000000000001E-4
0.0021397566418868575     -0.0019958260908753064   6.25E-4
0.002248646749270321      -0.0023089144155670396   5.000000000000001E-4
0.001181250000000005      -3.4024818095329995E-4   8.749999999999999E-4
0.0012000000000000049     -2.4282032302755017E-4   0.001
0.0013000000000000025     -4.1602540378443773E-4   0.001
0.0014000000000000002     -5.892304845413251E-4    0.001
0.0014000000000000039     -4.593266739736608E-4    8.749999999999999E-4
0.0013250000000000046     -2.86121593216772E-4     8.749999999999999E-4
0.0012750000000000046     -1.1291651245988467E-4   8.749999999999999E-4
0.0010000000000000044     1.0358983848622388E-4    5.0E-4
9.87500000000004E-4       1.2524047358083537E-4    6.249999999999999E-4
0.0011000000000000064     -6.961524227066434E-5    5.0E-4
0.0010500000000000045     -1.5621778264910804E-4   6.249999999999999E-4
0.0011500000000000054     1.6987298107780938E-5    6.249999999999999E-4
9.87500000000004E-4       -4.66333698683058E-6     6.875E-4
0.0014999999999999987     -7.624355652982161E-4    0.0010000000000000002
0.0014415943329963655     -8.992555410950081E-4    8.75E-4
0.0012000000000000066     -2.4282032302755168E-4   5.0E-4
0.0011937500000000047     -1.6704310019641298E-4   6.249999999999999E-4
0.0012000000000000047     -3.294228634059947E-4    6.249999999999999E-4
0.0016601806966687212     -0.0012161838127425304   8.75E-4
0.0015992388375647443     -9.401372452457085E-4    0.001
0.0016973611355805525     -0.001128481155854125    0.001
0.001683946594330013      -0.0010553507756185631   8.749999999999999E-4
0.0019238365608413915     -0.001605364521812114    0.001
0.002068443259805708      -0.001612108673381083    8.75E-4
0.0018281618177404422     -0.0014149362325550478   0.001
0.001911689939654916      -0.0014769715335457255   8.749999999999999E-4
0.0018401721453750988     -0.0013237679197685716   8.125E-4
0.001822927351396171      -0.0012486887276582407   0.001
0.001959231132263177      -0.0013382046465285767   8.4375E-4
0.001623442881210543      -8.066533844513083E-4    8.75E-4
0.0015250000000000023     -6.325317547305496E-4    8.75E-4
0.0013000000000000051     -4.1602540378443773E-4   5.0E-4
0.001368750000000005      -3.185975458586889E-4    6.249999999999999E-4
0.0014000000000000063     -5.892304845413251E-4    5.0E-4
0.0014000000000000056     -4.5932667397365995E-4   6.249999999999999E-4
0.0015543932433322875     -9.30265340513273E-4     6.25E-4
0.0015000000000000065     -7.624355652982116E-4    5.000000000000001E-4
0.0015250000000000023     -6.325317547305476E-4    6.25E-4
0.0021174039522292385     -0.0019652076348020677   0.001
0.002129919411086564      -0.001844065337679972    8.75E-4
0.0021686216886757006     -0.0020759794575889697   8.75E-4
0.002521151185763309      -0.0027631557279926573   8.944665388288886E-4
0.0022215603596954453     -0.0021391090297351602   0.0010000000000000002
0.0022285407976000236     -0.0019696446408413782   8.75E-4
0.002320042076046887      -0.002311441130110352    0.0010000000000000002
0.0024183110746880555     -0.0024835962029842724   0.0010000000000000002
0.0023674834305379895     -0.0024828053267663343   8.125000000000001E-4
0.0026187505275151223     -0.003                   8.27866155315554E-4
0.002614474566584654      -0.002902895690903066    7.361663470722212E-4
0.0024996069434792445     -0.002483039008671303    8.75E-4
0.0025165452377524144     -0.002655730801989515    0.0010000000000000002
0.0025030888052087834     -0.0026335771836133236   8.125000000000001E-4
0.0026147794008167715     -0.002827865400994758    0.0010000000000000002
0.0027130135638811287     -0.003                   0.0010000000000000002
0.0016067565589547852     -9.263612529435239E-4    5.000000000000001E-4
0.0016082056392520917     -0.0010133046562038088   6.25E-4
0.0016234428812105471     -8.066533844513059E-4    6.25E-4
0.0017143813507943936     -0.0010924398843245955   5.000000000000001E-4
0.0016842934907878378     -0.0012256239406884585   6.25E-4
0.0017720464048488005     -0.0014285212761046837   5.000000000000001E-4
0.001775575375391034      -0.0014700414845688727   6.25E-4
0.0018571965582568758     -0.0015361792107541558   6.25E-4
0.001702725600620251      -0.0013476517309365073   6.875E-4
0.0018264440200934633     -0.0012649372909763514   5.0E-4
0.0018808251752583883     -0.0013427585778680595   6.25E-4
0.0017975491855943726     -0.0012177507984838846   6.25E-4
0.0027450702051340374     -0.003                   6.727713925057785E-4
0.002709483205572695      -0.0028921770780590216   7.308522350817777E-4
0.0012000000000000049     1.0358983848622475E-4    0.001
0.0012125000000000048     -4.663336986830247E-6    8.125E-4
0.001191052800000265      1.9019237886466875E-4    8.54046255232832E-4
0.0021293809419315217     -0.0016175841394973527   0.0010000000000000002
0.0020258905555282296     -0.0015245072906616014   8.749999999999999E-4
0.0021966949791637704     -0.0016816476880027668   8.75E-4
0.0022234146084665826     -0.0017922285224093667   0.001
0.0019352887705804843     -0.0015607967284752499   5.0E-4
0.00196692176612721       -0.001496305635961687    6.25E-4
0.002038209925811319      -0.0016796484024980255   5.000000000000001E-4
0.002090322397877604      -0.001701285721527951    6.25E-4
0.002128566520974871      -0.0016128098719568691   6.25E-4
0.0010000000000000059     4.5000000000000015E-4    5.0E-4
9.698919999993297E-4      2.5514428414850096E-4    6.456486885192929E-4
0.0010642112000068661     4.5000000000000015E-4    6.661850209324694E-4
0.001082105600003436      3.200961894323342E-4     6.455925104662346E-4
0.0011295679999995315     4.500000000000002E-4     8.325947540776087E-4
0.0012000000000000055     4.5000000000000015E-4    0.001
0.0013000000000000034     -6.96152422706626E-5     0.001
0.0013000000000000043     2.767949192431121E-4     0.001
0.0012603104000000938     3.200961894323342E-4     8.433205046552587E-4
0.0011000000000000064     2.767949192431121E-4     5.0E-4
0.002376402908040086      -0.002353848223295466    8.75E-4
0.0022784249534502175     -0.0022252616623452707   8.75E-4
0.0023407052446518025     -0.0023525848660238095   6.25E-4
0.002292482200382468      -0.0022234341825781868   6.25E-4
0.0026101986056541867     -0.002805791381806132    6.444665388288885E-4
0.0027272767053533667     -0.0028597028427766215   6.154261175408889E-4
0.002155488797956259      -0.001828261941618401    5.000000000000001E-4
0.002844354805052545      -0.002999999999999999    5.000000000000003E-4
0.0027450702051340387     -0.0028272286074942205   5.000000000000001E-4
0.002244259156113134      -0.0020942834991325636   6.25E-4
0.0022547260125201102     -0.001974485152272464    5.000000000000001E-4
0.0022711627258789075     -0.0019308080508433029   6.25E-4
0.00264578560521553       -0.0026544572149884414   5.000000000000002E-4
0.002546501005297021      -0.0024816858224826644   5.000000000000002E-4
0.0024896323726651525     -0.002438970569481622    6.25E-4
0.0026133442087429818     -0.0025684695146733875   6.25E-4
0.002447216405378515      -0.002308914429976887    5.000000000000001E-4
0.002347931589862142      -0.002136142891966334    5.000000000000002E-4
0.0023410617264520046     -0.001999207966429491    6.562500000000001E-4
0.0014000000000000037     -2.4282032302754995E-4   0.001
0.001437500000000004      -3.294228634059947E-4    8.749999999999999E-4
0.0015000000000000022     -4.1602540378443925E-4   0.001
0.0015310553601513206     -4.594412425941445E-4    8.749999999999999E-4
0.0016000000000000025     -5.892304845413288E-4    0.001
0.001652249120680934      -6.763485837119483E-4    8.75E-4
0.0016280276800756644     -4.377333231892913E-4    8.4375E-4
0.0013717399999999833     1.9019237886466842E-4    8.695608606492776E-4
0.0013250000000000048     6.028856829700281E-5     8.749999999999999E-4
0.0014000000000000045     -6.96152422706628E-5     8.749999999999999E-4
0.0012000000000000066     1.0358983848622518E-4    5.0E-4
0.0011000000000000057     1.9019237886466875E-4    6.249999999999999E-4
0.0012593750000000053     -5.3377265949704995E-5   6.249999999999999E-4
0.0012790132000000702     2.0101769641197418E-4    6.197615638082079E-4
0.0013250000000000054     6.028856829700297E-5     6.249999999999999E-4
0.001300000000000006      -6.96152422706626E-5     5.0E-4
0.0013375000000000047     -1.778684177437179E-4    6.249999999999999E-4
0.001700000000000008      -7.624355652982176E-4    0.001
0.0017703286436316318     -8.950890227574937E-4    8.75E-4
0.0014000000000000054     -2.4282032302755038E-4   5.0E-4
0.0018140935334249636     -0.0011190105476745803   8.75E-4
0.0017937715248421762     -9.39306841910587E-4     0.0010000000000000002
0.0018763300207607727     -9.753930810721287E-4    8.75E-4
0.0018988769993718516     -0.001108344759829759    0.001
0.001944240472519914      -0.001182670319730597    8.75E-4
0.002044275533376565      -0.0014423813740583895   0.001
0.0021486650978211124     -0.0015459159978507993   8.75E-4
0.001985754816822633      -0.0012871743366723004   0.0010000000000000002
0.0020782901191512553     -0.0013526413732885816   8.75E-4
0.0015000000000000057     -4.160254037844373E-4    5.0E-4
0.0015310553601513223     -4.5944124259414344E-4   6.25E-4
0.0015030276800756638     -3.2948014771623567E-4   6.249999999999999E-4
0.0016000000000000025     -5.892304845413246E-4    5.0E-4
0.001652249120680934      -6.763485837119474E-4    6.25E-4
0.0017000000000000001     -7.624355652982142E-4    5.0E-4
0.0017455642495974842     -8.676371210798745E-4    6.25E-4
0.002320108571840785      -0.0019669873255934497   0.001
0.0023271621841134834     -0.0020952239440027837   8.75E-4
0.002324946698521833      -0.0017511867026244513   8.75E-4
0.0028513824552515        -0.0028597028427766215   6.586189656673337E-4
0.002596530914212743      -0.0026446539928014186   8.847332694144444E-4
0.002742571966478419      -0.0028061097785564005   8.944665388288884E-4
0.002818824208416254      -0.0028493026266828455   8.514274431951608E-4
0.0024183115928825367     -0.002139306209677473    0.0010000000000000002
0.002450025485159904      -0.00205224478806113     8.75E-4
0.0025165452377524126     -0.0023114616039790294   0.001
0.0026147794008167715     -0.002483596202984273    0.0010000000000000002
0.0025728886519572063     -0.0023538584602298047   8.75E-4
0.00281786131114672       -0.003                   8.278548863903218E-4
0.0027130135638811287     -0.002655730801989515    0.0010000000000000002
0.002671910642662177      -0.002526152257610181    8.75E-4
0.002811247726945486      -0.002827865400994757    0.0010000000000000002
0.002909481890009844      -0.003                   0.0010000000000000002
0.0017858811927392105     -0.001051559658776927    6.25E-4
0.001803108034383139      -9.325550115624362E-4    5.000000000000001E-4
0.0019116034899957649     -0.0010918024704567567   5.0E-4
0.0018676856179844212     -9.286208577084432E-4    6.25E-4
0.00199345307451332       -0.0012268174225905709   5.000000000000001E-4
0.0019761707955963446     -0.0011191483714121206   6.25E-4
0.0019915181044474627     -0.0012782343621512134   6.328125E-4
0.001982428972697752      -0.0013845665627669778   5.000000000000001E-4
0.002087086128438157      -0.0013665229789448035   6.25E-4
0.002943639404971052      -0.003                   6.727713925057788E-4
0.0029098022446308824     -0.0028653009467613445   7.554491718399518E-4
0.0014000000000000037     1.0358983848622475E-4    0.001
0.002221200335415555      -0.0014457990090526304   0.001
0.0022971612079500953     -0.0016162886802039912   8.75E-4
0.002324829233662027      -0.0016225123739190492   0.001
0.0023088759149739973     -0.0014715029707363103   8.749999999999999E-4
0.002418506859961673      -0.0017949541975739146   0.0010000000000000002
0.002364112292495864      -0.001914674949160442    8.437500000000001E-4
0.002461424327672352      -0.0017059628075399233   8.75E-4
0.002114698172005853      -0.001502696703355862    5.000000000000001E-4
0.0022429387849946768     -0.0016548968768468578   5.000000000000001E-4
0.002141323712858278      -0.001488472279780054    6.25E-4
0.0022455645932622126     -0.0017642185708468129   6.25E-4
0.001200000000000006      4.5000000000000015E-4    5.0E-4
0.001182105600000525      2.767949192431125E-4     7.08092510465664E-4
0.0012642112000010447     4.500000000000001E-4     6.661850209313282E-4
0.0013295679999999232     4.5000000000000015E-4    8.325947540776857E-4
0.0014000000000000048     4.500000000000001E-4     0.001
0.0014536960000000028     6.028856829700297E-5     8.853243442597124E-4
0.0015000000000000048     -6.961524227066368E-5    0.001
0.0014750000000000043     -1.9951905283832857E-4   8.749999999999999E-4
0.0014184799999999618     3.200961894323342E-4     8.641217212985551E-4
0.001500000000000004      2.767949192431121E-4     0.001
0.001507392000000001      1.9019237886466875E-4    8.956486885194246E-4
0.0013824310000003087     3.363341657532923E-4     7.496186796903176E-4
0.0013463820000006552     3.525721420742508E-4     6.3511563808208E-4
0.001300000000000006      2.7679491924311253E-4    5.0E-4
0.002502826330244364      -0.002202598659250106    8.125000000000001E-4
0.002439990206955018      -0.0021801266441236473   6.25E-4
0.0027591255055319486     -0.0027194056855532433   6.444665388288885E-4
0.0023486943165805354     -0.001805514101135749    5.000000000000001E-4
0.0023875865525788092     -0.0017578294919876425   6.25E-4
0.0030007802808455102     -0.0028812992668398444   6.594709004847429E-4
0.0030429240048895603     -0.003                   5.000000000000003E-4
0.0029436394049710524     -0.0028272286074942205   5.000000000000001E-4
0.00293510002623075       -0.0027843541561180444   6.25E-4
0.002844354805052546      -0.0026544572149884427   5.000000000000002E-4
0.0027321587367987667     -0.0025873166362364785   6.425457694144443E-4
0.002447216424180508      -0.0019633715068633427   5.000000000000002E-4
0.0025140596806495323     -0.002050630281081171    6.25E-4
0.002492182715824444      -0.0018473663114170265   5.937500000000001E-4
0.0027450702051340387     -0.002481685822482663    5.000000000000001E-4
0.002705191968065584      -0.002455227586919713    6.40625E-4
0.00264578560521553       -0.0023089144299768853   5.000000000000001E-4
0.0024648112898100856     -0.002309548606802635    6.25E-4
0.0025465010052970203     -0.0021361430374711074   5.000000000000001E-4
0.0017992214406052772     -7.195925695909292E-4    8.75E-4
0.0018000000000000108     -5.892304845413266E-4    0.001
0.0016810553601513249     -5.460437829725882E-4    8.749999999999999E-4
0.0016000000000000042     -2.4282032302755299E-4   0.001
0.0016000000000000053     -1.9951905283832857E-4   8.749999999999999E-4
0.0015750000000000043     -3.294228634059944E-4    8.125E-4
0.0017000000000000042     -3.2942286340599503E-4   8.749999999999999E-4
0.0017000000000000062     -4.1602540378444077E-4   0.0010000000000000002
0.0017655276800756649     -4.377333231892913E-4    8.749999999999999E-4
0.0014000000000000054     1.0358983848622518E-4    5.0E-4
0.0014285528000002657     2.5514428414850167E-4    6.04046255232832E-4
0.0014750000000000056     -2.6313972081440767E-5   6.249999999999999E-4
0.0015000000000000065     -6.96152422706626E-5     5.0E-4
0.0014750000000000054     -1.9951905283832809E-4   6.249999999999999E-4
0.001924221440605276      -6.762912994017033E-4    8.75E-4
0.001900000000000012      -7.624355652982111E-4    0.001
0.0019492214406052757     -8.061951099693677E-4    8.75E-4
0.001600000000000005      -2.4282032302754973E-4   5.0E-4
0.0016125000000000046     -1.7786841774371738E-4   6.249999999999999E-4
0.0020000000000000052     -9.356406460550946E-4    0.001
0.0019934782640704703     -0.0010529221150434556   8.593749999999999E-4
0.0022099319326513954     -0.0013903574619296896   8.75E-4
0.002089477493366427      -0.0011162612613019643   0.0010000000000000002
0.0021072503948940165     -0.001196397042015921    8.4375E-4
0.002158025476628576      -0.001273468203129039    0.0010000000000000002
0.002210391609744101      -0.0011326115716343858   8.593749999999999E-4
0.0023263155031040855     -0.0013551206197165437   8.75E-4
0.002299579490412783      -0.0013089246707085195   0.001
0.0016750000000000037     -2.8612159321677233E-4   6.249999999999999E-4
0.0017000000000000027     -4.1602540378443773E-4   5.0E-4
0.0016810553601513208     -5.460437829725889E-4    6.25E-4
0.001800000000000003      -5.892304845413281E-4    5.0E-4
0.0017992214406052731     -7.195925695909274E-4    6.25E-4
0.0017967776800756632     -4.918599109258192E-4    6.249999999999999E-4
0.0019000000000000059     -7.624355652982163E-4    5.0E-4
0.0019243557419174543     -6.760347727369999E-4    6.25E-4
0.0025165637165608153     -0.0019671821660203967   0.0010000000000000002
0.0024996837873917043     -0.0018597052574795062   8.125000000000001E-4
0.002958759148852542      -0.0028465831738780515   8.777245859199759E-4
0.0028197871056857885     -0.0026986052533656915   8.75E-4
0.002572888786206325      -0.002009265632119476    8.75E-4
0.0026147794008167715     -0.0021393270049737878   0.0010000000000000002
0.0026715167288418706     -0.002267711561539616    8.75E-4
0.0027130135638811287     -0.00231146160397903     0.0010000000000000002
0.002811247726945486      -0.0024835962029842724   0.0010000000000000002
0.0028195244964722504     -0.002483039008671303    8.75E-4
0.0030161935551531087     -0.003                   8.279256615210777E-4
0.002909481890009845      -0.002655730801989516    0.0010000000000000002
0.003007716053074202      -0.002827865400994758    0.0010000000000000002
0.00307291830855038       -0.002870739852370934    7.923408169274136E-4
0.0031059502161385586     -0.003                   0.0010000000000000002
0.0027701448057265345     -0.0021815646628494277   8.75E-4
0.0020005372052487183     -9.346145393962779E-4    5.000000000000001E-4
0.0019494900432296322     -8.056820566399594E-4    6.25E-4
0.0021021170076871926     -0.0011020052312420002   5.0E-4
0.002102211033636537      -0.0012137101464343672   6.40625E-4
0.002033412991032274      -9.332896852819452E-4    6.40625E-4
0.0021756174952023795     -0.0013012314144414828   5.000000000000001E-4
0.0022650539707813663     -0.0011566418585493587   6.25E-4
0.0031368322819385532     -0.003                   6.728018236561651E-4
0.0016250000000000045     -2.6313972081441932E-5   8.749999999999999E-4
0.0016000000000000042     1.0358983848622301E-4    0.001
0.0024148666170700902     -0.0014238585537500765   0.0010000000000000002
0.0024576287991236517     -0.0015595767942029447   8.75E-4
0.002518706103714864      -0.001621946655985899    0.0010000000000000002
0.0025637738185617606     -0.0017662443199209356   8.90625E-4
0.002614797612444854      -0.0017950582882333007   0.001
0.002597901956822872      -0.0016607389124553944   8.75E-4
0.0026719197484762194     -0.0018369773087236732   8.75E-4
0.0023134755696762196     -0.0014753605799302581   6.25E-4
0.0023519719497153294     -0.0016177002772970457   6.25E-4
0.0023205805732104505     -0.0014704577917176887   5.000000000000001E-4
0.0022749791896371097     -0.0013330208825634703   6.25E-4
0.002434450717192495      -0.0016253355681051579   5.000000000000001E-4
0.002458498398780756      -0.0014763579911225466   6.25E-4
0.0015295679999999916     4.500000000000001E-4     8.325947540776991E-4
0.001600000000000005      4.5000000000000004E-4    0.001
0.001400000000000006      4.500000000000001E-4     5.0E-4
0.001464211200000161      4.5000000000000015E-4    6.661850209311549E-4
0.0017000000000000053     -6.961524227066434E-5    0.001
0.001725000000000006      -1.9951905283832857E-4   8.749999999999999E-4
0.0016147839999999987     2.767949192431125E-4     7.912973770388495E-4
0.0017576002000000055     7.111388584430773E-5     8.554271068406593E-4
0.001700000000000007      2.767949192431108E-4     0.001
0.0016902004000000058     1.6854174377005707E-4    8.358542136813188E-4
0.0015358016000000814     3.200961894323342E-4     6.559168547252898E-4
0.0015000000000000074     2.7679491924311296E-4    5.0E-4
0.0014661960000000038     1.2524047358083586E-4    6.353243442597124E-4
0.0026874137448615566     -0.0022663583753509764   6.25E-4
0.0028660698768094685     -0.002476784211389153    6.40625E-4
0.0027970397273881864     -0.0023419856591660386   6.5625E-4
0.0025465011348580124     -0.001790600189107635    5.000000000000001E-4
0.002531788829534834      -0.0016660511046999594   6.25E-4
0.002588129154344046      -0.0019211339180386943   6.25E-4
0.003241493204726574      -0.002999999999999999    5.000000000000001E-4
0.0031422086048080657     -0.0028272286074942205   5.000000000000001E-4
0.0030579211567199694     -0.0027625985336796888   6.461704084637069E-4
0.0031714588364455958     -0.0028057913818061333   6.25935432188874E-4
0.0029351000262307506     -0.0026115827636122666   6.25E-4
0.00304292400488956       -0.0026544572149884444   5.000000000000002E-4
0.0029436394049710533     -0.0024816858224826653   5.000000000000001E-4
0.002645785605215529      -0.001963371644965327    5.000000000000001E-4
0.002658585519425815      -0.002072468119381881    6.875000000000001E-4
0.002737056044820813      -0.0018347482908367965   6.25E-4
0.0028443548050525467     -0.0023089144299768857   5.000000000000001E-4
0.0027968427728282826     -0.0019967214540482186   6.5625E-4
0.0027450702051340396     -0.002136143037471106    5.000000000000001E-4
0.0026339613240060917     -0.0022019272822426128   6.875000000000001E-4
0.002066479219786879      -7.773411507931467E-4    8.749999999999999E-4
0.0020000000000000052     -5.892304845413227E-4    0.001
0.0018992214406052764     -5.463874888340387E-4    8.75E-4
0.0019000000000000067     -4.1602540378443665E-4   0.001
0.001850000000000005      -3.294228634059944E-4    8.749999999999999E-4
0.0018000000000000082     -2.4282032302755038E-4   0.001
0.002075000000000004      -4.593266739736588E-4    8.749999999999999E-4
0.001856250000000005      -1.6704310019641198E-4   8.749999999999999E-4
0.001600000000000006      1.0358983848622518E-4    5.0E-4
0.0016000000000000061     1.698729810778127E-5     6.249999999999999E-4
0.001607392000000002      1.9019237886466875E-4    6.456486885194247E-4
0.0017000000000000045     -6.961524227066217E-5    5.0E-4
0.0017500000000000042     -1.5621778264910655E-4   6.249999999999999E-4
0.002100000000000001      -7.624355652982107E-4    0.001
0.002075000000000003      -6.325317547305459E-4    8.749999999999999E-4
0.0020427160556210264     -9.231739103563141E-4    8.4375E-4
0.0018000000000000039     -2.4282032302755147E-4   5.0E-4
0.0018000000000000039     -3.294228634059944E-4    6.249999999999999E-4
0.002136210670636778      -0.0010401527107432606   8.125E-4
0.0021982453645269066     -9.423531036536336E-4    0.001
0.002167595026778994      -8.938082694298099E-4    8.593749999999999E-4
0.0023181597112220866     -0.0012290423325778152   8.75E-4
0.0022983000694174775     -0.0011398557554381911   0.001
0.0023135328245941856     -0.0010688261012528507   8.75E-4
0.0024069416163804043     -0.0012625006917463784   0.0010000000000000002
0.002442699073556775      -0.0013198837775033978   8.75E-4
0.0024501639363402133     -0.0014397302858531712   8.75E-4
0.002509323136428752      -0.001301284436222226    0.001
0.0019000000000000067     -4.160254037844401E-4    5.0E-4
0.0018937500000000048     -2.3199500548024487E-4   6.249999999999999E-4
0.0018992214406052764     -5.463874888340405E-4    6.25E-4
0.0020000000000000087     -5.892304845413264E-4    5.000000000000001E-4
0.0019125000000000056     -4.376760388790496E-4    6.249999999999999E-4
0.002075000000000006      -4.593266739736593E-4    6.25E-4
0.002100000000000009      -7.624355652982124E-4    5.0E-4
0.0020870256921806814     -8.065485032635135E-4    6.25E-4
0.002075000000000007      -6.325317547305468E-4    6.25E-4
0.0027130135638811287     -0.001967192405968545    0.0010000000000000002
0.002749724716848385      -0.0020303074785445172   8.125000000000001E-4
0.003116477617632321      -0.002773953940024268    8.653502279570206E-4
0.0030162554318145032     -0.0026986052533656915   8.75E-4
0.002918021268750146      -0.0025259930592350472   8.75E-4
0.002811247726945486      -0.0021393270049737878   0.0010000000000000002
0.002903283733595295      -0.0020548008370484066   8.75E-4
0.0029094818900098434     -0.0023114616039790307   0.0010000000000000002
0.0028831213453759334     -0.00234290104982306     8.437500000000001E-4
0.0030077160530742014     -0.002483596202984273    0.0010000000000000002
0.003041207886400898      -0.002547669082485837    8.75E-4
0.003229215227697364      -0.002870739852370933    7.114009118280825E-4
0.0032166998034501397     -0.002849302626682845    8.557004559140414E-4
0.003219275969610312      -0.003                   8.346816338548272E-4
0.003105950216138558      -0.002655730801989515    0.0010000000000000002
0.003204184379202915      -0.0028278654009947566   0.0010000000000000002
0.0033024185422672724     -0.003                   0.001
0.0029180212687501448     -0.0021814054644742945   8.75E-4
0.0033134711621881107     -0.0027739539400242676   8.653502279570206E-4
0.0022245613411317304     -8.074149498870678E-4    6.249999999999999E-4
0.002203469339552789      -9.364664116186326E-4    5.000000000000001E-4
0.0021459570365528805     -9.679679708588435E-4    6.640625E-4
0.0022585010820734873     -0.0010026462564357416   6.875E-4
0.0023007301354989636     -0.0011176997436894655   5.000000000000001E-4
0.002117335938834916      -0.001060897313923931    6.562499999999999E-4
0.0023798635446959228     -0.001013344943477565    6.562499999999999E-4
0.002399615478537752      -0.0012874285159528687   5.0E-4
0.0024035978751252734     -0.0011614791867660397   6.25E-4
0.003329188408271031      -0.003                   6.727738154672861E-4
0.003416959330475748      -0.003                   8.346358221597295E-4
0.0018000000000000073     1.0358983848622453E-4    0.001
0.0018250000000000052     -2.6313972081441766E-5   8.749999999999999E-4
0.0026132086002157674     -0.001418374690711087    0.001
0.002567238435891464      -0.0014107252224289804   8.749999999999999E-4
0.002647666922960912      -0.0015472382328983482   8.4375E-4
0.0027142457424171535     -0.001622050175635218    0.001
0.0028112477269454867     -0.0017950578069633022   0.001
0.002794532332777738      -0.001660290530793531    8.75E-4
0.0028885461984404464     -0.001928196209622518    8.75E-4
0.002520445303029073      -0.001455509049825103    5.000000000000001E-4
0.002513455458890328      -0.0013303838398338586   6.25E-4
0.0025947635245741033     -0.0015230154340627536   6.25E-4
0.002637098870492585      -0.0016219573265603832   5.000000000000001E-4
0.0026117994723944458     -0.0017450656790162626   6.25E-4
0.003424912035381756      -0.002870739852370933    7.113861965182535E-4
0.003308092252610925      -0.0028166691930253105   6.153502279570207E-4
0.0033407778046450802     -0.0028272286074942205   5.000000000000001E-4
0.0034400624045635895     -0.0029999999999999996   5.000000000000002E-4
0.0017295680000000034     4.5000000000000015E-4    8.325947540777015E-4
0.0018000000000000058     4.500000000000001E-4     0.001
0.0016607300000000495     3.309215069796396E-4     6.715278102118178E-4
0.0016642112000000285     4.500000000000002E-4     6.661850209311291E-4
0.0017856584000000178     3.4174682452694507E-4    6.871387656983459E-4
0.0016000000000000057     4.5000000000000004E-4    5.0E-4
0.0019000000000000059     -6.96152422706626E-5     0.001
0.0019500000000000047     1.6987298107780606E-5    8.749999999999999E-4
0.001803552800000007      2.551442841485003E-4     8.540462552327812E-4
0.001900000000000005      2.767949192431123E-4     0.001
0.0018767764000000061     1.3606579112814045E-4    8.020231276163906E-4
0.0019767764000000053     1.360657911281408E-4     8.645231276163905E-4
0.0017000000000000062     2.7679491924311296E-4    5.0E-4
0.001736722400000004      1.4689110867544672E-4    6.56097471876103E-4
0.002865971399529517      -0.002131460315512032    6.40625E-4
0.0030341220169357195     -0.002482163417608067    6.25E-4
0.0029351000262307506     -0.0022661991769758446   6.25E-4
0.002745070205134042      -0.0017906002524595472   5.0E-4
0.002809944564136182      -0.0017445655692056956   6.25E-4
0.0032414932047265736     -0.0026544572149884427   5.000000000000001E-4
0.0031945545728853        -0.0026870906486459773   6.355852042318535E-4
0.0030835017076814354     -0.0026115827636122666   6.25E-4
0.0031422086048080657     -0.002481685822482665    5.000000000000001E-4
0.00304292400488956       -0.0023089144299768887   5.000000000000002E-4
0.00284435480505255       -0.0019633716449653296   5.000000000000001E-4
0.0029351000262307506     -0.0019209747887145563   6.25E-4
0.0029436394049710546     -0.0021361430374711096   5.000000000000001E-4
0.0025571582347931536     -0.001231927783396773    8.749999999999999E-4
0.002183736998968482      -7.484871916169257E-4    8.749999999999999E-4
0.0022000000000000006     -5.892304845413251E-4    0.001
0.002100000000000003      -4.1602540378443643E-4   0.001
0.0020000000000000057     -3.294228634059937E-4    8.749999999999999E-4
0.0020000000000000044     -2.4282032302754843E-4   0.001
0.0019875000000000036     -1.3456714755449536E-4   8.749999999999999E-4
0.0021062500000000044     -2.3199500548024452E-4   8.749999999999999E-4
0.002237280670565867      -4.818163662680879E-4    8.125E-4
0.0018000000000000047     1.0358983848622475E-4    5.0E-4
0.0018250000000000046     -2.6313972081440767E-5   6.249999999999999E-4
0.0019000000000000059     -6.961524227066434E-5    5.0E-4
0.0019750000000000063     6.028856829700297E-5     6.249999999999999E-4
0.002299999999999999      -7.624355652982159E-4    0.001
0.002292473997936961      -8.644426285033055E-4    8.749999999999999E-4
0.0021951579965598456     -6.086902986690831E-4    8.593749999999999E-4
0.002000000000000008      -2.4282032302755147E-4   5.0E-4
0.0020000000000000057     -3.2942286340599536E-4   6.249999999999999E-4
0.0019875000000000058     -1.3456714755449536E-4   6.249999999999999E-4
0.002397687843124602      -9.420682290964492E-4    0.001
0.002457172302017546      -0.0010537553350628043   8.75E-4
0.0025029741166920152     -0.0011396044244398787   0.001
0.002607850854834725      -0.001258596936950932    0.001
0.002708021520732894      -0.0012986626798628296   0.001
0.0027728221536858578     -0.0015090028459330638   8.749999999999999E-4
0.0021000000000000072     -4.160254037844373E-4    5.0E-4
0.0021062500000000057     -2.3199500548024552E-4   6.249999999999999E-4
0.0023153159931196886     -5.848488426076204E-4    8.4375E-4
0.002200000000000005      -5.892304845413246E-4    5.0E-4
0.0021750000000000046     -4.5932667397365946E-4   6.25E-4
0.002237280670565868      -6.117201768357526E-4    6.249999999999999E-4
0.0023000000000000043     -7.624355652982129E-4    5.0E-4
0.0029094818900098443     -0.0019671924059685457   0.0010000000000000002
0.002892150406574083      -0.001832861645960195    8.75E-4
0.003213774194797367      -0.0026986052533656906   8.75E-4
0.0030165180410280396     -0.0023107452112909274   8.75E-4
0.0032321659983456587     -0.0024821634176080665   6.25E-4
0.0030077160530742005     -0.0021393270049737895   0.0010000000000000002
0.0030162554318145006     -0.002009270865469052    8.75E-4
0.0031150148133059345     -0.0024400849581075607   8.75E-4
0.0031059502161385577     -0.002311461603979031    0.0010000000000000002
0.003204184379202915      -0.002483596202984273    0.0010000000000000002
0.0031643945040516507     -0.002569345105736626    8.75E-4
0.0034127823703566937     -0.002849302626682845    8.556930982591269E-4
0.003498886868395988      -0.003                   0.0010000000000000005
0.003534371731264839      -0.0028492628270890617   8.759303974445774E-4
0.003302418542267272      -0.002655730801989515    0.0010000000000000002
0.0034006527053316317     -0.0028278654009947566   0.0010000000000000002
0.003115014813305933      -0.0020954973633468075   8.75E-4
0.0034821295199319265     -0.002848984229932578    6.056930982591268E-4
0.003410242520926082      -0.00269860525336569     8.75E-4
0.00239335131567351       -8.610863997040388E-4    6.249999999999999E-4
0.0024000000000000046     -9.356406460551002E-4    5.0E-4
0.0025012260073183578     -0.0010240436305193883   6.249999999999999E-4
0.002769710042843728      -0.0013473090980468695   8.749999999999999E-4
0.0026858558635862923     -0.0012195608866032515   8.749999999999999E-4
0.0025036080930744154     -0.0011092328234630021   5.0E-4
0.0026088567811107027     -0.0012799915725840146   5.000000000000001E-4
0.0026053196259341912     -0.0011579582799399898   6.25E-4
0.003547443988977905      -0.0028921770780590225   7.325538931482815E-4
0.003528225897307338      -0.003                   6.727723930365072E-4
0.003614207224857903      -0.003                   8.346707865201119E-4
0.0020000000000000052     1.035898384862254E-4     0.001
0.002810829780382215      -0.0014174513070748377   0.0010000000000000002
0.002909481890009846      -0.0016229232079580617   0.001
0.0028818659708756862     -0.0015848649464440087   8.749999999999999E-4
0.0030077160530742014     -0.001795057806963305    0.0010000000000000002
0.0029909097880655147     -0.0016607270469549537   8.749999999999999E-4
0.0030772582322382736     -0.001878032605963313    8.75E-4
0.0027239462033882113     -0.0014509331291309734   5.0E-4
0.0027310286503674504     -0.0015696728770029603   6.25E-4
0.0026388944354818877     -0.0012902993228103882   6.25E-4
0.0028369035653807253     -0.0016191797453701854   5.000000000000001E-4
0.0027776723841713867     -0.0014234443226809415   6.25E-4
0.003638631604400604      -0.003                   5.000000000000002E-4
0.003539347004482096      -0.002827228607494222    5.000000000000001E-4
0.003503362242606031      -0.002719405685553244    6.46167696630028E-4
0.0034400624045635908     -0.002654457214988444    5.000000000000002E-4
0.00333118798905063       -0.0026115827636122657   6.25E-4
0.0020000000000000052     4.500000000000001E-4     0.001
0.0019295680000000063     4.500000000000001E-4     8.32594754077702E-4
0.0019183368000000064     3.4174682452694507E-4    7.703436322716323E-4
0.0018642112000000096     4.5000000000000015E-4    6.661850209311253E-4
0.0018000000000000054     4.500000000000001E-4     5.0E-4
0.0018946056000000123     2.9844555433772334E-4    6.455925104655634E-4
0.002100000000000003      -6.96152422706626E-5     0.001
0.0020750000000000044     6.028856829700281E-5     8.749999999999999E-4
0.0021000000000000046     2.767949192431121E-4     0.001
0.0020035528000000055     2.5514428414850096E-4    8.540462552327812E-4
0.002033882000000006      3.525721420742505E-4     7.601156380819528E-4
0.002100499400000005      1.8477972009101553E-4    8.696852997462471E-4
0.001866052800000006      1.0358983848622468E-4    6.665462552327813E-4
0.0019000000000000059     2.767949192431121E-4     5.0E-4
0.0030341220169357187     -0.0021368594301592117   6.25E-4
0.003133144007640688      -0.0023527440716038673   6.25E-4
0.0029436394049710555     -0.0017906002524595542   5.0E-4
0.0030079885455461196     -0.0017445655692057      6.25E-4
0.003340777804645084      -0.0024816858224826644   5.000000000000002E-4
0.0032414932047265736     -0.0023089144299768853   5.000000000000001E-4
0.0031422086048080657     -0.002136143037471109    5.000000000000002E-4
0.003042924004889559      -0.0019633716449653322   5.000000000000002E-4
0.0031331440076406867     -0.002007519683342579    6.25E-4
0.003070566276593403      -0.0018760426262741394   6.25E-4
0.002499421960781154      -8.506450014369952E-4    8.75E-4
0.0026008117794409065     -0.001038684568872758    8.749999999999999E-4
0.002400000000000003      -5.892304845413281E-4    0.001
0.002393351315673509      -6.878813189471529E-4    8.749999999999999E-4
0.0023000000000000026     -4.1602540378443925E-4   0.001
0.002200000000000004      -3.2942286340599503E-4   8.749999999999999E-4
0.002200000000000003      -2.4282032302755017E-4   0.001
0.002212500000000003      -1.3456714755449552E-4   8.749999999999999E-4
0.0024000000000000037     -5.026279441628831E-4    8.749999999999999E-4
0.002306250000000004      -2.319950054802452E-4    8.749999999999999E-4
0.002000000000000008      1.0358983848622518E-4    5.0E-4
0.002003552800000007      2.551442841485013E-4     6.040462552327812E-4
0.0021000000000000072     -6.96152422706626E-5     5.0E-4
0.0021250000000000054     6.028856829700331E-5     6.249999999999999E-4
0.0025000000000000074     -7.624355652982159E-4    0.0010000000000000002
0.002525000000000006      -7.191342951089925E-4    8.75E-4
0.002200000000000005      -2.4282032302754995E-4   5.0E-4
0.0022125000000000057     -1.3456714755449552E-4   6.249999999999999E-4
0.0026020517021229277     -9.387624217683944E-4    0.001
0.002732039049105898      -9.551839544685411E-4    8.749999999999999E-4
0.002702779637319512      -0.0011385147001697412   0.001
0.0028061297993171694     -0.0012581126165977802   0.001
0.0027530658001451596     -0.0011314054621273252   8.749999999999999E-4
0.002905906268103786      -0.0012984359481603574   0.0010000000000000002
0.0029192192919777135     -0.0014063479811884322   8.749999999999999E-4
0.0023000000000000043     -4.1602540378443773E-4   5.0E-4
0.0023125000000000042     -3.077722283113832E-4    6.249999999999999E-4
0.0024000000000000046     -5.026279441628816E-4    6.249999999999999E-4
0.0024000000000000046     -5.892304845413251E-4    5.0E-4
0.00239335131567351       -6.878813189471513E-4    6.249999999999999E-4
0.0028546291155372968     -0.0012113660861226333   8.75E-4
0.002500000000000004      -7.624355652982131E-4    5.0E-4
0.002526363157836757      -6.575002074520232E-4    6.249999999999999E-4
0.00333118798905063       -0.0022661991769758433   6.25E-4
0.0036559610921729833     -0.0028492230274952783   8.961676966300279E-4
0.0036953551945247036     -0.0030000000000000005   0.0010000000000000002
0.003105950216138555      -0.0019671924059685457   0.001
0.003312008357861724      -0.0025259930592350472   8.75E-4
0.0032135115855838284     -0.002310745211290927    8.75E-4
0.0032041843792029122     -0.0021393270049737873   0.0010000000000000002
0.003200775382614421      -0.001964068747548037    8.75E-4
0.003302418542267271      -0.002311461603979029    0.0010000000000000002
0.0034006527053316317     -0.002483596202984271    0.0010000000000000002
0.003430155588815186      -0.002574604913174188    8.593750000000001E-4
0.0035971210314603465     -0.002827865400994757    0.001
0.0035327744745222303     -0.002720042479053779    8.961676966300281E-4
0.0034988868683959893     -0.0026557308019895132   0.0010000000000000002
0.003312008357861723      -0.0021814054644742936   8.75E-4
0.003652289142483791      -0.0028057913818061325   6.46167696630028E-4
0.003472349786815563      -0.0025307354719534252   6.40625E-4
0.0025750000000000026     -8.057368354874346E-4    6.249999999999999E-4
0.0026000000000000007     -9.356406460551002E-4    5.0E-4
0.002701675981485404      -0.0010299684350700046   6.25E-4
0.0027041736371167992     -0.0011106579300373656   5.000000000000001E-4
0.0028149475733535902     -0.0012817017584031572   5.0E-4
0.0028091497681621987     -0.001202998991244033    6.25E-4
0.003726978867338093      -0.003                   6.75680470138581E-4
0.0037148011528856206     -0.0028705806539958      7.923353932600558E-4
0.003812845598833687      -0.003                   8.347322907444963E-4
0.002153125000000004      -3.172663085509381E-5    8.4375E-4
0.002200000000000004      1.0358983848622496E-4    0.001
0.0022750000000000036     -2.631397208144143E-5    8.75E-4
0.002997155753698706      -0.0015261133329564117   8.75E-4
0.003007040019000865      -0.0014167404461459547   0.001
0.003105950216138554      -0.001622923207958063    0.001
0.0031124455365217256     -0.001467361719468815    8.75E-4
0.0032041843792029096     -0.0017950578069633025   0.0010000000000000002
0.003138261032662046      -0.0017467943464575743   8.75E-4
0.0029270582883698638     -0.001450097530465423    5.0E-4
0.002898079781330486      -0.0014120129484645882   6.25E-4
0.002928749763574892      -0.001568672594029914    6.25E-4
0.003063982539166109      -0.0015291257790512333   6.25E-4
0.0030341519045372547     -0.0016195904392333313   5.000000000000001E-4
0.0037379162043191094     -0.002827228607494221    5.000000000000002E-4
0.003837200804237619      -0.0029999999999999996   5.000000000000002E-4
0.0037885288028030235     -0.0028273480062755716   6.461749703134794E-4
0.003638631604400603      -0.0026544572149884435   5.000000000000002E-4
0.0035788742704198225     -0.0026115827636122666   6.25E-4
0.003539347004482096      -0.002481685822482666    5.000000000000001E-4
0.003365825303211303      -0.002449888180294584    6.562500000000001E-4
0.0022285528000000046     2.5514428414850167E-4    8.54046255232781E-4
0.0021295680000000053     4.500000000000001E-4     8.32594754077702E-4
0.002200000000000005      4.5000000000000004E-4    9.999999999999998E-4
0.002064211200000007      4.500000000000001E-4     6.661850209311247E-4
0.0021463820000000057     3.525721420742508E-4     6.351156380819528E-4
0.002000000000000007      4.5000000000000004E-4    5.0E-4
0.0023000000000000043     2.767949192431123E-4     0.001
0.0023000000000000043     -6.961524227066412E-5    0.0010000000000000002
0.0021000000000000064     2.7679491924311253E-4    5.0E-4
0.0032321659983456583     -0.0021368594301592113   6.25E-4
0.0031550473889826935     -0.0016585636685736774   6.25E-4
0.003142208604808062      -0.0017906002524595524   5.000000000000001E-4
0.0034994846080769475     -0.0024176129429811007   6.875000000000001E-4
0.0034400624045635916     -0.002308914429976887    5.000000000000002E-4
0.003256987148325286      -0.002007440084155012    6.25E-4
0.0033407778046450833     -0.002136143037471107    5.000000000000001E-4
0.003241493204726573      -0.001963371644965328    5.000000000000001E-4
0.0032324286075591973     -0.0018347482908367995   6.25E-4
0.002625000000000006      -8.057368354874371E-4    8.75E-4
0.002600000000000007      -5.892304845413253E-4    0.001
0.002525000000000005      -5.459292143521041E-4    8.749999999999999E-4
0.0025000000000000057     -4.1602540378443925E-4   0.001
0.0024000000000000046     -3.2942286340599503E-4   8.749999999999999E-4
0.0024000000000000046     -2.4282032302755147E-4   0.001
0.0024343750000000042     -1.941063940646762E-4    8.4375E-4
0.0023198920000000044     1.6854174377005756E-4    8.956486885194255E-4
0.002200000000000005      1.0358983848622518E-4    5.0E-4
0.002250000000000005      1.698729810778127E-5     6.249999999999999E-4
0.002228552800000005      2.5514428414850167E-4    6.040462552327811E-4
0.0023000000000000043     -6.96152422706626E-5     5.0E-4
0.002662500000000005      -6.10881119635937E-4     8.749999999999999E-4
0.0027000000000000053     -7.624355652982126E-4    0.001
0.0027441331593854477     -8.387100877758806E-4    8.75E-4
0.0024000000000000063     -2.428203230275506E-4    5.0E-4
0.0024718750000000045     -3.564861572742581E-4    6.406249999999999E-4
0.002340625000000005      -1.399798063281484E-4    6.562499999999999E-4
0.003286535951922907      -0.0016605055327440232   8.75E-4
0.0028015326375417744     -9.376298446412128E-4    0.001
0.003021095541103551      -0.001264965812765776    8.75E-4
0.0029025302888248173     -0.001137934518132453    0.001
0.002902443025214152      -0.0010307416339277373   8.75E-4
0.0030045476876521524     -0.0012581866017054681   0.001
0.003103987012391801      -0.0012972934972830818   0.001
0.0031323302750311255     -0.0013289274871163394   8.749999999999999E-4
0.002500000000000005      -4.1602540378443795E-4   5.0E-4
0.0025000000000000035     -5.026279441628818E-4    6.249999999999999E-4
0.0025859375000000045     -2.996532401509044E-4    6.328124999999999E-4
0.0026000000000000034     -5.892304845413253E-4    5.0E-4
0.0026312500000000042     -4.0520008623713303E-4   6.562499999999999E-4
0.0027000000000000036     -7.624355652982152E-4    5.000000000000001E-4
0.0026383379907427033     -9.178526352787195E-4    6.249999999999999E-4
0.0026593750000000037     -6.271190959568951E-4    6.249999999999999E-4
0.003853320439838726      -0.002849223027495279    8.96182243996931E-4
0.003891823520653418      -0.003                   0.0010000000000000002
0.003479589670501317      -0.0022663583753509777   6.25E-4
0.0035884278253873326     -0.0023419856591660394   6.562500000000001E-4
0.0037935893575890616     -0.002827865400994758    0.0010000000000000002
0.0037050781737051628     -0.0027631557279926577   8.961676966300281E-4
0.003302418542267269      -0.0019671924059685426   0.0010000000000000002
0.003256391870238072      -0.0020727371060111654   8.75E-4
0.0032865359519229083     -0.0018326401317492668   8.75E-4
0.0033810385072830062     -0.00231600501872849     8.593750000000001E-4
0.0034006527053316296     -0.0021393270049737843   0.001
0.0033683023043135987     -0.001969288755391816    8.593749999999999E-4
0.003498886868395991      -0.0023114616039790273   0.001
0.0034500686567042896     -0.0024506045729826864   8.437500000000001E-4
0.003607236065481873      -0.0026122195571128023   8.75E-4
0.003597121031460349      -0.002483596202984273    0.0010000000000000002
0.0035752406841198796     -0.002413109327825424    8.906250000000001E-4
0.0036953551945247054     -0.002655730801989516    0.0010000000000000002
0.003450068656704288      -0.002105937379034365    8.4375E-4
0.0037522284064569044     -0.002654696012551144    6.250000000000001E-4
0.0028000000000000043     -9.356406460551043E-4    5.0E-4
0.002713086353417608      -8.277726478981693E-4    6.249999999999999E-4
0.002851172706835213      -8.498084603089039E-4    6.25E-4
0.0028682475909163102     -0.001091740808376424    6.25E-4
0.003913051522088391      -0.0028705806539958      7.923644879938619E-4
0.0029077933036808735     -0.0011130607391989188   5.0E-4
0.0029262954839542697     -0.0012767233911146207   6.25E-4
0.0029273454136704217     -9.80482625508815E-4     6.25E-4
0.0030163783952101113     -0.0012829977058068265   5.000000000000001E-4
0.003047652479812353      -0.001245273356266524    6.562499999999999E-4
0.003018487178489585      -0.0014005815742482346   6.25E-4
0.003926242590016551      -0.003                   6.763179973804497E-4
0.003924768463122257      -0.0028489046307450107   6.46182243996931E-4
0.004010707963263442      -0.003                   8.347289759877237E-4
0.004035770004074633      -0.0029999999999999996   5.000000000000002E-4
0.0024000000000000046     1.0358983848622453E-4    0.001
0.002425000000000005      -2.6313972081441766E-5   8.75E-4
0.0023698920000000045     2.551442841485013E-4     8.956486885194255E-4
0.0032042951112743923     -0.001416557996247987    0.0010000000000000002
0.0032374742364264706     -0.0015573229268889888   8.75E-4
0.003302418542267265      -0.0016229232079580556   0.0010000000000000002
0.003400652705331629      -0.0017950578069632962   0.001
0.003438652103365559      -0.001860099261988933    8.671875E-4
0.003124272540348782      -0.001450164728628044    5.000000000000001E-4
0.0031870228520153353     -0.0013231726394656697   6.25E-4
0.003199215314757327      -0.0014895789640725528   6.25E-4
0.0032377570918442036     -0.0016185964511955088   5.000000000000001E-4
0.003279960404911597      -0.0017013431046787601   6.25E-4
0.003936485404156125      -0.002827228607494221    5.000000000000002E-4
0.0038372008042376186     -0.0026544572149884435   5.000000000000002E-4
0.0039250573240669105     -0.002697809261490022    6.250000000000001E-4
0.0036773710426977178     -0.0024389705694816224   6.25E-4
0.003737916204319109      -0.0024816858224826644   5.000000000000001E-4
0.003638631604400601      -0.002308914429976887    5.000000000000001E-4
0.0023237702000000046     3.146835306586815E-4     8.068461129769025E-4
0.0024000000000000054     4.500000000000001E-4     0.001
0.002329568000000005      4.500000000000001E-4     8.32594754077702E-4
0.0024497300000000046     3.525721420742505E-4     8.641217212985636E-4
0.0022642112000000056     4.5000000000000015E-4    6.661850209311247E-4
0.002172286500000005      2.686759310826334E-4     7.263367285614646E-4
0.0022000000000000053     4.5000000000000004E-4    4.999999999999999E-4
0.002500000000000004      2.767949192431121E-4     0.001
0.0025000000000000066     -6.96152422706639E-5     0.001
0.002300000000000005      2.7679491924311253E-4    5.0E-4
0.0022785528000000056     1.6854174377005824E-4    6.040462552327811E-4
0.0033808302890098846     -0.002007360484967445    6.25E-4
0.0033407778046450863     -0.0017906002524595498   5.000000000000001E-4
0.003415336298563788      -0.002169373465035395    6.5625E-4
0.003539347004482096      -0.0021361430374711096   5.000000000000001E-4
0.003578480356599518      -0.002180052278285656    6.25E-4
0.0034400624045635942     -0.0019633716449653314   5.000000000000001E-4
0.003398986170217154      -0.001900131105492273    6.875E-4
0.003476374166978132      -0.0017489128860149873   6.25E-4
0.0028000000000000043     -5.892304845413253E-4    0.001
0.0028000000000000047     -6.758330249197697E-4    8.749999999999999E-4
0.0027000000000000053     -4.593266739736598E-4    8.749999999999999E-4
0.002562500000000005      -3.943747686898271E-4    8.125E-4
0.0027000000000000053     -4.1602540378443773E-4   0.001
0.0028000000000000047     -4.593266739736605E-4    8.75E-4
0.002600000000000007      -2.4282032302755017E-4   0.001
0.0026000000000000055     -2.428203230275501E-4    8.749999999999999E-4
0.002519892000000005      1.6854174377005756E-4    8.956486885194255E-4
0.0025500000000000045     1.6987298107780606E-5    8.75E-4
0.0024000000000000063     1.035898384862254E-4     5.0E-4
0.002375000000000004      -2.63139720814406E-5     6.249999999999999E-4
0.002369892000000005      2.551442841485013E-4     6.456486885194254E-4
0.002500000000000005      -6.96152422706626E-5     5.0E-4
0.002566196000000005      3.863793320239196E-5     6.353243442597127E-4
0.0024687500000000044     -1.4539246510180111E-4   6.875E-4
0.004023930865123592      -0.002773356946117516    6.35588438047524E-4
0.002900000000000004      -7.624355652982146E-4    0.0010000000000000002
0.0028632663187708896     -8.716833400643244E-4    8.749999999999999E-4
0.002962500000000005      -6.974836600143812E-4    8.749999999999999E-4
0.0026000000000000034     -2.4282032302755017E-4   5.0E-4
0.0026125000000000046     -9.126587736527365E-5    6.249999999999999E-4
0.003359822927475527      -0.001570101296901994    8.75E-4
0.003040263702460617      -0.001056026778245073    8.75E-4
0.003001534087457497      -9.371870437705656E-4    0.0010000000000000002
0.0030067799052420634     -8.606511478602123E-4    8.749999999999999E-4
0.0031021682721124205     -0.0011384080190747774   0.001
0.003202331928886876      -0.0012573898704008027   0.001
0.0032643718643012498     -0.0013140555202412628   8.4375E-4
0.003169378958688766      -0.001220936699756003    8.125000000000001E-4
0.00325092305036386       -0.0014356892235651258   8.593750000000001E-4
0.003301502227143678      -0.0012970692956071129   0.001
0.0027000000000000045     -4.160254037844388E-4    5.0E-4
0.002700000000000004      -2.428203230275508E-4    6.249999999999999E-4
0.0027875000000000053     -5.892304845413267E-4    6.249999999999999E-4
0.002800000000000005      -5.892304845413275E-4    5.0E-4
0.002800000000000006      -4.593266739736605E-4    6.249999999999999E-4
0.0027750000000000045     -7.191342951089929E-4    6.249999999999999E-4
0.0029000000000000076     -7.624355652982155E-4    5.0E-4
0.002962500000000006      -6.974836600143805E-4    6.249999999999999E-4
0.0029625000000000072     -8.706887407712686E-4    6.25E-4
0.004050305946042592      -0.002849223027495279    8.961768760950479E-4
0.004088291846782132      -0.003                   0.0010000000000000002
0.003990057683717776      -0.002827865400994758    0.0010000000000000002
0.0039024375213709047     -0.0027631557279926577   8.96182243996931E-4
0.0038918235206534192     -0.002655730801989516    0.0010000000000000002
0.0038044922192512006     -0.0026123787554879364   8.75E-4
0.003498886868395993      -0.001967192405968542    0.0010000000000000002
0.0035830386123843995     -0.001966177516327064    8.75E-4
0.0035971210314603504     -0.0021393270049737865   0.0010000000000000002
0.0036072360654818745     -0.0022676319623520496   8.75E-4
0.0036953551945247062     -0.0023114616039790307   0.0010000000000000002
0.003637246037079033      -0.002461283386232948    8.125000000000001E-4
0.003770117514304065      -0.002472161197452126    8.437500000000001E-4
0.003793589357589062      -0.002483596202984272    0.0010000000000000002
0.0039029889915290954     -0.002483039008671304    8.75E-4
0.003804492219251202      -0.0022677911607271836   8.75E-4
0.003826297942575479      -0.002525356265734511    6.25E-4
0.003826297942575478      -0.002352584873228732    6.25E-4
0.0030000000000000096     -9.356406460551015E-4    5.000000000000001E-4
0.0030523454136704223     -0.0010237838956980363   6.25E-4
0.003081250000000006      -8.16562153034741E-4     6.25E-4
0.004110554208367408      -0.002870580653995801    7.923537521900955E-4
0.0031078475672241825     -0.001113462166154486    5.0E-4
0.0029824944041126856     -0.0011261138246674495   6.875E-4
0.0032133721663602207     -0.0012857838019817425   5.000000000000001E-4
0.0031773454136704224     -0.0010670851658872577   6.25E-4
0.004122804406180273      -0.0028489046307450107   6.461768760950478E-4
0.004122457134520109      -0.003                   6.767289954474101E-4
0.004208194572838612      -0.003                   8.347075043801909E-4
0.004135054603993139      -0.0028272286074942205   5.000000000000002E-4
0.004234339203911648      -0.0030000000000000005   5.000000000000002E-4
0.002600000000000005      1.0358983848622496E-4    0.001
0.0034008232278503613     -0.0014156293288759396   0.0010000000000000002
0.003359364769913733      -0.001407174340726523    8.75E-4
0.003498886868395995      -0.0016229232079580528   0.0010000000000000002
0.0035090019024175195     -0.0017509097685860506   8.75E-4
0.003389827631998034      -0.0017244988130580207   8.125000000000001E-4
0.0035971210314603543     -0.0017950578069633005   0.0010000000000000002
0.0035824107324831374     -0.0016323991406858212   8.75E-4
0.0033271511857917674     -0.0014525682746208413   5.0E-4
0.0033274922022639964     -0.0015679379185207208   6.25E-4
0.003313951149681804      -0.0013277628929151961   6.25E-4
0.0034336313975172187     -0.0016189294428159264   5.000000000000001E-4
0.003447984188896731      -0.0015492301572064728   6.25E-4
0.004035770004074634      -0.0026544572149884427   5.000000000000002E-4
0.003974699624026165      -0.0025683103162982557   6.250000000000001E-4
0.004123101305476851      -0.002697809261490022    6.250000000000001E-4
0.003936485404156127      -0.0024816858224826653   5.000000000000002E-4
0.0036773710426977178     -0.002266358375350978    6.25E-4
0.0038372008042376177     -0.0023089144299768853   5.000000000000001E-4
0.0037379162043191085     -0.002136143037471108    5.000000000000001E-4
0.0036773710426977178     -0.002093746181220334    6.25E-4
0.003925319933280449      -0.0023094716242898555   6.25E-4
0.003826297942575479      -0.0021801318774732218   6.25E-4
0.0026216684000000046     2.2266833150658502E-4    8.85171816135816E-4
0.002575618200000005      3.363341657532923E-4     8.58883285106759E-4
0.0026000000000000047     4.5000000000000015E-4    0.001
0.0026716684000000048     3.0927087188502875E-4    8.85171816135816E-4
0.0025295680000000055     4.500000000000001E-4     8.32594754077702E-4
0.0024642112000000053     4.5000000000000015E-4    6.661850209311247E-4
0.0025106992000000048     3.309215069796396E-4     7.496467687171898E-4
0.0024000000000000054     4.500000000000001E-4     5.0E-4
0.0027000000000000053     2.767949192431123E-4     0.001
0.002612500000000005      -9.126587736527432E-5    8.749999999999999E-4
0.0027000000000000053     -6.961524227066282E-5    0.001
0.002675000000000005      6.028856829700281E-5     8.749999999999999E-4
0.002800000000000005      -2.4282032302754995E-4   0.001
0.002756250000000005      -2.2116968793293976E-4   8.4375E-4
0.0025000000000000057     2.767949192431123E-4     5.0E-4
0.0025198920000000053     1.6854174377005756E-4    6.456486885194254E-4
0.0035788742704198225     -0.00192113398708969     6.25E-4
0.0035393470044820974     -0.0017906002524595555   5.000000000000001E-4
0.0036386316044006        -0.0019633716449653314   5.000000000000002E-4
0.003752195580305212      -0.0019642671358254572   6.25E-4
0.0035999184588636135     -0.0017051383411662829   6.25E-4
0.0030000000000000053     -5.892304845413264E-4    0.001
0.002900000000000005      -5.026279441628828E-4    8.75E-4
0.002900000000000005      -4.1602540378443903E-4   0.0010000000000000002
0.002837500000000005      -3.2942286340599487E-4   8.75E-4
0.0028125000000000047     -9.126587736527448E-5    8.75E-4
0.002600000000000006      1.0358983848622518E-4    5.0E-4
0.0027000000000000036     -6.961524227066238E-5    5.0E-4
0.002675000000000005      6.028856829700281E-5     6.249999999999999E-4
0.00422089080602536       -0.0027733569461175166   6.355705776271774E-4
0.004245131409582037      -0.0028492230274952805   8.96141155254355E-4
0.0042847601729108465     -0.003                   0.0010000000000000005
0.0031000000000000055     -7.624355652982142E-4    0.001
0.0031502934917132363     -8.496189556561005E-4    8.749999999999999E-4
0.003131396745856621      -7.085994025514078E-4    8.749999999999999E-4
0.003050000000000006      -4.593266739736605E-4    8.749999999999999E-4
0.0028000000000000043     -2.4282032302755147E-4   5.0E-4
0.0027703125000000045     -3.050658989245575E-4    6.015624999999999E-4
0.0028640625000000046     -1.2644815939401747E-4   6.171875E-4
0.0035075668365971246     -0.0014666591232240034   8.75E-4
0.0031780843797070816     -0.001081311922562409    8.75E-4
0.003200586983426468      -9.368023460139877E-4    0.001
0.003152492159527038      -9.807730504985347E-4    8.125E-4
0.0033505674650792343     -0.001229620898794593    8.749999999999999E-4
0.003301477932073325      -0.0011372992401622924   0.0010000000000000002
0.0032502934917132366     -9.36221496034544E-4     8.749999999999999E-4
0.0034003838165866285     -0.0012562842863796352   0.001
0.0035039408805868423     -0.001308428278880721    8.75E-4
0.003499356701351454      -0.00129690882712532     0.001
0.0029000000000000067     -4.1602540378443903E-4   5.0E-4
0.0029500000000000056     -5.892304845413261E-4    6.249999999999999E-4
0.0029031250000000055     -3.1318488708503687E-4   6.093749999999999E-4
0.003000000000000007      -5.892304845413253E-4    5.0E-4
0.0030812500000000067     -4.485013564263542E-4    6.25E-4
0.0031000000000000073     -7.624355652982129E-4    5.0E-4
0.0030968750000000063     -6.920710012407278E-4    6.25E-4
0.00418652600984649       -0.0028278654009947597   0.0010000000000000005
0.00409942302757477       -0.0027631557279926586   8.961768760950477E-4
0.003952368682274812      -0.002612219557112803    8.75E-4
0.004088291846782133      -0.0026557308019895167   0.001
0.004075423995318795      -0.002612299156300371    8.750000000000002E-4
0.0039900576837177786     -0.002483596202984274    0.0010000000000000002
0.0036953551945247097     -0.0019671924059685457   0.0010000000000000002
0.003656353147014055      -0.0018369770680886756   8.75E-4
0.0037553751377190246     -0.002009270865469052    8.75E-4
0.003637246037079034      -0.00211653659309706     8.125000000000001E-4
0.0037935893575890647     -0.002139327004973789    0.0010000000000000002
0.003927547532295185      -0.0021816442620369966   8.75E-4
0.003891823520653422      -0.002311461603979031    0.0010000000000000002
0.0040014857638069916     -0.002353699261854672    8.75E-4
0.004098542764710762      -0.0025468332910163847   6.25E-4
0.003200000000000004      -9.356406460551002E-4    5.0E-4
0.0032000000000000054     -7.624355652982135E-4    6.25E-4
0.004303736809317583      -0.002870580653995801    7.922823105087095E-4
0.004397041011756099      -0.003                   8.34564621017419E-4
0.0033000000000000056     -0.0010222431864335452   6.25E-4
0.0033000000000000056     -0.0011088457268119897   5.000000000000001E-4
0.003284692516228181      -0.0011848624702145982   6.562499999999999E-4
0.003411568469498917      -0.001283023982727994    5.000000000000001E-4
0.003515027977805617      -0.0013847304389484674   6.25E-4
0.003401989201491368      -0.001411825435173116    6.875E-4
0.003400375556785925      -0.0011559016190107693   6.25E-4
0.004318680306573868      -0.002848904630745011    6.461411552543549E-4
0.004320838122661347      -0.0030000000000000005   6.727983238400077E-4
0.004234339203911648      -0.0026544572149884444   5.000000000000001E-4
0.0043336238038301535     -0.002827228607494222    5.000000000000002E-4
0.0043211452868867906     -0.0026978092614900226   6.25E-4
0.004432908403748661      -0.0029999999999999996   5.000000000000002E-4
0.0028000000000000043     1.0358983848622496E-4    0.001
0.0027410528000000045     1.901923788646681E-4     7.91546255232781E-4
0.002825000000000004      6.028856829700264E-5     8.749999999999999E-4
0.00359790636051046       -0.001416038860602074    0.001
0.003655819562548756      -0.0015138885127855917   8.75E-4
0.0037935893575890664     -0.0017950578069633027   0.0010000000000000002
0.0037544853961903883     -0.001664353555579701    8.75E-4
0.0036953551945247114     -0.0016229232079580597   0.0010000000000000002
0.003521530895789004      -0.001449513147260813    5.000000000000001E-4
0.0035684761755294656     -0.0015305223958922253   6.25E-4
0.0036333099036421255     -0.0016169436894338139   5.000000000000001E-4
0.004024341923985419      -0.0024388113711064892   6.25E-4
0.004135054603993142      -0.0024816858224826653   5.000000000000001E-4
0.004222385905395359      -0.002525356265734513    6.25E-4
0.004123363914690388      -0.0023094716242898572   6.25E-4
0.004035770004074634      -0.0023089144299768874   5.000000000000001E-4
0.003936485404156127      -0.0021361430374711074   5.000000000000001E-4
0.003890624314735502      -0.0020695298033367748   6.328125E-4
0.0038372008042376177     -0.001963371644965328    5.000000000000001E-4
0.004024341923985419      -0.0020935869828452      6.25E-4
0.002828552800000004      2.5514428414850096E-4    8.54046255232781E-4
0.0028000000000000047     4.5000000000000015E-4    0.001
0.002676776400000005      2.0101769641197385E-4    6.145231276163905E-4
0.002729568000000005      4.5000000000000015E-4    8.32594754077702E-4
0.0026433368000000046     3.4174682452694507E-4    7.703436322716321E-4
0.002664211200000005      4.500000000000001E-4     6.661850209311247E-4
0.002571668400000005      3.0927087188502875E-4    6.35171816135816E-4
0.002600000000000005      4.5000000000000015E-4    5.0E-4
0.0026704938000000045     3.255088482059869E-4     6.403540742737576E-4
0.002900000000000004      2.767949192431121E-4     0.001
0.002900000000000005      -6.961524227066412E-5    0.0010000000000000002
0.0028750000000000047     -1.9951905283832925E-4   8.75E-4
0.0030000000000000053     -2.4282032302755038E-4   0.001
0.0027000000000000053     2.767949192431123E-4     5.0E-4
0.0037379162043191055     -0.001790600252459551    5.000000000000001E-4
0.003885559449805629      -0.0018242684755554563   6.5625E-4
0.0037234627507490956     -0.0016613637963175782   6.25E-4
0.0031000000000000064     -4.160254037844386E-4    0.001
0.0031125000000000055     -5.67579849446715E-4     8.75E-4
0.003200000000000006      -5.892304845413255E-4    0.001
0.0029937500000000047     1.79367061317363E-4      8.749999999999999E-4
0.0029875000000000053     -3.077722283113837E-4    8.125E-4
0.0031218750000000057     -3.456608397269528E-4    8.90625E-4
0.003006250000000005      -1.886937352910235E-4    8.75E-4
0.0028000000000000043     1.0358983848622496E-4    4.999999999999999E-4
0.0028490955000000043     1.8748604947784207E-4    6.275289095204881E-4
0.002825000000000004      6.028856829700264E-5     6.249999999999999E-4
0.002900000000000006      -6.961524227066434E-5    5.0E-4
0.004418752875901171      -0.002773356946117516    6.355593526887009E-4
0.004441761131069568      -0.002849223027495279    8.961187053774019E-4
0.004481228499039561      -0.003                   0.0010000000000000002
0.004294248491114214      -0.0027631557279926586   8.961411552543548E-4
0.004382994335975204      -0.002827865400994758    0.0010000000000000002
0.0033000000000000082     -7.62435565298214E-4     0.0010000000000000002
0.003275000000000006      -6.325317547305474E-4    8.75E-4
0.003200000000000006      -4.160254037844381E-4    8.749999999999999E-4
0.0030218750000000046     -1.9410639406467603E-4   6.71875E-4
0.003000000000000007      -2.4282032302754995E-4   5.0E-4
0.0030500000000000063     -3.29422863405994E-4     6.25E-4
0.003654170620672591      -0.0013152704182827462   8.749999999999999E-4
0.003400000000000009      -9.356406460551009E-4    0.001
0.003399822806960674      -0.001036013535047868    8.749999999999999E-4
0.0034000000000000063     -8.49038105676656E-4     8.749999999999999E-4
0.0034996456139213426     -0.0011363864240406352   0.001
0.0035761811082991347     -0.001184022573160006    8.4375E-4
0.0035984766614512668     -0.0012570990787558135   0.001
0.0036971968377677        -0.0012975432019603978   0.001
0.003100000000000007      -4.160254037844375E-4    5.000000000000001E-4
0.0031125000000000068     -5.675798494467145E-4    6.25E-4
0.003200000000000005      -5.892304845413246E-4    5.0E-4
0.0031812500000000057     -4.4850135642635406E-4   6.25E-4
0.0033000000000000048     -7.624355652982137E-4    5.000000000000001E-4
0.0033000000000000056     -8.49038105676657E-4     6.25E-4
0.0033250000000000055     -7.191342951089916E-4    6.25E-4
0.004284760172910846      -0.0026557308019895163   0.0010000000000000002
0.004198479308362779      -0.0026123787554879385   8.750000000000002E-4
0.00418652600984649       -0.0024835962029842755   0.0010000000000000005
0.004099982536084885      -0.0024830390086713052   8.750000000000002E-4
0.004088291846782135      -0.0023114616039790325   0.0010000000000000002
0.004026044304573081      -0.002224598312600741    8.75E-4
0.004198479308362779      -0.0022677911607271867   8.750000000000002E-4
0.003841461335007105      -0.002095457563753024    8.75E-4
0.003891823520653423      -0.0019671924059685457   0.0010000000000000002
0.0038346334954551297     -0.0018579366986513632   8.125000000000001E-4
0.0038709745848095737     -0.0017900037362321992   8.906250000000001E-4
0.00399005768371778       -0.002139327004973789    0.001
0.003939958107285         -0.0020523443148141476   8.75E-4
0.003400000000000007      -9.356406460551011E-4    5.000000000000001E-4
0.0034999114034803395     -0.001029128360740706    6.25E-4
0.0045005279261639336     -0.0028705806539958      7.922374107548036E-4
0.004515897525747153      -0.003                   6.722893819436666E-4
0.004593104482465934      -0.003                   8.344748215096072E-4
0.0035000000000000087     -0.0011088457268119873   5.000000000000001E-4
0.0034577017672957713     -0.0012703160289796183   6.25E-4
0.003607961737877236      -0.001283468000667054    5.0E-4
0.0036156977378414596     -0.001411477452535246    6.25E-4
0.0035526539233664413     -0.001198522680660801    6.25E-4
0.003990057683717782      -0.0017950578069633055   0.001
0.003878228073623344      -0.0016602998099838747   8.75E-4
0.003952368682274813      -0.0019230443675912982   8.75E-4
0.0043463557713863885     -0.0026122195571128036   8.75E-4
0.004333623803830152      -0.0024816858224826644   5.000000000000001E-4
0.004346229046079955      -0.002525276666546945    6.250000000000001E-4
0.004244136665366682      -0.0024095292088050627   6.562500000000001E-4
0.004516360464915551      -0.0028489046307450107   6.461187053774018E-4
0.0044329084037486605     -0.0026544572149884427   5.000000000000002E-4
0.004470072186764551      -0.002525197067359378    6.250000000000001E-4
0.004532193003667169      -0.002827228607494221    5.000000000000001E-4
0.004519189268296728      -0.0026978092614900213   6.25E-4
0.004631477603585678      -0.003                   5.000000000000003E-4
0.0030000000000000053     1.0358983848622496E-4    0.001
0.0029937500000000047     6.161980560474845E-6     8.75E-4
0.003798205361870475      -0.0013506952482986677   8.984374999999998E-4
0.003794528979144707      -0.0014164519014930183   0.001
0.0038040722885003863     -0.0015611179023471802   8.75E-4
0.0038918235206534275     -0.0016229232079580614   0.001
0.003928529552788848      -0.0015315667524247298   8.593749999999999E-4
0.0037225323220201312     -0.0014493403136589607   5.0E-4
0.0037717532090084916     -0.0014949758786245307   6.25E-4
0.0037049322899469577     -0.001241143742310833    6.25E-4
0.0038336418381230675     -0.0016165099994393827   5.000000000000001E-4
0.004234339203911648      -0.0023089144299768887   5.000000000000001E-4
0.004135054603993143      -0.0021361430374711096   5.000000000000001E-4
0.004222385905395359      -0.0021801318774732252   6.25E-4
0.004035770004074636      -0.0019633716449653296   5.000000000000001E-4
0.0039549506868955244     -0.0019589277292003282   6.40625E-4
0.0039364854041561296     -0.00179060025245955     5.000000000000001E-4
0.004001970751056299      -0.0016562460643880488   8.749999999999999E-4
0.004123363914690388      -0.001964247236028569    6.25E-4
0.0030000000000000053     4.5000000000000015E-4    0.001
0.0029616590000000045     3.146835306586815E-4     8.537973770388509E-4
0.0028463820000000045     3.525721420742505E-4     7.601156380819528E-4
0.002929568000000005      4.5000000000000015E-4    8.32594754077702E-4
0.0028642112000000055     4.5000000000000015E-4    6.661850209311247E-4
0.0028000000000000047     4.5000000000000015E-4    5.0E-4
0.0028731910000000045     3.146835306586815E-4     6.300578190409764E-4
0.0031000000000000055     2.767949192431123E-4     0.001
0.003080829500000005      2.95739224950897E-4      8.643986885194254E-4
0.0031000000000000047     -6.96152422706626E-5     0.001
0.003137500000000005      -1.7786841774371757E-4   8.749999999999999E-4
0.0032000000000000045     -2.4282032302755038E-4   0.001
0.003143750000000004      9.276452093891959E-5     8.749999999999999E-4
0.002900000000000005      2.767949192431121E-4     5.0E-4
0.003904661139032286      -0.001695620318090772    6.40625E-4
0.004024341923985423      -0.0017483625945839123   6.25E-4
0.0033000000000000074     -4.1602540378443925E-4   0.0010000000000000002
0.003350000000000006      -5.026279441628812E-4    8.749999999999999E-4
0.0032437500000000053     -2.5364564057485573E-4   8.749999999999999E-4
0.003400000000000007      -5.892304845413251E-4    0.001
0.003425000000000007      -7.191342951089905E-4    8.75E-4
0.002993750000000005      6.161980560474845E-6     6.249999999999999E-4
0.0030000000000000057     1.035898384862254E-4     5.0E-4
0.0029937500000000047     1.79367061317363E-4      6.249999999999999E-4
0.0031000000000000047     -6.961524227066238E-5    5.0E-4
0.003071875000000005      9.81771797125718E-5      6.249999999999999E-4
0.003137500000000005      -1.7786841774371738E-4   6.249999999999999E-4
0.004640124394258814      -0.002849223027495279    8.960382861337073E-4
0.004677696825168276      -0.0030000000000000005   0.0010000000000000002
0.004490878212601747      -0.0027631557279926577   8.961187053774017E-4
0.004579462662103918      -0.002827865400994758    0.0010000000000000002
0.004481228499039562      -0.002655730801989516    0.001
0.003500000000000008      -7.624355652982118E-4    0.001
0.0034750000000000054     -5.892304845413249E-4    8.749999999999999E-4
0.0034500000000000056     -4.1602540378443724E-4   8.75E-4
0.003200000000000005      -2.4282032302754995E-4   5.0E-4
0.003250000000000005      -3.294228634059937E-4    6.249999999999999E-4
0.0036981882832068168     -0.0011900645134780175   8.75E-4
0.003599502968506322      -0.001029677033682899    8.75E-4
0.003599183130051973      -9.367379919394871E-4    0.0010000000000000002
0.0035249114034803393     -9.425258203622614E-4    8.125E-4
0.0035750000000000066     -8.057368354874334E-4    8.749999999999999E-4
0.0036995243864633765     -0.001137509806237988    0.001
0.0037965537594529626     -0.001257512951529724    0.0010000000000000002
0.0038499048434317553     -0.0012116105257371005   8.984374999999998E-4
0.003855088354521396      -0.001406887440461411    8.4375E-4
0.003895054924763018      -0.0012978811213242812   0.0010000000000000002
0.0033000000000000048     -4.1602540378443773E-4   5.0E-4
0.003312500000000006      -5.675798494467143E-4    6.25E-4
0.003400000000000006      -5.892304845413249E-4    5.0E-4
0.0033500000000000053     -4.1602540378443724E-4   6.249999999999999E-4
0.003500000000000006      -7.624355652982122E-4    5.0E-4
0.003399955701740172      -9.390832332086815E-4    6.25E-4
0.0034500000000000056     -6.541823898251575E-4    6.562499999999999E-4
0.004382994335975204      -0.002483596202984273    0.0010000000000000002
0.004296713471427137      -0.0024399257597324275   8.750000000000002E-4
0.004444589934450747      -0.0024400849581075607   8.75E-4
0.004284760172910844      -0.0023114616039790325   0.0010000000000000002
0.00418652600984649       -0.0021393270049737912   0.0010000000000000002
0.0043463557713863885     -0.0022676319623520513   8.75E-4
0.0040506028453391706     -0.0020954973633468097   8.75E-4
0.004088291846782137      -0.001967192405968549    0.001
0.004198479308362778      -0.0019232035659664352   8.75E-4
0.004075423995318795      -0.0019231239667788665   8.75E-4
0.004370787586846042      -0.0023527440716038673   6.25E-4
0.004089379974796778      -0.0016212388604707265   0.001
0.0041002250297095385     -0.0017897248151772418   8.75E-4
0.0036000000000000064     -9.356406460550996E-4    5.000000000000001E-4
0.003612455701740172      -9.607338683032911E-4    6.25E-4
0.0035750000000000053     -8.057368354874336E-4    6.25E-4
0.003699911403480337      -0.0010291283607407062   6.25E-4
0.0047007861264137096     -0.0028705806539958      7.920765722674144E-4
0.004715269854018924      -0.003                   6.714563472193229E-4
0.004796102119982622      -0.003                   8.341531445348288E-4
0.0037000000000000015     -0.001108845726811987    5.000000000000001E-4
0.0038089939140776995     -0.0012843026120488747   5.000000000000001E-4
0.0038125069486190477     -0.001369404448341518    6.25E-4
0.004186526009846488      -0.001795057806963308    0.0010000000000000002
0.0041499062908379215     -0.001663841096964635    8.75E-4
0.004861545174973924      -0.0028921770780590225   8.96038286133707E-4
0.00487416515129699       -0.003                   0.001
0.0044329084037486605     -0.0023089144299768853   5.000000000000001E-4
0.004532193003667169      -0.0024816858224826644   5.000000000000002E-4
0.004519189268296729      -0.002352584873228732    6.25E-4
0.00477737792752785       -0.002859702842776622    6.58747316676515E-4
0.004668116168174491      -0.002784194957742911    6.25E-4
0.004631477603585678      -0.0026544572149884427   5.000000000000001E-4
0.004668116168174491      -0.0026114235652371326   6.25E-4
0.004730762203504185      -0.0028272286074942222   5.000000000000002E-4
0.004830046803422692      -0.003                   5.000000000000002E-4
0.0032000000000000045     1.0358983848622518E-4    0.001
0.0031937500000000047     6.161980560475512E-6     8.749999999999999E-4
0.003966719544279006      -0.0013127678606522533   8.593749999999999E-4
0.003991997632714994      -0.001417039783671811    0.001
0.004022719586652406      -0.0014475973960322317   8.671875E-4
0.0038243375673355476     -0.001135917738279607    6.25E-4
0.003922376640030954      -0.001449374810005025    5.000000000000001E-4
0.003923762828258941      -0.0015669721606260873   6.25E-4
0.004035770004074641      -0.0016178288599537735   5.000000000000001E-4
0.004007101760500704      -0.001441512822782103    5.9375E-4
0.004333623803830152      -0.0021361430374711096   5.000000000000001E-4
0.004253329705078119      -0.0020616400921804334   6.562500000000001E-4
0.004234339203911648      -0.001963371644965333    5.000000000000002E-4
0.004370787586846042      -0.00200751968334258     6.25E-4
0.0041350546039931445     -0.0017906002524595546   5.000000000000001E-4
0.004148250574831139      -0.0017247612531252829   6.25E-4
0.004222385905395357      -0.001834907489211938    6.25E-4
0.0032000000000000054     2.767949192431125E-4     8.749999999999999E-4
0.003200000000000006      4.500000000000001E-4     0.001
0.0031295680000000053     4.5000000000000015E-4    8.32594754077702E-4
0.003064211200000005      4.500000000000001E-4     6.661850209311247E-4
0.0030289806000000047     3.146835306586815E-4     6.455925104655622E-4
0.0031000000000000055     2.767949192431125E-4     7.499999999999999E-4
0.0030000000000000057     4.5000000000000015E-4    5.0E-4
0.003300000000000005      2.767949192431121E-4     0.001
0.003300000000000005      -6.961524227066282E-5    0.001
0.003334375000000005      -1.0075995760482627E-5   8.749999999999999E-4
0.0034000000000000067     -2.4282032302755017E-4   0.001
0.003350000000000006      -3.294228634059937E-4    8.749999999999999E-4
0.0034093750000000053     -1.7245575897006436E-4   8.593749999999999E-4
0.0033000000000000048     1.9019237886466859E-4    8.749999999999999E-4
0.0031000000000000064     2.7679491924311275E-4    5.0E-4
0.0031500000000000052     1.9019237886466875E-4    6.249999999999999E-4
0.0032071056000000046     3.200961894323342E-4     6.455925104655622E-4
0.003500000000000006      -4.1602540378443643E-4   0.001
0.003600000000000006      -5.89230484541324E-4     0.0010000000000000002
0.0036250000000000045     -6.758330249197678E-4    8.749999999999999E-4
0.003200000000000005      1.0358983848622518E-4    5.0E-4
0.0031937500000000047     6.161980560475678E-6     6.249999999999999E-4
0.0033000000000000048     -6.96152422706626E-5     5.0E-4
0.0032781250000000046     -1.3997980632814806E-4   6.718749999999998E-4
0.0033005710000000047     9.81771797125723E-5      6.353243442597127E-4
0.0034093750000000053     -1.7245575897006436E-4   6.093749999999999E-4
0.004775930988232634      -0.002827865400994758    0.0010000000000000002
0.004689241475790992      -0.0027631557279926577   8.960382861337073E-4
0.004677696825168276      -0.002655730801989516    0.0010000000000000002
0.004524813214081406      -0.00264999339942655     8.699343526887009E-4
0.004558748215561065      -0.0025368310708604423   8.437500000000001E-4
0.004579462662103919      -0.0024835962029842737   0.0010000000000000002
0.003700000000000005      -7.624355652982109E-4    0.001
0.003784190756504096      -8.834341903622626E-4    8.4375E-4
0.003550000000000006      -3.2942286340599335E-4   8.75E-4
0.0036250000000000037     -5.026279441628809E-4    8.749999999999999E-4
0.0034000000000000063     -2.4282032302754995E-4   5.0E-4
0.0037994772791059973     -9.369748137418427E-4    0.0010000000000000002
0.003799631513008189      -0.0010369087680682301   8.75E-4
0.003897927942267267      -0.001138282456369884    0.001
0.003927414948600716      -0.0011084428004714574   8.945312499999999E-4
0.003994696933173286      -0.0012576077653885806   0.001
0.004093081852251768      -0.0012978868486712264   0.001
0.004155468506995314      -0.0015086077984363714   8.75E-4
0.00418963166561874       -0.0014166621957367276   0.0010000000000000002
0.0034500000000000056     -5.026279441628809E-4    6.249999999999999E-4
0.0035000000000000057     -4.160254037844373E-4    5.0E-4
0.0034500000000000056     -3.2942286340599335E-4   6.249999999999999E-4
0.003739062500000004      -6.135874490227616E-4    8.749999999999999E-4
0.0036250000000000037     -5.026279441628809E-4    6.25E-4
0.0036000000000000042     -5.892304845413244E-4    5.0E-4
0.0036250000000000037     -6.758330249197685E-4    6.25E-4
0.003899869319776501      -8.493716475983427E-4    8.75E-4
0.0037000000000000023     -7.624355652982122E-4    5.0E-4
0.0037250000000000035     -8.923393758658784E-4    6.25E-4
0.0037312500000000037     -6.000558020886302E-4    6.249999999999999E-4
0.004231164120103539      -0.0015704637542080706   8.75E-4
0.004690700560538716      -0.0024399257597324257   8.75E-4
0.004481228499039562      -0.0023114616039790307   0.0010000000000000002
0.00454334931594218       -0.0023538584602298047   8.75E-4
0.004523140812687847      -0.002262312455523811    8.906250000000001E-4
0.004382994335975204      -0.0021393270049737886   0.0010000000000000005
0.004296713471427137      -0.002095338164971675    8.750000000000002E-4
0.004444589934450747      -0.0020954973633468075   8.75E-4
0.004284760172910844      -0.001967192405968548    0.0010000000000000002
0.0043463557713863885     -0.0019230443675912993   8.75E-4
0.004470072186764551      -0.002179972679098088    6.25E-4
0.004296713471427133      -0.0017507505702109229   8.75E-4
0.0042847601729108405     -0.0016229232079580643   0.0010000000000000002
0.003800000000000002      -9.356406460551015E-4    5.000000000000001E-4
0.0038498786920269554     -8.331903964019238E-4    6.328124999999999E-4
0.004910961511538896      -0.003                   6.700617512232093E-4
0.004921136861658793      -0.0028921770780590225   8.13114855577084E-4
0.004993348524666728      -0.003                   8.341531388867536E-4
0.003853260688229605      -0.0012438330180585052   6.25E-4
0.0039000000000000037     -0.0011088457268119908   5.0E-4
0.0038998693197765024     -0.0010225767283552315   6.25E-4
0.004009358397957965      -0.0012872960191875624   5.000000000000001E-4
0.003957205730544423      -0.001276713777434933    6.562499999999999E-4
0.0043829943359752        -0.0017950578069633025   0.001
0.004677696825168277      -0.0023114616039790316   0.0010000000000000002
0.004621374975752204      -0.002262312455523812    8.906250000000001E-4
0.004910662256506104      -0.002806109778556401    8.960382861337073E-4
0.00497239931436135       -0.002827865400994758    0.0010000000000000002
0.005070633477425707      -0.003                   0.0010000000000000002
0.005039717317978552      -0.0028546221335110844   9.012978488788645E-4
0.004532193003667169      -0.002136143037471106    5.000000000000001E-4
0.004361700945921336      -0.002120806385639261    6.40625E-4
0.004668116168174492      -0.002438970569481622    6.25E-4
0.004631477603585678      -0.0023089144299768853   5.000000000000001E-4
0.004618473868215238      -0.0021801318774732218   6.25E-4
0.004730762203504185      -0.0024816858224826653   5.000000000000001E-4
0.0049205284200475735     -0.002821948900259767    6.418736583382576E-4
0.004830046803422694      -0.0026544572149884444   5.000000000000002E-4
0.0048162552404116404     -0.0025251970673593775   6.25E-4
0.004839486001036776      -0.002719405685553244    6.460382861337073E-4
0.005028616003259707      -0.003                   5.000000000000002E-4
0.004929331403341201      -0.0028272286074942222   5.000000000000002E-4
0.0034000000000000063     1.0358983848622475E-4    0.001
0.004078350734036617      -0.0012186482808430957   8.75E-4
0.004116909620515965      -0.0013636280396397335   8.75E-4
0.00399876373119076       -0.0011561045754400622   6.25E-4
0.00415095426531161       -0.0013608664368307628   5.9375E-4
0.004123987561753294      -0.0014532746768994007   5.000000000000001E-4
0.0041241115111532315     -0.0015676315908832855   6.25E-4
0.004234339203911646      -0.0016178288599537792   5.000000000000001E-4
0.004272159225676856      -0.0017011599116666532   6.25E-4
0.004432908403748659      -0.0019633716449653288   5.000000000000001E-4
0.004519189268296728      -0.0020073604849674435   6.25E-4
0.004395608736825668      -0.0018779411389632456   6.25E-4
0.00433362380383015       -0.0017906002524595542   5.000000000000001E-4
0.004312421949369156      -0.0014770864114515066   8.749999999999999E-4
0.0035000000000000057     -6.961524227066303E-5    0.001
0.0033295680000000067     4.500000000000001E-4     8.325947540777021E-4
0.003400000000000006      4.5000000000000015E-4    0.001
0.0034147840000000053     2.767949192431125E-4     7.912973770388509E-4
0.003282105600000005      2.767949192431125E-4     7.080925104655623E-4
0.0032642112000000056     4.5000000000000015E-4    6.661850209311247E-4
0.0032000000000000045     4.5000000000000004E-4    4.999999999999999E-4
0.0035000000000000053     2.767949192431121E-4     0.001
0.003475000000000005      -2.6313972081440767E-5   8.749999999999999E-4
0.0036000000000000064     -2.4282032302754995E-4   0.0010000000000000002
0.003606250000000004      -1.0209119491257909E-4   8.749999999999999E-4
0.003507392000000004      1.9019237886466875E-4    8.956486885194255E-4
0.0033000000000000048     2.7679491924311253E-4    5.0E-4
0.0042726324549554094     -0.0014245646202014587   6.25E-4
0.003700000000000003      -4.1602540378443665E-4   0.001
0.003800000000000004      -5.892304845413244E-4    0.001
0.003881909942026955      -6.505131627911434E-4    8.828124999999999E-4
0.0034093750000000053     7.493217868234649E-7     6.093749999999999E-4
0.003400000000000006      1.035898384862254E-4     5.0E-4
0.003407392000000005      1.9019237886466907E-4    6.456486885194255E-4
0.0035000000000000057     -6.96152422706626E-5     5.0E-4
0.0035375000000000046     -2.2116968793293876E-4   6.249999999999999E-4
0.004874165151296992      -0.0026557308019895145   0.0010000000000000002
0.004843882415713362      -0.002655253206864113    8.335382861337073E-4
0.004838839632775865      -0.0025261522576101813   8.75E-4
0.005022496103057827      -0.00275227791677348     8.855191430668537E-4
0.004775930988232634      -0.002483596202984273    0.0010000000000000002
0.0042368222777116014     -0.0013316882087831973   8.75E-4
0.004386143372261477      -0.0014161627566241434   0.001
0.0039000000000000007     -7.624355652982129E-4    0.001
0.0037687500000000034     -7.299596126562952E-4    8.125E-4
0.0037000000000000036     -3.9437476868982627E-4   8.125E-4
0.0036000000000000042     -2.4282032302754973E-4   5.0E-4
0.0036250000000000032     -1.1291651245988418E-4   6.249999999999999E-4
0.0035375000000000046     -4.160254037844371E-4    6.249999999999999E-4
0.004004925053769677      -0.0010052750752058146   8.90625E-4
0.003999071608240791      -9.394870471651101E-4    0.001
0.004097159217285554      -0.0011376264814511156   0.0010000000000000002
0.0041930108750908406     -0.0012576363662138129   0.0010000000000000002
0.004147531668371088      -0.0011306839456007895   8.75E-4
0.0042911428982826995     -0.0012980227752308067   0.001
0.004244523508869661      -0.001210882092490635    8.75E-4
0.004356734934907238      -0.001299748377926661    8.75E-4
0.0037000000000000028     -4.1602540378443686E-4   5.0E-4
0.0036984375000000034     -3.9166843930299987E-4   6.562499999999999E-4
0.003893750000000004      -5.134532617101865E-4    8.749999999999999E-4
0.003800000000000003      -5.892304845413262E-4    5.0E-4
0.0037843750000000034     -4.755646502946173E-4    6.249999999999999E-4
0.0038375000000000037     -6.974836600143796E-4    6.249999999999999E-4
0.004024293188174301      -8.625671578714174E-4    8.90625E-4
0.003900000000000005      -7.624355652982142E-4    5.0E-4
0.003987500000000004      -6.108811196359361E-4    6.249999999999999E-4
0.004396260111990132      -0.0016560268076261297   8.749999999999999E-4
0.004432603236467473      -0.0015223207354944084   8.749999999999999E-4
0.004838839632775865      -0.0023536992618546707   8.75E-4
0.004579462662103919      -0.0021393270049737895   0.0010000000000000002
0.004481228499039562      -0.0019671924059685452   0.0010000000000000002
0.00454334931594218       -0.002009270865469052    8.75E-4
0.004473990905003974      -0.0018317570602448961   8.90625E-4
0.00448122849903956       -0.0016229232079580597   0.0010000000000000002
0.004000000000000007      -9.356406460551026E-4    5.000000000000001E-4
0.003974757384053908      -7.740414169379693E-4    6.406249999999999E-4
0.005107612881865991      -0.003                   6.684595435663035E-4
0.005013781870821664      -0.0028516638831435894   7.222346780479932E-4
0.0051070353215957555     -0.0028813788660274117   8.025956977577287E-4
0.005190594832969387      -0.003                   8.341531093817503E-4
0.005063678912567296      -0.0027841949577429117   6.250000000000001E-4
0.004100000000000009      -0.0011088457268119889   5.000000000000001E-4
0.004049869319776505      -9.359741879767858E-4    6.25E-4
0.004074858998251184      -0.0012584855061354124   6.09375E-4
0.004210081649652763      -0.001288082038102345    5.000000000000001E-4
0.004579462662103919      -0.0017950578069633038   0.0010000000000000002
0.0046213421496005104     -0.0019178243597475174   8.906250000000001E-4
0.00454334931594218       -0.0016646832707082981   8.75E-4
0.004722154882810332      -0.002202524293412115    8.125000000000001E-4
0.004775930988232633      -0.0021393270049737873   0.001
0.004632752099376256      -0.0021058975794405834   8.437500000000001E-4
0.004838839632775865      -0.002181564662849428    8.75E-4
0.004874165151296992      -0.0023114616039790294   0.0010000000000000002
0.005070633477425708      -0.0026557308019895167   0.0010000000000000002
0.004986190877372402      -0.002612219557112803    8.75E-4
0.005168867640490064      -0.002827865400994758    0.0010000000000000002
0.005134329949609549      -0.0026984460549905587   8.75E-4
0.0052290126341336335     -0.002849223027495279    8.959578108015926E-4
0.005267101803554421      -0.0030000000000000005   0.0010000000000000002
0.00463147760358568       -0.001963371644965328    5.000000000000002E-4
0.004643295018194866      -0.002050553333093888    6.25E-4
0.004730762203504189      -0.0021361430374711088   5.000000000000001E-4
0.004726458543157258      -0.0022557193616945      6.562500000000001E-4
0.0051834729162268545     -0.0028920974788714557   6.476195898637895E-4
0.0052271852030967205     -0.0029999999999999996   5.000000000000002E-4
0.004875057181518099      -0.0021693734650353952   6.562500000000001E-4
0.004830046803422692      -0.002308914429976887    5.000000000000001E-4
0.004929331403341201      -0.0024816858224826653   5.000000000000002E-4
0.004973685258402762      -0.0024282917562313618   6.562500000000001E-4
0.004978199426672979      -0.002552371695610431    6.718750000000002E-4
0.005028616003259708      -0.0026544572149884444   5.000000000000002E-4
0.0051279006031782134     -0.002827228607494222    5.000000000000002E-4
0.0036000000000000042     1.0358983848622496E-4    0.001
0.0034208835000000045     9.005819155209306E-5     8.853243442597127E-4
0.004203992884554693      -0.0012059117239264041   6.25E-4
0.004548590238849959      -0.0018295282829930185   6.40625E-4
0.00432370787071697       -0.0014531525040009012   5.000000000000001E-4
0.004321932545958356      -0.0015674123341213682   6.25E-4
0.004319655954822823      -0.0012813005945467926   6.25E-4
0.004432908403748655      -0.0016178288599537714   5.000000000000001E-4
0.004420429886805293      -0.001748362594583911    6.25E-4
0.004532193003667169      -0.0017906002524595475   5.0E-4
0.0045060216817061054     -0.0016189051548057055   6.25E-4
0.003700000000000003      -6.961524227066282E-5    0.001
0.003600000000000005      4.5000000000000015E-4    0.0010000000000000002
0.0035295680000000055     4.500000000000001E-4     8.325947540777021E-4
0.0036285528000000043     2.9844555433772334E-4    8.54046255232781E-4
0.0034642112000000053     4.500000000000002E-4     6.661850209311248E-4
0.003557105600000004      3.2009618943233453E-4    7.080925104655623E-4
0.003435801600000005      3.2009618943233453E-4    6.559168547252751E-4
0.003400000000000005      4.5000000000000015E-4    5.000000000000001E-4
0.003700000000000004      2.767949192431123E-4     0.001
0.0037250000000000035     1.4689110867544705E-4    8.749999999999999E-4
0.0037375000000000025     -1.7786841774371722E-4   8.749999999999999E-4
0.0038000000000000043     -2.4282032302754995E-4   0.001
0.0038375000000000024     -3.5107349850060454E-4   8.749999999999999E-4
0.0037000000000000036     1.6987298107781104E-5    8.749999999999999E-4
0.0035000000000000053     2.7679491924311275E-4    5.0E-4
0.003578552800000004      2.1184301395927994E-4    6.040462552327811E-4
0.004409343494879362      -0.0014023763470457403   6.25E-4
0.003900000000000003      -4.160254037844375E-4    0.001
0.004000000000000002      -5.892304845413257E-4    0.001
0.004024757384053906      -6.874388765595253E-4    8.90625E-4
0.003971875000000004      -4.214380625580905E-4    8.75E-4
0.0036000000000000042     1.035898384862254E-4     5.0E-4
0.0035171875000000047     -5.6083595336530357E-5   6.171874999999999E-4
0.0037000000000000028     -6.961524227066217E-5    5.0E-4
0.0037008882000000042     3.322527442873941E-5     6.666365638081952E-4
0.0037375000000000025     -1.778684177437169E-4    6.249999999999999E-4
0.004972399314361351      -0.002483596202984272    0.001
0.005018039113464322      -0.0023748976899800587   8.125000000000001E-4
0.005134329949609549      -0.0025259930592350485   8.75E-4
0.00439063680495532       -0.0012580622220146535   0.0010000000000000002
0.004468946360944814      -0.0013886146633626867   8.749999999999999E-4
0.0044889714451970646     -0.0012985574501267584   0.001
0.004584955429288764      -0.001418678961099061    0.0010000000000000002
0.004100000000000001      -7.624355652982161E-4    0.001
0.00447625258473408       -0.001240663753260331    9.0625E-4
0.0038000000000000035     -2.4282032302755038E-4   5.0E-4
0.0038375000000000037     -3.5107349850060454E-4   6.249999999999999E-4
0.003800888200000003      -7.502790104431518E-5    6.353865638081953E-4
0.00419818975265473       -9.415513768730197E-4    0.001
0.0042958082389132355     -0.0011386370926889386   0.0010000000000000002
0.004363350730424064      -0.0011538527556435672   8.125E-4
0.004297471200855247      -0.0010331863602958938   8.75E-4
0.0041500000000000035     -6.758330249197709E-4    8.749999999999999E-4
0.003900000000000004      -4.1602540378443773E-4   5.0E-4
0.0039000000000000033     -2.428203230275501E-4    6.249999999999999E-4
0.003893750000000003      -5.134532617101872E-4    6.249999999999999E-4
0.004000000000000005      -5.892304845413253E-4    5.0E-4
0.003971875000000004      -4.214380625580905E-4    6.249999999999999E-4
0.004199094876327369      -8.519934710856166E-4    8.749999999999999E-4
0.004100000000000006      -7.624355652982126E-4    5.0E-4
0.0040999346598882555     -8.059036064482775E-4    6.25E-4
0.004150000000000006      -6.758330249197692E-4    6.25E-4
0.004616000144428619      -0.0014909165680067897   8.75E-4
0.004677696825168274      -0.0019671924059685457   0.0010000000000000002
0.004731314523957535      -0.0020197904803441785   8.437500000000001E-4
0.0046802509392290855     -0.0016207665659123494   0.0010000000000000002
0.004632686447072871      -0.001761349784273613    8.437500000000001E-4
0.0042000000000000075     -9.356406460550993E-4    5.0E-4
0.004262334158941717      -8.070451343753533E-4    6.562499999999999E-4
0.004123886719616564      -0.0010298577988636247   6.875E-4
0.0052891576277772035     -0.0028705806539958      7.919156216031852E-4
0.005380288833761016      -0.003                   8.338312432063702E-4
0.005303266919886414      -0.003                   6.702391797275791E-4
0.00518778466246543       -0.0027410021096164663   6.25E-4
0.005315819175024811      -0.0028813390664336283   6.788695898637896E-4
0.004300000000000007      -0.0011088457268119856   5.000000000000001E-4
0.0043122336579951796     -0.001003042378153927    6.25E-4
0.004409161101753659      -0.0012877568858025233   5.000000000000001E-4
0.004419195680873271      -0.001281138018396882    6.25E-4
0.004775930988232632      -0.0017950578069633022   0.0010000000000000002
0.004722023578203563      -0.0018580162978389285   8.125000000000001E-4
0.004771206864427624      -0.0016784190805626902   8.906250000000001E-4
0.004874165151296992      -0.001967192405968544    0.0010000000000000002
0.0048746768187109294     -0.0020249706885941752   8.28125E-4
0.004972399314361352      -0.0021393270049737878   0.0010000000000000002
0.004937073795840224      -0.002181564662849428    8.75E-4
0.005070633477425708      -0.0023114616039790307   0.0010000000000000002
0.0051688676404900635     -0.002483596202984273    0.001
0.005267101803554421      -0.002655730801989516    0.0010000000000000002
0.005257385262653533      -0.0026552532068641137   8.75E-4
0.005365335966618779      -0.002827865400994757    0.0010000000000000002
0.005463570129683137      -0.0029999999999999996   0.0010000000000000005
0.004668116168174494      -0.0019209747887145546   6.25E-4
0.00473076220350419       -0.0017906002524595511   5.000000000000001E-4
0.004830046803422695      -0.0019633716449653305   5.000000000000001E-4
0.004784932222746795      -0.002072388554719812    6.875000000000001E-4
0.004816255240411644      -0.0018347482908367997   6.25E-4
0.004928951040534032      -0.002077767760938727    6.718750000000001E-4
0.004929331403341201      -0.0021361430374711088   5.000000000000001E-4
0.004965182140289403      -0.002266358375350979    6.25E-4
0.005425754402933736      -0.002999999999999999    5.000000000000002E-4
0.005326469803015227      -0.002827228607494221    5.000000000000001E-4
0.005028616003259709      -0.0023089144299768887   5.000000000000001E-4
0.005097397094480588      -0.0026440171993008846   6.562500000000001E-4
0.0051279006031782134     -0.002481685822482666    5.000000000000002E-4
0.005106294126414255      -0.0023744996940422247   6.875000000000001E-4
0.00522718520309672       -0.0026544572149884444   5.000000000000002E-4
0.0053804405756975185     -0.002612139957925236    8.75E-4
0.0037464146000000032     2.497316253748489E-4     8.749096914245859E-4
0.0038000000000000043     1.0358983848622475E-4    0.001
0.00471775846813375       -0.0016621360967061553   6.25E-4
0.0047540729425655116     -0.0014896438600173357   8.75E-4
0.0045219398955347965     -0.0014526722829189213   5.000000000000002E-4
0.0046314776035856825     -0.0016178288599537694   5.000000000000001E-4
0.004591613476606917      -0.0014894477150274997   6.25E-4
0.0040000000000000036     -2.4282032302755017E-4   0.001
0.0038625000000000035     -2.2116968793293892E-4   8.125E-4
0.003950000000000003      -1.5621778264910622E-4   8.749999999999999E-4
0.0039000000000000033     -6.96152422706626E-5     0.001
0.003800000000000004      4.500000000000001E-4     0.001
0.003729568000000005      4.5000000000000015E-4    8.325947540777022E-4
0.0038790604000000033     2.8762023679041794E-4    8.120705046552416E-4
0.0036285528000000043     2.9844555433772334E-4    6.040462552327811E-4
0.003664211200000004      4.500000000000002E-4     6.661850209311248E-4
0.0037469222000000037     3.255088482059869E-4     7.391839408470462E-4
0.0036000000000000042     4.5000000000000015E-4    5.000000000000001E-4
0.003864276400000003      2.0101769641197418E-4    8.957731276163904E-4
0.0039000000000000033     2.767949192431123E-4     0.001
0.0038892764000000037     -1.5488654534135172E-5   8.332731276163905E-4
0.003700000000000005      2.7679491924311253E-4    5.0E-4
0.003764276400000004      2.0101769641197418E-4    6.457731276163905E-4
0.004050000000000003      -3.2942286340599455E-4   8.75E-4
0.004100000000000003      -4.1602540378443925E-4   0.0010000000000000002
0.004093750000000005      -5.134532617101879E-4    8.749999999999999E-4
0.004200000000000006      -5.892304845413277E-4    0.001
0.0038000000000000043     1.0358983848622518E-4    5.0E-4
0.003900000000000004      -6.961524227066303E-5    5.0E-4
0.003864276400000004      2.7812615655086364E-5    6.457731276163905E-4
0.005281681194206084      -0.0024399257597324257   8.75E-4
0.005134329949609549      -0.002353858460229805    8.75E-4
0.005134329949609549      -0.002181405464474296    8.75E-4
0.004434729290126389      -0.0010593251796033405   8.75E-4
0.004619847486065311      -0.0013312477535581248   8.749999999999999E-4
0.004495304267645045      -0.001138198431372987    0.001
0.004588645954572033      -0.0012585485690534447   0.0010000000000000002
0.004628454245663602      -0.00118107539431703     9.0625E-4
0.004783108357185586      -0.00142579204347768     0.001
0.004687945622502472      -0.0013014289370150195   0.001
0.0042750000000000045     -7.19134295108992E-4     8.749999999999999E-4
0.004300000000000009      -7.624355652982146E-4    0.001
0.004360752799122112      -9.199351701685962E-4    8.75E-4
0.004000000000000005      -2.4282032302754995E-4   5.0E-4
0.004006250000000004      -1.8869373529102282E-4   6.562499999999999E-4
0.004397038282253872      -9.42631310841324E-4     0.001
0.004100000000000005      -4.160254037844373E-4    5.0E-4
0.004050000000000003      -3.294228634059937E-4    6.249999999999999E-4
0.0040937500000000045     -5.134532617101865E-4    6.249999999999999E-4
0.004200000000000005      -4.593266739736608E-4    8.75E-4
0.004200000000000005      -5.892304845413244E-4    5.0E-4
0.004200000000000004      -4.5932667397365946E-4   6.25E-4
0.0043375000000000045     -6.974836600143793E-4    6.249999999999999E-4
0.004300000000000005      -7.624355652982113E-4    5.0E-4
0.005018039113464323      -0.002030150896844172    8.125000000000001E-4
0.004838839632775865      -0.0018369770680886754   8.75E-4
0.0048722735731909685     -0.0016216544481015417   0.0010000000000000002
0.004892145740702404      -0.001488371152027882    8.749999999999999E-4
0.004400000000000003      -9.356406460550985E-4    5.000000000000001E-4
0.004424467315990351      -9.83841569874311E-4     6.25E-4
0.004412233657995176      -8.298372973970403E-4    6.25E-4
0.005576499127174045      -0.003                   8.338796335820693E-4
0.005504984863285131      -0.002849223027495279    8.550597949318948E-4
0.005448165433822768      -0.0028705806539958      7.101195898637896E-4
0.005500664488277964      -0.003                   6.702484944046661E-4
0.0055656907381447015     -0.0028705806539958      7.510999098339301E-4
0.005278975898754187      -0.0025630505088606913   6.40625E-4
0.005311890412363563      -0.002697809261490021    6.25E-4
0.0045000000000000005     -0.001108845726811987    5.000000000000001E-4
0.00438429529340176       -0.0011566715441201582   6.875E-4
0.004608767220266275      -0.0012878095493742856   5.000000000000001E-4
0.004580258284947213      -0.0013244380597377578   6.25E-4
0.00456310833280925       -0.0012157553401769927   6.875E-4
0.0049723993143613535     -0.0017950578069633018   0.0010000000000000002
0.004987350657705059      -0.0017045923497752181   8.75E-4
0.005052522647247776      -0.0018847679797629367   8.906250000000001E-4
0.005070633477425708      -0.001967192405968546    0.0010000000000000002
0.005134329949609549      -0.0020092708654690533   8.75E-4
0.005168867640490064      -0.0021393270049737886   0.0010000000000000002
0.005622510167607065      -0.002849223027495279    8.960401149020352E-4
0.005660038455811853      -0.0030000000000000005   0.0010000000000000005
0.005267101803554421      -0.00231146160397903     0.001
0.005365335966618779      -0.002483596202984271    0.0010000000000000002
0.005503495888741504      -0.002612139957925236    8.75E-4
0.005463570129683138      -0.002655730801989515    0.0010000000000000002
0.0054867522617283206     -0.002719724082303512    8.125000000000001E-4
0.005561804292747496      -0.002827865400994758    0.0010000000000000002
0.005626551201785488      -0.0026984460549905583   8.75E-4
0.004830046803422701      -0.0016178288599537744   5.000000000000001E-4
0.0049293314033412045     -0.0017906002524595537   5.000000000000001E-4
0.004965182140289404      -0.0019211339870896906   6.25E-4
0.004940678271262567      -0.0017685559316800727   6.25E-4
0.005028616003259711      -0.0019633716449653322   5.000000000000001E-4
0.005072969858321268      -0.002083146967157642    6.5625E-4
0.0051279006031782134     -0.0021361430374711114   5.000000000000001E-4
0.0050814729764346285     -0.002245159947225592    6.875E-4
0.005171860544419467      -0.001996920469279886    6.562500000000001E-4
0.005183204841891827      -0.002185312085723221    6.09375E-4
0.005525039002852243      -0.00282722860749422     5.000000000000002E-4
0.0056243236027707505     -0.0029999999999999996   5.000000000000002E-4
0.005452477180061343      -0.002719485284740811    6.875000000000001E-4
0.0054257544029337355     -0.002654457214988441    5.000000000000001E-4
0.005227185203096719      -0.0023089144299768887   5.000000000000001E-4
0.005246061385144811      -0.002428291756231362    6.562500000000001E-4
0.005326469803015226      -0.002481685822482665    5.000000000000001E-4
0.005429557657229698      -0.0024400849581075594   8.75E-4
0.004000000000000002      1.0358983848622496E-4    0.001
0.004075000000000003      -2.631397208144143E-5    8.749999999999999E-4
0.004574467315990349      -0.0010704441102527553   6.25E-4
0.004764544359782211      -0.0014874259701684693   6.25E-4
0.004722511139260279      -0.001453041488621212    5.000000000000001E-4
0.004708241975255757      -0.0013290894102673575   6.25E-4
0.004200000000000004      -2.4282032302755147E-4   0.001
0.004200000000000004      -3.294228634059947E-4    8.75E-4
0.004156250000000004      -1.886937352910235E-4    8.4375E-4
0.004100000000000005      -6.96152422706639E-5     0.001
0.003971668400000004      3.0927087188502875E-4    8.851718161358163E-4
0.0040000000000000036     4.5000000000000004E-4    9.999999999999998E-4
0.003929568000000004      4.5000000000000015E-4    8.325947540777022E-4
0.0038642112000000046     4.500000000000001E-4     6.661850209311248E-4
0.0038142438000000043     3.255088482059869E-4     6.559790742737576E-4
0.0039463820000000035     3.525721420742508E-4     6.351156380819528E-4
0.003800000000000004      4.500000000000001E-4     5.0E-4
0.004100000000000004      2.767949192431121E-4     0.001
0.0041198920000000035     1.6854174377005756E-4    8.956486885194256E-4
0.0041248650000000045     3.146835306586815E-4     8.69560860649282E-4
0.003900000000000006      2.7679491924311253E-4    5.0E-4
0.0038785528000000033     1.685417437700579E-4     6.040462552327811E-4
0.004300000000000007      -4.1602540378443925E-4   0.0010000000000000002
0.004293750000000004      -2.319950054802452E-4    8.75E-4
0.004337500000000006      -5.242785792574932E-4    8.75E-4
0.004400000000000008      -5.892304845413251E-4    0.001
0.004000000000000005      1.0358983848622518E-4    5.0E-4
0.004028552800000004      2.5514428414850167E-4    6.040462552327811E-4
0.004075000000000003      -2.6313972081440767E-5   6.249999999999999E-4
0.004225000000000004      -2.63139720814416E-5     8.749999999999999E-4
0.004100000000000005      -6.961524227066282E-5    5.0E-4
0.0053313234941653395     -0.00226763196235205     8.75E-4
0.0045989240540251575     -9.447793615794807E-4    0.0010000000000000002
0.004571987379397531      -0.0010854639989107875   8.75E-4
0.004467135970124524      -9.295355743084038E-4    8.4375E-4
0.005072310567016186      -0.0016250936126161815   0.0010000000000000002
0.004821046972962693      -0.0013608895351820325   9.062499999999999E-4
0.004977713901100666      -0.0014549318523400371   0.001
0.004695040126814364      -0.0011388855041280514   0.0010000000000000002
0.00474257701704039       -0.0012345087155361972   8.75E-4
0.004900551313887959      -0.0013143702404184198   0.001
0.004791181222829545      -0.0012638800991588914   0.0010000000000000002
0.0044000000000000055     -7.624355652982131E-4    8.749999999999999E-4
0.004500000000000003      -7.624355652982113E-4    0.001
0.004649444599264966      -9.425614696080322E-4    8.75E-4
0.004112500000000004      -1.3456714755449552E-4   6.875E-4
0.004200000000000004      -2.4282032302754995E-4   5.0E-4
0.004225000000000004      -2.63139720814411E-5     6.249999999999999E-4
0.004200000000000004      -3.29422863405994E-4     6.25E-4
0.004487500000000004      -6.108811196359362E-4    8.749999999999999E-4
0.0045494620270125795     -8.536074634388462E-4    8.75E-4
0.0043375000000000045     -5.24278579257492E-4     6.249999999999999E-4
0.004300000000000005      -4.1602540378443686E-4   5.0E-4
0.004293750000000004      -2.3199500548024487E-4   6.25E-4
0.004400000000000005      -5.89230484541324E-4     5.0E-4
0.004500000000000001      -7.624355652982122E-4    5.000000000000001E-4
0.004500000000000001      -7.624355652982119E-4    6.25E-4
0.005056253997528709      -0.0015338792322358394   8.75E-4
0.004970374370964596      -0.0013785175461369585   8.749999999999999E-4
0.004600000000000001      -9.356406460551E-4       5.000000000000001E-4
0.005773368137174146      -0.003                   8.341604596081408E-4
0.005683216042466634      -0.0028705806539958      7.920802298040704E-4
0.005698140580826557      -0.003                   6.703733059516178E-4
0.005559051475305683      -0.0027841949577429104   6.250000000000001E-4
0.005703412122577946      -0.0028489046307450107   6.460401149020352E-4
0.005460292093814251      -0.0025251970673593766   6.25E-4
0.005361007493895741      -0.0023527440716038673   6.25E-4
0.004700000000000001      -0.001108845726811987    5.000000000000001E-4
0.004680047369217432      -0.0011863734347698695   6.562499999999999E-4
0.0048089303037347365     -0.0012872914620347085   5.000000000000001E-4
0.0051688676404900635     -0.0017950578069633053   0.001
0.005135168494404785      -0.0016657684730373612   8.75E-4
0.005134329949609546      -0.0018368178697135435   8.75E-4
0.005199502453794455      -0.0019120073579969863   8.4375E-4
0.005267101803554419      -0.001967192405968545    0.0010000000000000002
0.005281681194206083      -0.002095338164971673    8.75E-4
0.004920289105208362      -0.0014525806889622204   5.0E-4
0.004961295553128563      -0.001533353790774677    6.25E-4
0.005365335966618778      -0.002139327004973786    0.0010000000000000002
0.005856506781940566      -0.0030000000000000005   0.0010000000000000005
0.005758272618876209      -0.0028278654009947597   0.0010000000000000002
0.005898930986140313      -0.0028492230274952783   8.550933264879044E-4
0.00546357012968314       -0.002311461603979028    0.0010000000000000002
0.005561804292747498      -0.0024835962029842724   0.0010000000000000002
0.005660038455811854      -0.002655730801989516    0.0010000000000000002
0.00562655120178549       -0.0025259930592350477   8.75E-4
0.005774427664809099      -0.0026982868566154243   8.75E-4
0.005972161792618019      -0.003                   8.340835001907782E-4
0.005028616003259712      -0.001617828859953779    5.000000000000001E-4
0.0051279006031782134     -0.0017906002524595572   5.000000000000001E-4
0.0050651013021134885     -0.0017023635725233455   6.25E-4
0.0050814729764346285     -0.0019000947573394379   6.875E-4
0.005183204841891828      -0.0018400478978681505   6.09375E-4
0.005843121027275704      -0.0028705806539957995   7.101866529758089E-4
0.0058228928026077655     -0.003                   5.000000000000004E-4
0.005227185203096716      -0.0019633716449653327   5.000000000000001E-4
0.005262248112404306      -0.002093746181220334    6.25E-4
0.005326469803015223      -0.0021361430374711074   5.000000000000002E-4
0.00536100749389574       -0.0020075196833425784   6.25E-4
0.005282489441810333      -0.002185312085723219    6.093750000000001E-4
0.0057236082026892576     -0.0028272286074942214   5.000000000000001E-4
0.005624323602770752      -0.002654457214988444    5.000000000000002E-4
0.0055590514753056834     -0.0026114235652371317   6.25E-4
0.005525039002852245      -0.0024816858224826627   5.000000000000001E-4
0.005509671784559969      -0.0023956981221676093   6.25E-4
0.0054257544029337355     -0.0023089144299768844   5.000000000000002E-4
0.005528317038721133      -0.002353858460229804    8.75E-4
0.005478937347975416      -0.0022246779117883046   8.75E-4
0.004200000000000003      1.0358983848622431E-4    0.001
0.004699982572252388      -0.0010245946522242854   6.25E-4
0.004893687112427298      -0.0013882408904233603   6.25E-4
0.0047969864056256134     -0.0011569915293627464   6.25E-4
0.0044000000000000055     -3.294228634059947E-4    8.75E-4
0.004400000000000006      -2.4282032302755038E-4   0.001
0.004300000000000005      -6.961524227066412E-5    0.001
0.004387500000000003      -1.3456714755449568E-4   8.749999999999999E-4
0.004200000000000004      4.500000000000001E-4     0.001
0.004129568000000007      4.500000000000001E-4     8.325947540777029E-4
0.004043336800000005      3.4174682452694507E-4    7.703436322716327E-4
0.004257324500000011      3.1738986004550785E-4    8.616791188440678E-4
0.004064211200000004      4.500000000000001E-4     6.661850209311249E-4
0.004149730000000005      3.525721420742505E-4     7.391217212985642E-4
0.0040000000000000036     4.5000000000000015E-4    5.000000000000001E-4
0.004300000000000005      2.767949192431123E-4     0.001
0.004350000000000004      1.6987298107780606E-5    8.749999999999999E-4
0.004319892000000005      1.6854174377005756E-4    8.956486885194256E-4
0.004151776400000004      7.11138858443084E-5      6.145231276163905E-4
0.004100000000000005      2.767949192431123E-4     5.0E-4
0.004078552800000003      1.6854174377005772E-4    6.040462552327811E-4
0.004500000000000005      -4.160254037844375E-4    0.001
0.004556250000000004      -4.918026266155761E-4    8.749999999999999E-4
0.004443750000000004      -5.134532617101872E-4    8.125E-4
0.0046000000000000025     -5.892304845413253E-4    0.001
0.004550000000000003      -2.428203230275501E-4    8.749999999999999E-4
0.004200000000000004      1.0358983848622496E-4    5.0E-4
0.004169892000000005      2.551442841485013E-4     6.456486885194257E-4
0.004350000000000003      1.6987298107780938E-5    6.249999999999999E-4
0.0043000000000000035     -6.96152422706626E-5     5.0E-4
0.004700000000000003      -7.624355652982159E-4    0.0010000000000000002
0.0054295576572297        -0.002095497363346805    8.75E-4
0.005331323494165339      -0.0019230443675912973   8.75E-4
0.00479993028900955       -9.45046509218068E-4     0.0010000000000000002
0.004801148771502209      -0.0010403326352915376   8.75E-4
0.005258602863318132      -0.0016195533430671415   0.0010000000000000002
0.0051515094116399065     -0.0014473537870107584   0.001
0.004940241224034293      -0.0012305136211009815   9.062499999999999E-4
0.0050463655024943635     -0.001278910378613944    0.001
0.004902332398499644      -0.0011403216929464918   0.0010000000000000002
0.00458124782153155       -6.977775932382233E-4    8.593749999999999E-4
0.0047999803937839374     -8.408581871439366E-4    8.593750000000001E-4
0.004400000000000004      -3.2942286340599335E-4   6.249999999999999E-4
0.004400000000000003      -2.4282032302754973E-4   5.0E-4
0.004387500000000003      -1.3456714755449568E-4   6.25E-4
0.004675000000000001      -6.325317547305478E-4    8.75E-4
0.004525000000000002      -4.5932667397365914E-4   6.25E-4
0.004500000000000002      -4.160254037844373E-4    5.000000000000001E-4
0.004493750000000003      -2.3199500548024487E-4   6.249999999999999E-4
0.004487500000000003      -6.108811196359362E-4    6.249999999999999E-4
0.004600000000000002      -5.892304845413251E-4    5.0E-4
0.004618750000000002      -6.433570722778533E-4    6.875E-4
0.004700000000000002      -7.624355652982126E-4    5.0E-4
0.004649991286126194      -8.069125683828054E-4    6.875E-4
0.005212605812445047      -0.0016621360967061592   6.25E-4
0.00518309881278208       -0.0015523707923602668   8.125E-4
0.005212663343709115      -0.001405436519503013    8.749999999999999E-4
0.004799982572252386      -8.513895714673988E-4    6.25E-4
0.004799999999999999      -9.356406460550996E-4    5.0E-4
0.005460292093814253      -0.0021799726790980877   6.25E-4
0.006018701386939801      -0.0028492230274952783   8.960170630591241E-4
0.006052975108069281      -0.003                   0.0010000000000000002
0.005896149638733805      -0.003                   6.704963997662235E-4
0.005962891428075192      -0.0028705806539957995   7.511103895470286E-4
0.005683157225203818      -0.0025683899154858225   6.25E-4
0.005707978375183444      -0.002697809261490022    6.250000000000001E-4
0.006177222184024509      -0.003                   8.340682522364964E-4
0.00608266182887468       -0.0028705806539957995   7.920341261182483E-4
0.005326000197522927      -0.0016620767328650364   8.75E-4
0.004899999999999993      -0.00110884572681199     5.000000000000001E-4
0.004845336759026456      -0.0012726162098930533   6.25E-4
0.005008492670506971      -0.0012864354206736728   5.0E-4
0.0050243450492741025     -0.0013645501362645849   6.25E-4
0.005365335966618777      -0.001795057806963297    0.0010000000000000002
0.005264674957979362      -0.0018147438505249191   8.125000000000001E-4
0.005463570129683142      -0.0019671924059685405   0.001
0.005119504499441284      -0.0014522038833607051   5.000000000000001E-4
0.005105940559931883      -0.0015176433282920521   6.40625E-4
0.0059547409450049224     -0.0028278654009947566   0.0010000000000000002
0.0055618042927475025     -0.002139327004973787    0.0010000000000000002
0.0058565067819405636     -0.0026557308019895163   0.0010000000000000002
0.005798986205575187      -0.0025691859073614927   8.75E-4
0.005881264569266975      -0.002719724082303512    8.125000000000001E-4
0.005660038455811858      -0.0023114616039790325   0.0010000000000000002
0.005675930892531206      -0.002396812510793549    8.75E-4
0.005758272618876211      -0.0024835962029842763   0.0010000000000000002
0.00609917141125808       -0.003                   6.700670115464766E-4
0.005227185203096709      -0.0016178288599537772   5.000000000000001E-4
0.005262248112404303      -0.0017485217929590453   6.25E-4
0.00532646980301522       -0.0017906002524595494   5.000000000000001E-4
0.005330617680295098      -0.0016251477301966672   6.40625E-4
0.0053116278031500215     -0.001878020738150812    6.25E-4
0.005922177402526273      -0.0028272286074942222   5.000000000000002E-4
0.0060214620024447805     -0.003                   5.000000000000002E-4
0.005955139438125563      -0.0027841949577429104   6.25E-4
0.0054257544029337355     -0.001963371644965326    5.000000000000001E-4
0.0055096717845599715     -0.0020504737339063204   6.25E-4
0.0054353396392278555     -0.0018994977634326823   6.25E-4
0.005525039002852249      -0.0021361430374711057   5.000000000000001E-4
0.005559051475305687      -0.0022661991769758424   6.25E-4
0.0058228928026077655     -0.002654457214988444    5.000000000000002E-4
0.005848039924454148      -0.002719485284740811    6.875000000000001E-4
0.005658336075224192      -0.0024389705694816233   6.25E-4
0.00572360820268926       -0.0024816858224826666   5.000000000000001E-4
0.005624323602770754      -0.002308914429976887    5.000000000000001E-4
0.005626551201785494      -0.002181405464474296    8.75E-4
0.006215051203867852      -0.002849223027495278    8.959203772452116E-4
0.006249443434197996      -0.003                   0.0010000000000000002
0.006372166036496412      -0.003                   8.336815089808465E-4
0.004400000000000005      1.0358983848622496E-4    0.001
0.004625000000000004      -3.7272413359521606E-4   8.749999999999999E-4
0.004600000000000003      -2.4282032302755017E-4   0.001
0.004903218378246775      -0.0010231962369199525   6.25E-4
0.005007464713500261      -0.001198593624229239    6.25E-4
0.004512500000000003      -9.126587736527365E-5    8.749999999999999E-4
0.004500000000000003      -6.961524227066282E-5    0.001
0.004400000000000005      4.500000000000001E-4     0.001
0.004389784000000017      3.200961894323342E-4     8.537973770388538E-4
0.004329568000000032      4.500000000000002E-4     8.325947540777076E-4
0.004264211200000008      4.500000000000001E-4     6.661850209311258E-4
0.004270890800000013      3.309215069796396E-4     6.975192880119213E-4
0.004200000000000003      4.500000000000001E-4     5.0E-4
0.0044500000000000026     1.9019237886466875E-4    8.749999999999999E-4
0.004500000000000002      2.7679491924311253E-4    0.001
0.004475000000000003      6.028856829700297E-5     8.749999999999999E-4
0.004392051600000019      3.0927087188502875E-4    6.559168547252784E-4
0.004300000000000004      2.7679491924311275E-4    5.0E-4
0.004319892000000004      1.685417437700579E-4     6.456486885194257E-4
0.005003445329907043      -0.0010266518115123724   8.75E-4
0.0047000000000000045     -4.1602540378443947E-4   0.001
0.004750000000000004      -3.2942286340599536E-4   8.75E-4
0.004775000000000005      -4.5932667397366114E-4   8.75E-4
0.004800000000000007      -5.892304845413277E-4    0.0010000000000000002
0.004793750000000004      -6.650077073724647E-4    8.4375E-4
0.004400000000000003      1.035898384862254E-4     5.0E-4
0.004500000000000002      -6.96152422706626E-5     5.0E-4
0.004475000000000002      6.028856829700314E-5     6.249999999999999E-4
0.004900000000000012      -7.624355652982144E-4    0.001
0.004924965144504775      -8.970423074473625E-4    8.75E-4
0.005528317038721136      -0.0020092708654690494   8.75E-4
0.0054786747387618835     -0.0018369770680886754   8.75E-4
0.0053931399258581635     -0.0015345888400773498   8.75E-4
0.005453973973252467      -0.0016177101322715315   0.0010000000000000002
0.005000453903320535      -9.425517952399395E-4    0.001
0.005345859101759708      -0.0014458402606193027   0.001
0.005229562230868326      -0.0012755435647319475   0.001
0.005117999493680939      -0.0011931476962583763   8.75E-4
0.005217410913680041      -0.001289474994914306    8.359374999999999E-4
0.005125226951660273      -9.823974908367407E-4    8.749999999999999E-4
0.0051128735129871115     -0.0011126579287576211   0.0010000000000000002
0.004875000000000005      -5.459292143521057E-4    8.75E-4
0.004600000000000003      -3.2942286340599384E-4   6.249999999999999E-4
0.004600000000000002      -2.4282032302754995E-4   5.0E-4
0.004512500000000003      -9.126587736527365E-5    6.249999999999999E-4
0.004775000000000001      -6.325317547305477E-4    6.25E-4
0.004700000000000003      -4.1602540378443773E-4   5.0E-4
0.004725000000000002      -5.45929214352104E-4     6.25E-4
0.0047250000000000035     -3.7272413359521606E-4   6.249999999999999E-4
0.0048000000000000004     -5.892304845413251E-4    5.0E-4
0.004850000000000002      -4.593266739736608E-4    6.25E-4
0.004899999999999998      -7.62435565298214E-4     5.0E-4
0.0052505855667352025     -0.0015019328658094273   6.5625E-4
0.005324489111231296      -0.0013533190991231183   8.4375E-4
0.004999999999999996      -9.356406460551061E-4    5.0E-4
0.004974999999999999      -8.057368354874355E-4    6.249999999999999E-4
0.00570771576596991       -0.0022232451264121004   6.25E-4
0.006067818468471982      -0.0027631557279926564   8.960170630591241E-4
0.00615120927113364       -0.0028278654009947558   0.0010000000000000002
0.006101704215618984      -0.0028489046307450107   6.460170630591241E-4
0.006278893136602064      -0.0028705806539958      7.918407544904233E-4
0.005856380056634131      -0.002525197067359377    6.25E-4
0.005757095456715625      -0.0023527440716038673   6.25E-4
0.00629560315204893       -0.003                   6.698597303365913E-4
0.0054595320726410325     -0.0016842600331617866   8.125000000000001E-4
0.005100000000000004      -0.001108845726811999    5.000000000000001E-4
0.005208102174343272      -0.0012855200608745466   5.000000000000001E-4
0.005163050834012105      -0.0012393338785664616   6.875E-4
0.005149081162526213      -0.0013640346941299261   6.875E-4
0.00556180429274751       -0.0017950578069633012   0.0010000000000000002
0.005626551201785499      -0.0018368178697135435   8.75E-4
0.005660038455811861      -0.00196719240596855     0.001
0.0056759308925312104     -0.002052224916032797    8.75E-4
0.005318072320688325      -0.0014514949392585878   5.000000000000001E-4
0.006052975108069282      -0.0026557308019895132   0.0010000000000000002
0.005897482977853082      -0.002612139957925235    8.75E-4
0.005758272618876211      -0.002139327004973794    0.0010000000000000002
0.005725310583276924      -0.00226763196235205     8.75E-4
0.00595474094500492       -0.0024835962029842707   0.001
0.005823544746341274      -0.002440084958107561    8.75E-4
0.005856506781940562      -0.0023114616039790325   0.0010000000000000002
0.006020538290897066      -0.002525993059235045    8.75E-4
0.006220031202281796      -0.0030000000000000005   5.000000000000003E-4
0.005922304127832705      -0.002353858460229805    8.75E-4
0.005872924437086989      -0.0022246779117883067   8.75E-4
0.00612074660236329       -0.002827228607494222    5.000000000000001E-4
0.005425754402933733      -0.0016178288599537642   5.000000000000001E-4
0.005464873365783709      -0.001536050102080257    6.25E-4
0.005410649793854995      -0.0017483625945839071   6.25E-4
0.005525039002852251      -0.0017906002524595466   5.0E-4
0.00555905147530569       -0.0019209747887145526   6.25E-4
0.005509409175346435      -0.0016621360967061505   6.25E-4
0.006021462002444782      -0.0026544572149884427   5.000000000000001E-4
0.005955139438125563      -0.002611423565237132    6.25E-4
0.006103541119576249      -0.0026978092614900213   6.25E-4
0.00562432360277076       -0.0019633716449653305   5.000000000000002E-4
0.005658336075224196      -0.002093746181220334    6.25E-4
0.005682894615990285      -0.0018346686916492323   6.25E-4
0.005723608202689261      -0.0021361430374711096   5.000000000000001E-4
0.005757095456715627      -0.0020075196833425784   6.25E-4
0.005922177402526273      -0.0024816858224826653   5.000000000000001E-4
0.0059057597473798455     -0.00239569812216761     6.25E-4
0.0058228928026077655     -0.0023089144299768883   5.000000000000001E-4
0.00644591176032671       -0.003                   0.0010000000000000002
0.006412322287705474      -0.0028492230274952796   8.960075973730287E-4
0.006347677597262355      -0.0028278654009947597   0.0010000000000000005
0.006264168285400031      -0.0027631557279926577   8.959203772452116E-4
0.006570794956606604      -0.003                   8.340303894921142E-4
0.006299104469401182      -0.0028489046307450107   6.459203772452117E-4
0.006476966978148592      -0.0028705806539958      7.92015194746057E-4
0.006496320994513224      -0.003                   6.674218708924276E-4
0.0066088743240194925     -0.002849223027495279    8.959203752725584E-4
0.006642380086455425      -0.003                   0.0010000000000000002
0.004600000000000004      1.0358983848622475E-4    0.001
0.004700000000000004      -6.961524227066455E-5    0.0010000000000000002
0.0047250000000000035     -1.9951905283832958E-4   8.75E-4
0.004637500000000004      -9.126587736527432E-5    8.125E-4
0.004800000000000006      -2.4282032302755147E-4   0.001
0.005103218378246781      -0.001023196236919956    6.25E-4
0.004645526400000028      3.8637933202391626E-5    8.332731276163957E-4
0.0048500000000000045     -1.562177826491067E-4    8.749999999999999E-4
0.004591560400000114      3.0927087188502875E-4    8.433205046552633E-4
0.004600000000000003      4.500000000000001E-4     0.001
0.004700000000000003      2.767949192431121E-4     0.001
0.004529568000000174      4.500000000000001E-4     8.325947540777356E-4
0.004500000000000002      2.767949192431125E-4     7.499999999999999E-4
0.004464211200000036      4.500000000000001E-4     6.661850209311313E-4
0.004400000000000003      4.500000000000001E-4     5.0E-4
0.004653552800000054      1.6854174377005756E-4    8.540462552327912E-4
0.0046071056000001045     3.200961894323342E-4     6.455925104655824E-4
0.004500000000000002      2.7679491924311253E-4    5.0E-4
0.004550000000000002      1.9019237886466875E-4    6.249999999999999E-4
0.0049000000000000085     -4.1602540378443903E-4   0.0010000000000000002
0.004875000000000005      -2.8612159321677233E-4   8.749999999999999E-4
0.00500000000000001       -5.892304845413244E-4    0.001
0.005018750000000006      -6.217064371832417E-4    8.4375E-4
0.004600000000000003      1.0358983848622518E-4    5.0E-4
0.004675000000000003      6.028856829700297E-5     6.249999999999999E-4
0.0047250000000000035     -1.9951905283832857E-4   6.249999999999999E-4
0.004700000000000003      -6.96152422706626E-5     5.0E-4
0.004637500000000004      -9.1265877365274E-5      6.875E-4
0.005056250000000006      -7.299596126562957E-4    8.4375E-4
0.005100000000000008      -7.624355652982083E-4    0.001
0.00509073847583014       -8.561785517465181E-4    8.593749999999999E-4
0.005584634378248706      -0.0017073933612928723   8.75E-4
0.005542717554711912      -0.0015779688528722014   8.75E-4
0.005651994497655093      -0.0016209564130175006   0.001
0.005542836953218054      -0.0014515698194831137   0.001
0.0054602796541934        -0.0014071009472896637   8.749999999999999E-4
0.005666127477378595      -0.001578188288168552    8.75E-4
0.005200000000000003      -9.356406460550937E-4    0.001
0.005281568860061579      -0.0010680283852709867   8.749999999999999E-4
0.0054324758172983375     -0.001281481140726845    0.0010000000000000002
0.005320956167090938      -0.0012354229874643654   8.749999999999999E-4
0.005313137720123148      -0.001113813584108432    0.001
0.004925                  -6.325317547305488E-4    6.25E-4
0.005018750000000005      -4.701519915209651E-4    8.4375E-4
0.004800000000000001      -2.4282032302755017E-4   5.0E-4
0.004862500000000003      -1.7786841774371738E-4   6.249999999999999E-4
0.0049                    -4.160254037844375E-4    5.0E-4
0.004856250000000003      -3.185975458586891E-4    6.25E-4
0.00495                   -5.026279441628831E-4    6.25E-4
0.004999999999999998      -5.892304845413288E-4    5.0E-4
0.005045312500000003      -7.218406244958206E-4    6.171875E-4
0.005100000000000004      -7.624355652982189E-4    5.000000000000001E-4
0.0050391091891233905     -9.144665362036957E-4    6.25E-4
0.00676654768662239       -0.003                   8.336815010902335E-4
0.0052846129428344435     -0.001152402703346201    6.562499999999999E-4
0.005340525888225782      -0.0013242330870885462   6.25E-4
0.005477491620650003      -0.0011729549566979044   8.75E-4
0.00520000000000001       -9.356406460551067E-4    5.0E-4
0.005200000000000004      -7.624355652982152E-4    6.25E-4
0.005856380056634131      -0.0021799726790980877   6.25E-4
0.006544145923391069      -0.0028278654009947584   0.0010000000000000002
0.0061192976723885        -0.002612219557112802    8.75E-4
0.006249443434197998      -0.0026557308019895163   0.0010000000000000002
0.006078982578810159      -0.0025683899154858216   6.25E-4
0.006339346832704338      -0.002644574393613853    8.854601886226058E-4
0.0064186004021188105     -0.0029999999999999996   5.000000000000001E-4
0.005548808189643234      -0.0012804383852698669   8.75E-4
0.00530000000000002       -0.0011088457268119904   5.000000000000001E-4
0.005298556471417226      -0.0010331963571533463   6.40625E-4
0.005373350469941282      -0.0011948523076072434   6.25E-4
0.005420337556220985      -0.0014099641074543634   6.25E-4
0.0054072345006732385     -0.0012849469221818247   5.000000000000001E-4
0.00644591176032671       -0.0026557308019895167   0.0010000000000000002
0.005758272618876209      -0.001795057806963313    0.0010000000000000002
0.005725310583276927      -0.0019230443675912982   8.75E-4
0.005856506781940557      -0.001967192405968549    0.001
0.0058235447463412734     -0.002095497363346809    8.75E-4
0.005518134661669212      -0.0014510416299698841   5.000000000000001E-4
0.006151209271133642      -0.002483596202984271    0.0010000000000000002
0.006069917981642782      -0.0023968125107935467   8.75E-4
0.005954740945004918      -0.0021393270049737856   0.0010000000000000002
0.0060529751080692805     -0.0023114616039790273   0.0010000000000000002
0.006217531835452858      -0.0024400849581075607   8.75E-4
0.006319315802200302      -0.002827228607494221    5.000000000000001E-4
0.006202825719494757      -0.002697809261490022    6.250000000000001E-4
0.006020538290897065      -0.0021814054644742915   8.75E-4
0.006220031202281796      -0.002654457214988444    5.000000000000002E-4
0.006399366775898655      -0.0027733569461175158   6.354601886226058E-4
0.005624323602770766      -0.0016178288599537735   5.000000000000002E-4
0.005606076193084318      -0.0016843624584340798   6.25E-4
0.005624827590291796      -0.001493775859165863    6.25E-4
0.005723608202689263      -0.0017906002524595553   5.000000000000001E-4
0.005806737756674879      -0.0017483625945839123   6.25E-4
0.005781916606695253      -0.0018779411389632454   6.25E-4
0.006054424038044071      -0.002438970569481621    6.25E-4
0.006120746602363291      -0.0024816858224826653   5.000000000000002E-4
0.005822892802607766      -0.001963371644965333    5.000000000000002E-4
0.005905759747379845      -0.002050473733906321    6.25E-4
0.0059221774025262726     -0.002136143037471108    5.000000000000002E-4
0.005955139438125561      -0.002266199176975843    6.25E-4
0.0060214620024447805     -0.0023089144299768853   5.000000000000001E-4
0.005922304127832702      -0.002009270865469053    8.75E-4
0.006461439369237651      -0.0027631557279926586   8.960075973730285E-4
0.006673602724647918      -0.0028705806539958      7.918407505451167E-4
0.006693128516278452      -0.003                   6.670926033653854E-4
0.006497425990092953      -0.0028489046307450107   6.460075973730286E-4
0.006617169601955826      -0.0029999999999999996   5.000000000000001E-4
0.006695028463261126      -0.0028489046307450107   6.459203752725584E-4
0.0068058004098494225     -0.0028492230274952783   8.959115503116461E-4
0.0067406142495197805     -0.0028278654009947566   0.0010000000000000002
0.0066579914055516715     -0.0027631557279926577   8.959203752725584E-4
0.0068388484125841385     -0.0029999999999999996   0.001
0.00696379661470182       -0.003                   8.336462012465838E-4
0.004800000000000005      1.0358983848622453E-4    0.001
0.004825000000000004      -2.63139720814411E-5     8.749999999999999E-4
0.004900000000000005      -6.961524227066303E-5    0.001
0.005000000000000006      -2.4282032302754995E-4   0.001
0.005021875000000005      -3.348355221796464E-4    8.593749999999999E-4
0.005200000000000006      -7.624355652982099E-4    8.749999999999999E-4
0.004819638200000016      1.3065313235448842E-4    8.697615638081976E-4
0.005012500000000004      -9.126587736527332E-5    8.749999999999999E-4
0.004925000000000003      6.028856829700231E-5     8.749999999999999E-4
0.004803552800000054      2.5514428414850167E-4    8.540462552327912E-4
0.004900000000000004      2.767949192431123E-4     0.001
0.004800000000000004      4.500000000000001E-4     0.001
0.00472956800000103       4.500000000000001E-4     8.325947540779036E-4
0.004664211200000207      4.500000000000001E-4     6.661850209311649E-4
0.004718336800000568      3.4174682452694507E-4    7.703436322717428E-4
0.004600000000000002      4.500000000000001E-4     5.0E-4
0.00473388200000013       3.525721420742508E-4     6.35115638081978E-4
0.004833882000000644      3.525721420742508E-4     7.601156380820788E-4
0.004920887150001571      2.970923896443102E-4     8.382968161361235E-4
0.004700000000000002      2.767949192431123E-4     5.0E-4
0.005125000000000006      -5.45929214352102E-4     8.749999999999999E-4
0.005100000000000006      -4.160254037844362E-4    0.001
0.005200000000000003      -5.89230484541322E-4     0.001
0.005250000000000004      -5.026279441628809E-4    8.749999999999999E-4
0.004800000000000002      1.0358983848622518E-4    5.0E-4
0.004803552800000053      2.5514428414850167E-4    6.040462552327912E-4
0.004725000000000003      -2.6313972081440767E-5   6.249999999999999E-4
0.0049                    -6.961524227066303E-5    5.0E-4
0.004875000000000002      6.028856829700297E-5     6.249999999999999E-4
0.005299999999999997      -7.624355652982096E-4    0.001
0.005312500000000006      -9.139900109604852E-4    8.749999999999999E-4
0.005312500000000003      -6.108811196359338E-4    8.749999999999999E-4
0.005870686311895893      -0.0018794358546800288   8.75E-4
0.005819068495959083      -0.0017496008438910053   8.75E-4
0.005789537400045277      -0.0015784077234649026   8.75E-4
0.005847554281176174      -0.0016203053585679634   0.001
0.005736473349353162      -0.0014533548117230638   0.001
0.005655586777990127      -0.0014108582228415441   8.749999999999999E-4
0.00562923758694601       -0.0012824257737546133   0.0010000000000000002
0.005399999999999992      -9.356406460551008E-4    0.001
0.005406175051656772      -0.001065471528125942    8.749999999999999E-4
0.005514684905151326      -0.0011131416316507948   0.001
0.005150000000000004      -2.4282032302754946E-4   8.749999999999999E-4
0.005000000000000001      -2.428203230275519E-4    5.0E-4
0.005012500000000003      -9.126587736527448E-5    6.249999999999999E-4
0.004975000000000002      -3.7272413359521774E-4   6.25E-4
0.005100000000000004      -4.1602540378444077E-4   5.0E-4
0.005125000000000004      -5.459292143521047E-4    6.249999999999999E-4
0.005135937500000005      -3.1047855769821036E-4   6.171874999999999E-4
0.005200000000000008      -5.89230484541329E-4     5.0E-4
0.005250000000000004      -5.026279441628815E-4    6.25E-4
0.005312500000000006      -6.108811196359373E-4    6.249999999999999E-4
0.005300000000000011      -7.624355652982137E-4    5.0E-4
0.005312500000000009      -9.139900109604917E-4    6.249999999999999E-4
0.007027221190564532      -0.0028921770780590225   8.959115503116459E-4
0.007160927189956615      -0.003                   8.336813279580679E-4
0.007035316738712853      -0.0029999999999999996   0.001
0.006890410037530074      -0.003                   6.669188042359778E-4
0.006870986570179066      -0.0028705806539958      7.918231006232919E-4
0.00681573880179284       -0.003                   5.000000000000001E-4
0.006893004985945206      -0.0028489046307450107   6.45911550311646E-4
0.005524309643119525      -0.0012818312124448018   6.25E-4
0.005574918362546537      -0.0010338829171052805   8.75E-4
0.005637336725093069      -0.0011537758232500702   8.75E-4
0.0054000000000000116     -9.356406460550983E-4    5.000000000000001E-4
0.005400000000000004      -7.624355652982103E-4    6.249999999999999E-4
0.005406175051656781      -0.0010654715281259407   6.25E-4
0.006103803728789785      -0.0022232451264120995   6.25E-4
0.006642380086455426      -0.002655730801989516    0.0010000000000000002
0.0063476775972623545     -0.0024835962029842755   0.0010000000000000002
0.00625246801945401       -0.002525197067359377    6.25E-4
0.006414525380008645      -0.0025259930592350485   8.75E-4
0.006513284761500078      -0.002612219557112803    8.75E-4
0.006153183419535503      -0.002352744071603867    6.25E-4
0.006517885002037316      -0.0028272286074942205   5.000000000000001E-4
0.005500000000000008      -0.001108845726811982    5.0E-4
0.005465242347388153      -0.0011736513702853713   6.25E-4
0.005606563460036134      -0.001285153448436936    5.000000000000001E-4
0.0056903994159698875     -0.001326446548467457    6.25E-4
0.006544145923391066      -0.0024835962029842724   0.0010000000000000002
0.00605297510806928       -0.0019671924059685387   0.001
0.006069917981642781      -0.0020522249160327927   8.75E-4
0.00595474094500491       -0.0017950578069632994   0.0010000000000000002
0.006020538290897061      -0.0018368178697135368   8.75E-4
0.005717486517242949      -0.0014509802745485078   5.000000000000001E-4
0.005677922060842573      -0.0015771694741578079   6.25E-4
0.005791709599504438      -0.0016196527854319821   6.25E-4
0.006119297672388498      -0.002267631962352048    8.75E-4
0.006249443434198002      -0.002311461603979031    0.0010000000000000002
0.006151209271133645      -0.002139327004973785    0.0010000000000000002
0.006316291216944291      -0.002353858460229805    8.75E-4
0.006266911526198576      -0.0022246779117883067   8.75E-4
0.00641860040211881       -0.0026544572149884427   5.000000000000001E-4
0.006351227400945443      -0.002611423565237133    6.250000000000001E-4
0.006499629082396128      -0.0026978092614900213   6.25E-4
0.006319315802200303      -0.002481685822482665    5.000000000000002E-4
0.006301847710199726      -0.0023956981221676106   6.25E-4
0.005824211376891955      -0.001493611149685402    6.25E-4
0.005822892802607765      -0.0016178288599537779   5.000000000000001E-4
0.00592217740252627       -0.0017906002524595511   5.000000000000001E-4
0.005905497138166304      -0.0016621360967061566   6.25E-4
0.005955139438125558      -0.001920974788714554    6.25E-4
0.006220031202281797      -0.002308914429976888    5.000000000000002E-4
0.0060214620024447805     -0.001963371644965328    5.000000000000001E-4
0.006054424038044069      -0.0020937461812203326   6.25E-4
0.006153183419535503      -0.0020075196833425784   6.25E-4
0.006120746602363291      -0.002136143037471109    5.000000000000002E-4
0.006078982578810156      -0.0018346686916492325   6.25E-4
0.00647507054163004       -0.0025683899154858216   6.25E-4
0.006716454201874335      -0.002827228607494222    5.000000000000002E-4
0.006598913682314637      -0.0026978092614900213   6.250000000000001E-4
0.006759395387588046      -0.0026123787554879364   8.75E-4
0.00683884841258414       -0.002655730801989515    0.0010000000000000002
0.006854917491381602      -0.0027631557279926573   8.959115503116461E-4
0.0069370825756484965     -0.002827865400994759    0.0010000000000000002
0.007133550901777209      -0.0028278654009947584   0.0010000000000000002
0.007231785064841566      -0.0029999999999999996   0.0010000000000000002
0.007103839104599407      -0.002881458465214978    8.02228905084239E-4
0.007202762167445339      -0.002784672552868313    8.75E-4
0.007012520342451495      -0.002859782441964189    6.77296259856832E-4
0.0070889406041550924     -0.003                   6.670925197136641E-4
0.007014308001629853      -0.0030000000000000005   5.000000000000001E-4
0.007330019227905927      -0.002827865400994756    0.0010000000000000002
0.007358171472599322      -0.003                   8.33645184063539E-4
0.007352390536394775      -0.002860021239526889    8.646612960158848E-4
0.007428253390970284      -0.0030000000000000005   0.0010000000000000002
0.007502197944482774      -0.002892256677246589    8.543388575277124E-4
0.007555260486218702      -0.003                   8.336777150554251E-4
0.007517511851583254      -0.002881378866027411    7.605671446550606E-4
0.007484728967160913      -0.003                   6.67090484084688E-4
0.007374761844883626      -0.0028921770780590216   7.293225920317696E-4
0.007286181972773783      -0.003                   6.669182526366598E-4
0.007180457018634281      -0.002870739852370934    7.085462598568321E-4
0.007246309410009827      -0.002848984229932578    6.042731299284161E-4
0.007212877201466867      -0.0029999999999999996   5.0E-4
0.007411446401303882      -0.0029999999999999996   4.999999999999999E-4
0.0076247217170989975     -0.003                   0.0010000000000000002
0.007593374706158762      -0.0028492230274952796   8.959058486391761E-4
0.007526487554034641      -0.0028278654009947597   0.0010000000000000002
0.007449135402746847      -0.002784513354493179    8.75E-4
0.007752272138977996      -0.003                   8.336233945567036E-4
0.007660261858282882      -0.0028705806539958      7.918116972783518E-4
0.007681786990467469      -0.003                   6.669026584359144E-4
0.0075617524282422495     -0.0028920974788714552   6.46045242042344E-4
0.007772505112998552      -0.0028651417483862114   7.137302106512628E-4
0.007610015601140896      -0.003                   5.0E-4
0.006445911760326709      -0.0023114616039790325   0.0010000000000000002
0.0050000000000000044     1.0358983848622475E-4    0.001
0.005100000000000005      -6.961524227066173E-5    0.001
0.005168750000000005      -3.835494511425203E-4    8.4375E-4
0.005200000000000003      -2.4282032302754821E-4   0.001
0.005749607338507817      -0.00132450130850988     8.75E-4
0.005841859174732728      -0.0014487037959670433   8.671875E-4
0.005400000000000002      -7.624355652982143E-4    8.75E-4
0.005267187500000004      -1.0479752429940578E-4   8.4375E-4
0.004981610750001545      1.996645317185605E-4     8.487736885197279E-4
0.005087680375000774      1.0291325613951826E-4    8.618868442598639E-4
0.005100000000000004      2.767949192431121E-4     0.001
0.0050000000000000044     4.5000000000000015E-4    0.001
0.004929568000006173      4.500000000000002E-4     8.325947540789121E-4
0.0048642112000012346     4.500000000000002E-4     6.661850209313667E-4
0.004800000000000001      4.500000000000001E-4     5.0E-4
0.005038221500003087      3.390404951401187E-4     8.22547377039456E-4
0.005010658400004012      3.4174682452694507E-4    6.8713876569913E-4
0.0049000000000000024     2.7679491924311253E-4    5.0E-4
0.00497855280000031       1.6854174377005756E-4    6.040462552328415E-4
0.005300000000000001      -4.160254037844358E-4    0.001
0.005399999999999997      -5.892304845413253E-4    0.001
0.005375000000000002      -4.593266739736598E-4    8.749999999999999E-4
0.005000000000000001      1.0358983848622475E-4    4.999999999999999E-4
0.005025000000000002      6.028856829700264E-5     6.249999999999999E-4
0.005300000000000002      -2.4282032302754895E-4   8.749999999999999E-4
0.005100000000000002      -6.961524227066412E-5    5.0E-4
0.005074218750000003      -2.0087221753174243E-4   6.210937499999999E-4
0.005512500000000006      -9.139900109604908E-4    8.75E-4
0.0055                    -7.624355652982171E-4    0.0010000000000000002
0.005977324650927352      -0.001704862076568872    8.671875E-4
0.005934111010957641      -0.0015729062834242068   8.593749999999999E-4
0.006044913308285754      -0.0016208365237035543   0.0010000000000000002
0.006095733328597585      -0.0017272732432465684   8.710937499999999E-4
0.005933840597573804      -0.0014527560779770353   0.001
0.005823051945269721      -0.0012824414755213316   0.001
0.005752544426176039      -0.0011962852505493877   8.75E-4
0.005712556343161066      -0.0011114145944739408   0.001
0.005600000000000004      -9.356406460551049E-4    0.0010000000000000002
0.005668668362546535      -0.0010338829171052811   8.75E-4
0.005146875000000004      -1.1832917123353789E-4   6.875E-4
0.005200000000000007      -2.4282032302755168E-4   5.0E-4
0.005267187500000004      -1.0479752429940578E-4   6.562499999999999E-4
0.005300000000000007      -4.1602540378443795E-4   5.0E-4
0.005312500000000004      -2.211696879329391E-4    6.562499999999999E-4
0.005237500000000005      -3.5107349850060454E-4   6.875E-4
0.005400000000000007      -5.892304845413244E-4    5.0E-4
0.005375000000000004      -4.593266739736583E-4    6.25E-4
0.005512500000000004      -9.139900109604867E-4    6.249999999999999E-4
0.005500000000000004      -7.62435565298209E-4     5.0E-4
0.005550000000000004      -6.758330249197668E-4    6.249999999999999E-4
0.007027221190564534      -0.0027200424790537812   8.959115503116461E-4
0.0069150234017113475     -0.002827228607494222    5.000000000000001E-4
0.0068181164607061555     -0.0027329233503896495   6.27643275155823E-4
0.0055703908650090355     -0.0010338441641978633   6.25E-4
0.0056282817300180666     -0.00115369831743524     6.25E-4
0.005600000000000001      -9.356406460550967E-4    5.0E-4
0.0056250000000000015     -7.949115179401276E-4    6.25E-4
0.006740614249519783      -0.002483596202984273    0.0010000000000000002
0.006252468019454008      -0.0021799726790980886   6.25E-4
0.006611518924564435      -0.00244008495810756     8.75E-4
0.006463905070754361      -0.0023968125107935497   8.75E-4
0.006857629550652405      -0.0024399257597324266   8.75E-4
0.006617169601955827      -0.0026544572149884427   5.000000000000002E-4
0.005699999999999996      -0.0011088457268119837   5.0E-4
0.005735196844243646      -0.0011957359394598396   6.25E-4
0.005699999999999999      -9.139900109604882E-4    6.25E-4
0.005806098625312683      -0.0012845314629748895   5.000000000000001E-4
0.005814028698645803      -0.0013259259136661143   6.25E-4
0.006642380086455426      -0.00231146160397903     0.0010000000000000002
0.006249443434198008      -0.001967192405968547    0.001
0.006217531835452861      -0.0020954973633468075   8.75E-4
0.006119297672388497      -0.0019230443675912932   8.75E-4
0.006151209271133651      -0.0017950578069632962   0.0010000000000000002
0.006265216611606057      -0.001879477637696659    8.75E-4
0.005916902234869529      -0.0014507122110089623   5.000000000000001E-4
0.005968784987804318      -0.0014881097096447063   6.09375E-4
0.005937657981321719      -0.0013254052788647715   6.25E-4
0.006347677597262357      -0.002139327004973792    0.0010000000000000002
0.006513284761500078      -0.002267631962352051    8.75E-4
0.006414525380008645      -0.002181405464474296    8.75E-4
0.006710278306055869      -0.002353858460229805    8.75E-4
0.006517885002037319      -0.0024816858224826635   5.000000000000001E-4
0.006450512000863951      -0.002438970569481622    6.25E-4
0.006316291216944295      -0.0020092708654690533   8.75E-4
0.00641860040211881       -0.0023089144299768853   5.000000000000001E-4
0.006351227400945442      -0.0022661991769758446   6.25E-4
0.00602146200244478       -0.0016178288599537716   5.000000000000001E-4
0.006004781738084813      -0.001662136096706153    6.25E-4
0.006120746602363291      -0.0017906002524595511   5.0E-4
0.006120349471510451      -0.0015716680341171126   6.09375E-4
0.006178004569515129      -0.0018779411389632447   6.25E-4
0.006319315802200302      -0.0021361430374711088   5.000000000000001E-4
0.006301847710199726      -0.002050473733906322    6.25E-4
0.006220031202281795      -0.0019633716449653296   5.000000000000001E-4
0.006648555982273891      -0.002525197067359378    6.25E-4
0.006743227935467104      -0.002616942070034289    6.093750000000001E-4
0.006815738801792843      -0.0026544572149884444   5.000000000000001E-4
0.006941797135304116      -0.0026169420700342897   6.09375E-4
0.006937082575648497      -0.0024835962029842733   0.001
0.006952301503845618      -0.002617578863534826    8.593750000000001E-4
0.007035316738712855      -0.0026557308019895167   0.0010000000000000002
0.007125455353628891      -0.00272004247905378     8.959115503116461E-4
0.007231785064841569      -0.002655730801989514    0.0010000000000000002
0.007340786634922547      -0.0027335004444995104   8.776431480079425E-4
0.00711359260154836       -0.0028272286074942222   5.000000000000002E-4
0.007094023635839483      -0.0026979684598651566   6.250000000000001E-4
0.007428253390970287      -0.0026557308019895163   0.0010000000000000002
0.007329182733450318      -0.0026069796494721316   8.906250000000001E-4
0.007391352217167929      -0.0027843541561180444   6.25E-4
0.007312161801385372      -0.002827228607494222    5.000000000000002E-4
0.007242425317290168      -0.0026979684598651566   6.250000000000001E-4
0.007510731001222389      -0.002827228607494221    5.000000000000001E-4
0.007547106956597667      -0.0026122195571128028   8.75E-4
0.007821190043227714      -0.003                   0.0010000000000000002
0.0077229558801633555     -0.002827865400994756    0.0010000000000000002
0.00764249178769094       -0.0027631557279926586   8.959058486391761E-4
0.007624721717098998      -0.0026557308019895163   0.0010000000000000002
0.007769215597957947      -0.0027415991035232195   8.750894698844268E-4
0.007824105773601476      -0.00286002123952689     8.439482428431907E-4
0.007709300201059406      -0.0028272286074942205   5.000000000000002E-4
0.0076387758893235866     -0.0027841949577429104   6.25E-4
0.00794873548368057       -0.003                   8.336242801612947E-4
0.007879859948328391      -0.003                   6.670243569186702E-4
0.0078085848009779146     -0.003000000000000001    5.000000000000002E-4
0.00788474836771422       -0.002859702842776622    6.35648724024174E-4
0.007942472794250468      -0.002880959292703171    8.023154853336926E-4
0.007919424206292068      -0.0028278654009947597   0.0010000000000000002
0.008017658369356426      -0.003                   0.0010000000000000002
0.006544145923391063      -0.0021393270049737873   0.0010000000000000002
0.005200000000000005      1.0358983848622562E-4    0.001
0.005193750000000003      6.161980560476178E-6     8.749999999999999E-4
0.005300000000000001      -6.96152422706613E-5     0.001
0.005406250000000001      -3.185975458586881E-4    8.749999999999999E-4
0.0054                    -2.4282032302754984E-4   0.001
0.0053875000000000025     -9.126587736527448E-5    8.749999999999999E-4
0.005867752127259009      -0.0012387946778487056   8.75E-4
0.005550000000000001      -6.758330249197708E-4    8.75E-4
0.005625000000000001      -7.949115179401315E-4    8.75E-4
0.0053406250000000025     4.4050591976044505E-5    8.749999999999999E-4
0.005293750000000002      1.7936706131736367E-4    8.749999999999999E-4
0.005300000000000002      2.7679491924311296E-4    0.001
0.005238221500111065      3.390404951401187E-4     8.22547377060636E-4
0.005200000000000003      4.500000000000001E-4     0.001
0.005129568000037023      4.500000000000002E-4     8.325947540849635E-4
0.0050642112000074055     4.500000000000001E-4     6.661850209325769E-4
0.005000000000000001      4.500000000000001E-4     5.0E-4
0.005128980600003704      3.146835306586815E-4     6.455925104662883E-4
0.005092968750000002      2.1048984926586592E-4    6.093749999999999E-4
0.005100000000000002      2.767949192431119E-4     5.0E-4
0.0055                    -4.160254037844397E-4    0.001
0.005431250000000003      -5.56754531899408E-4     8.749999999999999E-4
0.005600000000000004      -5.89230484541328E-4     0.0010000000000000002
0.005550000000000001      -5.026279441628822E-4    8.749999999999999E-4
0.005200000000000003      1.0358983848622518E-4    4.999999999999999E-4
0.005193750000000002      1.79367061317363E-4      6.249999999999999E-4
0.005193750000000002      6.161980560475012E-6     6.249999999999999E-4
0.005300000000000005      -6.961524227066282E-5    5.0E-4
0.005360937500000003      3.59316038155656E-5      6.249999999999999E-4
0.005700000000000005      -7.624355652982145E-4    0.001
0.005700000000000001      -9.139900109604922E-4    8.75E-4
0.0064459117603267065     -0.0019671924059685487   0.001
0.0061001148636752826     -0.0015653782999315443   8.694453252946864E-4
0.0062426637758279235     -0.0016204724906344822   0.001
0.006214142006267819      -0.0017496844099242652   8.75E-4
0.006131742549174647      -0.0014537991574667744   0.0010000000000000002
0.005993537302663587      -0.0013986635805397006   8.4375E-4
0.006021793832020408      -0.001283932907941516    0.001
0.005911271190191341      -0.0011109645007636075   0.001
0.005831278171580531      -0.0010668288904537436   8.749999999999999E-4
0.005800000000000003      -9.356406460551015E-4    0.001
0.005400000000000005      -2.4282032302755017E-4   5.0E-4
0.0054187500000000026     -2.1034437038563352E-4   6.25E-4
0.005450000000000003      -3.2942286340599335E-4   6.25E-4
0.005431250000000005      -5.567545318994091E-4    6.25E-4
0.005500000000000004      -4.1602540378443686E-4   5.000000000000001E-4
0.005550000000000004      -5.026279441628809E-4    6.25E-4
0.0056000000000000025     -5.892304845413242E-4    5.0E-4
0.005900000000000002      -9.139900109604916E-4    8.75E-4
0.005871875000000001      -7.570229065245617E-4    8.4375E-4
0.0057                    -7.624355652982115E-4    5.0E-4
0.0056875000000000024     -6.108811196359359E-4    6.249999999999999E-4
0.007104002785953907      -0.002526152257610182    8.75E-4
0.007014308001629853      -0.002654457214988444    5.000000000000001E-4
0.005799999999999996      -9.356406460550991E-4    5.000000000000001E-4
0.005779994272517404      -0.0010650253304522223   6.25E-4
0.005843749999999999      -7.516102477509087E-4    6.875E-4
0.007005768622889552      -0.002353699261854673    8.75E-4
0.006838848412584143      -0.002311461603979031    0.0010000000000000002
0.006689347627464309      -0.002262312455523811    8.906250000000001E-4
0.006499891691609669      -0.0022232451264120995   6.25E-4
0.006787581790528666      -0.002262312455523812    8.906250000000001E-4
0.006549271382355383      -0.002352744071603867    6.25E-4
0.006716454201874336      -0.0024816858224826653   5.000000000000002E-4
0.006697935673019608      -0.002395698122167611    6.25E-4
0.005899999999999991      -0.0011088457268119897   5.000000000000001E-4
0.005899999999999997      -9.139900109604919E-4    6.25E-4
0.005977669436286905      -0.0011532384504489715   6.25E-4
0.0058484871464548034     -0.0012174913012429954   6.875E-4
0.006005338872573814      -0.0012842337144643966   5.0E-4
0.006740614249519784      -0.002139327004973787    0.001
0.0063476775972623614     -0.001795057806963311    0.0010000000000000002
0.006414525380008644      -0.0018368178697135442   8.75E-4
0.00626017744153953       -0.0016173978683892587   8.738966354109353E-4
0.0061168183513612305     -0.0014488086565324968   5.0E-4
0.006128305182649653      -0.0013143075816217432   5.9375E-4
0.006463905070754361      -0.0020522249160327974   8.75E-4
0.0066115189245644366     -0.0020954973633468058   8.75E-4
0.006617169601955829      -0.002308914429976885    5.000000000000001E-4
0.006450512000863952      -0.0020937461812203326   6.25E-4
0.006517885002037321      -0.002136143037471106    5.000000000000002E-4
0.006241673797312979      -0.0015031683017236927   6.360502975946847E-4
0.006220031202281796      -0.0016178288599537748   5.000000000000001E-4
0.006202825719494755      -0.0017483625945839115   6.25E-4
0.006301847710199724      -0.0017916350418979226   6.25E-4
0.0063193158022003        -0.0017906002524595518   5.000000000000001E-4
0.006351227400945442      -0.0019209747887145552   6.25E-4
0.00641860040211881       -0.001963371644965327    5.000000000000001E-4
0.006549271382355384      -0.002007519683342578    6.25E-4
0.007035316738712855      -0.002311461603979033    0.0010000000000000002
0.006411042874877139      -0.001663520455874018    8.75E-4
0.006937082575648498      -0.0021393270049737904   0.001
0.006915023401711348      -0.002481685822482668    5.000000000000001E-4
0.006846599963683831      -0.0024389705694816237   6.25E-4
0.007023549135743746      -0.0025199770595155987   6.40625E-4
0.007133550901777209      -0.002483596202984273    0.0010000000000000002
0.007228546177960554      -0.0025360566836240073   8.144531250000002E-4
0.00733001922790593       -0.0024835962029842707   0.0010000000000000002
0.007212877201466868      -0.0026544572149884453   5.000000000000002E-4
0.007172114947952892      -0.002563150007845151    6.406250000000001E-4
0.007448610184319774      -0.0024399257597324257   8.75E-4
0.007526487554034643      -0.002483596202984274    0.0010000000000000002
0.007489848989445823      -0.0026978092614900213   6.25E-4
0.007411446401303881      -0.0026544572149884422   5.000000000000001E-4
0.007320779238617115      -0.002606342855971594    6.40625E-4
0.007610015601140897      -0.0026544572149884427   5.000000000000001E-4
0.00776420633821182       -0.0027518003216480775   6.14636545564839E-4
0.0075102623699419635     -0.002554981699532321    6.328125000000001E-4
0.007670293574248421      -0.002483039008671303    8.75E-4
0.007821190043227715      -0.002655730801989516    0.0010000000000000002
0.007895939408224953      -0.0027200424790537804   8.542730911296778E-4
0.007744625719580535      -0.0026122195571128036   8.75E-4
0.007722955880163356      -0.0024835962029842724   0.0010000000000000002
0.008060839814899462      -0.002901897345879452    7.606827278241943E-4
0.008145891384057193      -0.003                   8.340165229485199E-4
0.007869613766820393      -0.002590464881374879    8.75E-4
0.007808584800977915      -0.0026544572149884435   5.000000000000002E-4
0.007713108034655702      -0.002568469514673389    6.250000000000001E-4
0.007907869400896422      -0.002827228607494222    5.000000000000001E-4
0.007889636787100054      -0.002719405685553244    6.042730911296778E-4
0.008076847824382317      -0.003                   6.67092364518711E-4
0.008081538175724623      -0.002870038453551184    6.460461822593556E-4
0.008007154000814929      -0.003000000000000001    5.000000000000002E-4
0.008044831805416609      -0.002803794691758904    8.542730911296778E-4
0.008214126695485142      -0.0029999999999999996   0.0010000000000000002
0.008118974837611025      -0.002823235227399763    0.0010000000000000002
0.008019716809738429      -0.0026862524486979296   8.64636545564839E-4
0.008024041107183485      -0.002656494387857537    0.0010000000000000002
0.008172177504560554      -0.002868571050592467    7.085461822593555E-4
0.008275024753581349      -0.003                   6.679008706632083E-4
0.008342675678894735      -0.003                   8.355614735273739E-4
0.008245531775000904      -0.0028459171607715206   8.542730911296778E-4
0.008343282517040786      -0.002862259958336134    8.703356118781579E-4
0.008410595021613856      -0.003                   0.0010000000000000005
0.008532623710147702      -0.003                   8.331238959410317E-4
0.00671027830605587       -0.002009270865469051    8.75E-4
0.006642380086455426      -0.001967192405968542    0.0010000000000000002
0.006513284761500078      -0.0019230443675912993   8.75E-4
0.0054                    1.0358983848622496E-4    0.001
0.005500000000000002      -6.961524227066423E-5    0.001
0.005537500000000002      2.5106286268259673E-5    8.828124999999999E-4
0.005484375000000001      -1.5080512387545417E-4   8.125E-4
0.005600000000000003      -2.42820323027552E-4     0.0010000000000000002
0.005503125000000003      -3.6731147482156303E-4   8.125E-4
0.005985896916010203      -0.001153088047187531    8.749999999999999E-4
0.0060893618359434505     -0.0012407128193229618   8.75E-4
0.0056875000000000024     -6.108811196359377E-4    8.75E-4
0.005800000000000002      -5.892304845413253E-4    0.001
0.0057000000000000045     -4.160254037844386E-4    0.001
0.005384802800066635      2.8762023679041794E-4    8.852962552458513E-4
0.005475000000000002      1.468911086754462E-4     8.749999999999999E-4
0.005500000000000002      2.767949192431109E-4     0.001
0.005400000000000001      4.5000000000000004E-4    9.999999999999998E-4
0.005329568000222128      4.500000000000001E-4     8.325947541212722E-4
0.005300000000000002      2.767949192431132E-4     7.499999999999999E-4
0.005264211200044422      4.500000000000001E-4     6.66185020939838E-4
0.005200000000000002      4.500000000000001E-4     5.0E-4
0.005300000000000002      2.767949192431132E-4     6.249999999999999E-4
0.005300000000000003      2.7679491924311275E-4    5.0E-4
0.0053343750000000014     1.6312908499640486E-4    6.249999999999999E-4
0.005650000000000003      -4.160254037844381E-4    8.749999999999999E-4
0.005650000000000002      -4.160254037844374E-4    6.25E-4
0.005800000000000001      -4.5932667397365995E-4   8.749999999999999E-4
0.005700000000000002      -2.861215932167733E-4    8.75E-4
0.005400000000000004      1.035898384862254E-4     5.0E-4
0.005400000000000002      2.767949192431128E-4     6.249999999999999E-4
0.0056000000000000025     -9.66785361389267E-5     8.90625E-4
0.005500000000000003      -6.961524227066238E-5    5.0E-4
0.005387500000000003      -9.126587736527365E-5    6.249999999999999E-4
0.0054750000000000024     -2.631397208144043E-5    6.249999999999999E-4
0.005900000000000003      -7.624355652982147E-4    0.001
0.005921875000000002      -6.054684608622845E-4    8.90625E-4
0.006544145923391058      -0.0017950578069633027   0.0010000000000000002
0.0062403362201705875     -0.0014193466643373683   8.248697916666666E-4
0.0063614541583836        -0.001560762045673656    8.522955562472193E-4
0.006438946750063696      -0.0016205975782894967   0.001
0.006329377311365599      -0.0014536489319959722   0.001
0.006220345520804052      -0.0012841821206163403   0.001
0.006196406700764055      -0.0013115952930802617   8.251026642628205E-4
0.006110483322187057      -0.0011109413812676952   0.0010000000000000002
0.006017948458005103      -0.0010227137115267062   8.75E-4
0.0060000000000000045     -9.356406460551035E-4    0.001
0.006025000000000003      -7.624355652982147E-4    8.749999999999999E-4
0.005550000000000001      -1.832810765173701E-4    6.406249999999999E-4
0.005600000000000001      -2.4282032302754995E-4   5.0E-4
0.005575000000000003      -2.996532401509039E-4    6.953125E-4
0.005662500000000002      -1.562177826491067E-4    6.25E-4
0.005700000000000002      -4.160254037844373E-4    5.0E-4
0.005700000000000001      -2.8612159321677233E-4   6.249999999999999E-4
0.005799999999999998      -5.892304845413243E-4    5.0E-4
0.0058875                 -6.108811196359377E-4    6.249999999999999E-4
0.0058                    -4.5932667397365946E-4   6.249999999999999E-4
0.005924999999999996      -7.624355652982144E-4    6.249999999999999E-4
0.0058999999999999955     -7.624355652982138E-4    5.0E-4
0.007005768622889552      -0.0021815646628494307   8.75E-4
0.007100670359144609      -0.0022729315693833974   8.593750000000001E-4
0.00711359260154836       -0.0024816858224826666   5.000000000000002E-4
0.00723178506484157       -0.0023114616039790277   0.0010000000000000002
0.007188250718747229      -0.002374977289167625    8.125000000000001E-4
0.005999999999999997      -9.356406460551044E-4    5.0E-4
0.006013834718143452      -0.0010227889131574264   6.25E-4
0.006891972574272934      -0.002202524293412116    8.125E-4
0.006801125440164402      -0.002105897579440584    8.4375E-4
0.006648555982273895      -0.0021799726790980895   6.25E-4
0.006815738801792845      -0.0023089144299768883   5.000000000000001E-4
0.006747315363765327      -0.0022661991769758446   6.25E-4
0.006482341253464345      -0.001494469124981391    8.75E-4
0.006356760118387512      -0.001252523579205607    8.792400877117673E-4
0.0061                    -0.0011088457268119936   5.0E-4
0.006128464919933248      -0.0011531692287582009   6.25E-4
0.006203376357545934      -0.001284044080141121    5.0E-4
0.006233006051581913      -0.0013284859587138842   6.312963911908349E-4
0.0068388484125841455     -0.001967192405968546    0.001
0.0067875817905286686     -0.0019177646603568432   8.90625E-4
0.006499891691609669      -0.0018780207381508102   6.25E-4
0.006498993447802365      -0.001751098224882971    8.75E-4
0.006583461515596087      -0.0016653785800523977   8.75E-4
0.006640230545932125      -0.0018316973608542213   8.90625E-4
0.006316052011007739      -0.0014476379151747616   5.000000000000001E-4
0.0063495955053491605     -0.0015770406243166505   6.25E-4
0.006716454201874342      -0.002136143037471109    5.000000000000002E-4
0.0066979356730196135     -0.002050473733906323    6.25E-4
0.006617169601955832      -0.001963371644965326    5.0E-4
0.006418600402118806      -0.001617828859953768    5.0E-4
0.006476256013133492      -0.001491441255752132    6.25E-4
0.006450512000863952      -0.0017485217929590427   6.25E-4
0.006517885002037322      -0.0017906002524595462   5.000000000000001E-4
0.006604047295848831      -0.0018997909895500577   6.25E-4
0.007133550901777208      -0.0021393270049737873   0.0010000000000000002
0.006570331054919219      -0.0016631498028005195   6.25E-4
0.007035316738712854      -0.0019671924059685483   0.0010000000000000005
0.00700576862288955       -0.0020091116670939214   8.75E-4
0.007014308001629855      -0.002308914429976891    5.000000000000001E-4
0.00696039601230045       -0.00241769254216867     6.875E-4
0.007105301136183375      -0.0024230120489969077   6.718750000000001E-4
0.0069531402879513945     -0.0022557193616945036   6.5625E-4
0.007301258939723237      -0.0023538584602298025   8.75E-4
0.00742825339097029       -0.0023114616039790325   0.0010000000000000002
0.007489436945312054      -0.002327042028322804    8.906250000000001E-4
0.007312161801385372      -0.0024816858224826644   5.000000000000002E-4
0.0072502062600663005     -0.002428331555825145    6.562500000000001E-4
0.007624721717098998      -0.0023114616039790307   0.0010000000000000002
0.007705039510699068      -0.0023589296374676165   8.75E-4
0.007510731001222389      -0.0024816858224826644   5.000000000000001E-4
0.007621891892546902      -0.0024903118261240045   6.328125000000001E-4
0.007341447307995139      -0.002438970569481621    6.25E-4
0.007709300201059407      -0.0024816858224826622   5.000000000000002E-4
0.007849296098026726      -0.002546833291016384    6.250000000000001E-4
0.007923185174720071      -0.0024844952045633977   0.0010000000000000002
0.007854271239509603      -0.0024454464377597998   8.75E-4
0.007823273023636524      -0.0023178993465218733   0.0010000000000000002
0.00799460181406025       -0.002568710205636955    8.75E-4
0.008318886045441254      -0.002823263270950574    0.0010000000000000002
0.008607063347742572      -0.0030000000000000005   0.0010000000000000002
0.008512709738441024      -0.002829415305071345    0.0010000000000000002
0.00777349127537337       -0.0024522446707414634   6.25E-4
0.007907869400896427      -0.0024816858224826666   5.000000000000002E-4
0.008367678988640319      -0.002901256645721694    7.406712237563159E-4
0.008007154000814927      -0.0026544572149884457   5.000000000000002E-4
0.007985484161397749      -0.0025251970673593792   6.250000000000001E-4
0.008086228527066931      -0.0027400769071023678   6.250000000000001E-4
0.008106438600733432      -0.0028272286074942235   5.000000000000002E-4
0.008205723200651941      -0.003                   5.000000000000001E-4
0.008238592652565501      -0.0028478998290433445   6.042730911296778E-4
0.008466853038854057      -0.003                   6.712138501513668E-4
0.008562426348652162      -0.00290956742209239     7.394524349631449E-4
0.008404292400488957      -0.0030000000000000005   5.000000000000002E-4
0.00814801251115378       -0.0026499904007930807   8.75E-4
0.008119413082965203      -0.002484633927724669    0.0010000000000000002
0.008009395045657659      -0.002456604872228847    9.0625E-4
0.008230006568907131      -0.002647055594875649    0.0010000000000000002
0.008349517189230243      -0.0026932807839953055   8.75E-4
0.008692379730254333      -0.003                   8.704270104758539E-4
0.008608213475513892      -0.002836798172035021    9.051067526189635E-4
0.008803531673871287      -0.003                   0.0010000000000000002
0.00870560688875429       -0.00285962970590904     0.0010000000000000002
0.008781567118106943      -0.002823967014147189    9.071463280586001E-4
0.008859492099012474      -0.0028765051909738423   0.0010000000000000005
0.008900666138864182      -0.003                   9.081991704481031E-4
0.009000000000000001      -0.003                   0.0010000000000000002
0.008822823301728403      -0.003                   8.168635747798574E-4
0.008703717212586762      -0.0028441810389986965   8.10213505237927E-4
0.008674488494092056      -0.003                   6.901281054870612E-4
0.008602861600325973      -0.003000000000000001    5.000000000000002E-4
0.006740614249519789      -0.0017950578069632992   0.001
0.005600000000000004      1.0358983848622442E-4    0.001
0.005629901400033319      1.739544025437103E-4     8.801481276229256E-4
0.005700000000000004      -6.961524227066303E-5    0.001
0.005675000000000003      6.028856829700264E-5     8.749999999999999E-4
0.005800000000000002      -2.4282032302755017E-4   0.001
0.005825000000000001      -1.5621778264910687E-4   8.749999999999999E-4
0.0062730312852373555     -0.0011552340082757063   8.828125000000001E-4
0.005900000000000003      -4.160254037844396E-4    0.001
0.0059148437500000026     -5.012747794694691E-4    8.6328125E-4
0.006000000000000006      -5.892304845413279E-4    0.0010000000000000002
0.005700000000000004      2.767949192431124E-4     0.001
0.005584802800066635      2.8762023679041794E-4    8.852962552458513E-4
0.005600000000000003      4.5000000000000015E-4    0.0010000000000000002
0.005529568001332776      4.5000000000000015E-4    8.32594754339129E-4
0.0054696056001332675     2.98445554337723E-4      7.705925104917028E-4
0.005464211200266534      4.500000000000001E-4     6.661850209834057E-4
0.005400000000000002      4.500000000000001E-4     5.0E-4
0.005519605600133268      3.4174682452694507E-4    6.455925104917028E-4
0.005475000000000002      1.4689110867544688E-4    6.249999999999999E-4
0.005500000000000002      2.7679491924311253E-4    5.0E-4
0.0059000000000000025     -2.861215932167733E-4    8.749999999999999E-4
0.005600000000000001      1.0358983848622518E-4    5.0E-4
0.005625000000000001      -2.63139720814411E-5     6.25E-4
0.005575000000000003      2.3349364905389045E-4    6.249999999999999E-4
0.005700000000000002      -6.96152422706626E-5     5.0E-4
0.006050000000000002      -8.92339375865881E-4     8.75E-4
0.0061000000000000065     -7.624355652982144E-4    0.001
0.006121875000000003      -6.054684608622846E-4    8.90625E-4
0.006636410991778469      -0.001620901585328694    0.0010000000000000002
0.006759395387588056      -0.0017507505702109194   8.749999999999999E-4
0.006527042798975135      -0.0014533837063520655   0.001
0.006458170641009818      -0.001345534829019618    8.762995930852001E-4
0.006418728241882237      -0.0012826274993926533   0.0010000000000000002
0.006178464919933252      -0.0010665666883797552   8.75E-4
0.006309782808346883      -0.001111002515837753    0.001
0.006200000000000009      -9.356406460551025E-4    0.0010000000000000002
0.005800000000000001      -2.4282032302755017E-4   5.0E-4
0.005825000000000001      -1.5621778264910687E-4   6.25E-4
0.005899999999999997      -4.1602540378443773E-4   5.0E-4
0.0059                    -2.8612159321677314E-4   6.249999999999999E-4
0.005948437500000001      -4.890962972287512E-4    6.328124999999999E-4
0.005999999999999998      -5.892304845413281E-4    5.0E-4
0.006412391977670419      -0.0011579239411801015   8.90625E-4
0.006234375000000006      -8.761013995449222E-4    8.4375E-4
0.006049999999999998      -8.923393758658816E-4    6.25E-4
0.006100000000000001      -7.624355652982172E-4    5.0E-4
0.006071875000000001      -6.920710012407304E-4    6.40625E-4
0.007195572095399667      -0.002192163876912122    8.437500000000001E-4
0.007339590913186906      -0.002197463483943469    8.28125E-4
0.007212877201466865      -0.0023089144299768874   5.000000000000001E-4
0.007143665935798736      -0.0022663583753509795   6.25E-4
0.007330019227905932      -0.0021393270049737856   0.0010000000000000002
0.007305779382721706      -0.0020545144510663686   8.515625E-4
0.006200000000000003      -9.356406460551034E-4    5.0E-4
0.006117187500000001      -8.138558236479166E-4    6.328124999999999E-4
0.006178464919933249      -0.0010665666883797555   6.25E-4
0.006937082575648501      -0.0017950578069633075   0.0010000000000000002
0.007100571880689532      -0.0019282842752319702   8.593750000000001E-4
0.006846599963683833      -0.0020937461812203365   6.25E-4
0.00691502340171135       -0.002136143037471113    5.000000000000001E-4
0.0066084243514005995     -0.001408892117235526    8.749999999999999E-4
0.006300000000000002      -0.0011088457268119902   5.000000000000001E-4
0.006275000000000004      -9.78941916244324E-4     6.25E-4
0.006268349224766795      -0.001155089835319765    6.328124999999999E-4
0.006401703222005101      -0.0012830889384959818   5.000000000000001E-4
0.006356373469285304      -0.0014070032893458585   6.25E-4
0.006408233529600341      -0.0011570104418813288   6.40625E-4
0.006891972574272936      -0.0018577775002762305   8.125E-4
0.007005768622889552      -0.00183697706808868     8.750000000000002E-4
0.006516027138009585      -0.001447283246256241    5.000000000000001E-4
0.00659775698396524       -0.0015341026811498846   6.25E-4
0.006534622093322901      -0.0013239133612677426   6.25E-4
0.00681573880179285       -0.0019633716449653335   5.000000000000001E-4
0.0067473153637653315     -0.001920974788714556    6.25E-4
0.006716454201874348      -0.0017906002524595522   5.000000000000001E-4
0.006658823209342276      -0.001792062295757538    6.25E-4
0.00661716960195584       -0.001617828859953768    5.000000000000001E-4
0.007231785064841569      -0.001967192405968542    0.0010000000000000002
0.007188250718747229      -0.002030230496031739    8.125000000000001E-4
0.006719257954796987      -0.0015767641065476368   6.25E-4
0.0071335509017772065     -0.0017950578069633014   0.0010000000000000002
0.00711359260154836       -0.0021361430374711114   5.000000000000002E-4
0.00696039601230045       -0.002072627352282517    6.875E-4
0.0076475571257245524     -0.002269337146890694    8.75E-4
0.007526487554034643      -0.002139327004973791    0.0010000000000000002
0.0074836097309741445     -0.002202763090974816    8.125000000000001E-4
0.007423308046696183      -0.0020787984061009985   8.906250000000001E-4
0.007411446401303883      -0.0023089144299768857   5.000000000000001E-4
0.007530675750438103      -0.00241215413757462     6.40625E-4
0.007257593289022126      -0.002245000748850457    6.875000000000001E-4
0.007741883009782285      -0.0022121762890174763   8.789062500000001E-4
0.007730769467559321      -0.002145510949627831    0.0010000000000000002
0.007884603389643814      -0.0022096821762359587   8.769531250000001E-4
0.007610015601140897      -0.0023089144299768827   5.000000000000001E-4
0.007569209180316831      -0.002311927613721192    6.25E-4
0.007697686452720016      -0.0023576560504665425   6.25E-4
0.007930476370580605      -0.0024059996750183683   6.250000000000001E-4
0.0078085848009779215     -0.0023089144299768853   5.000000000000001E-4
0.0076915520046962485     -0.0021789144402456673   6.25E-4
0.007924666541567668      -0.0021566231100194166   0.001
0.008013010580543187      -0.002322457384036833    0.001
0.007983046960403986      -0.002326385455795452    8.75E-4
0.008027323769505343      -0.002207188063454442    8.75E-4
0.008176753015983241      -0.0023294594074688914   0.001
0.008095604916595245      -0.0024287145398942975   8.125000000000001E-4
0.008153141470439738      -0.0022650465031473963   8.75E-4
0.008614703531381381      -0.002678668701645968    0.0010000000000000002
0.008431527193721698      -0.0026494194668056767   0.0010000000000000002
0.00849172961668695       -0.002639345830401498    8.75E-4
0.008013745382365944      -0.002312132785729997    5.000000000000001E-4
0.007832299773693362      -0.002234240073157044    6.25E-4
0.00810643860073343       -0.0024816858224826674   5.000000000000002E-4
0.008054675149480595      -0.0023704236628121467   6.5625E-4
0.008187910654735113      -0.002363138587708689    6.40625E-4
0.00819636093031394       -0.0026224302982652214   6.25E-4
0.008392682298385907      -0.002802513291443388    6.45780973985258E-4
0.008205723200651938      -0.0026544572149884427   5.000000000000001E-4
0.008211630705625868      -0.002718494676393767    6.250000000000001E-4
0.008305007800570448      -0.002827228607494221    5.000000000000002E-4
0.008337032884184805      -0.0026969124456851664   6.250000000000001E-4
0.00859222898715662       -0.0028191348441847807   6.45780973985258E-4
0.008503577000407466      -0.0028272286074942227   5.000000000000002E-4
0.008238126492925706      -0.0025271155522345232   8.75E-4
0.008327656888010074      -0.002448415692958197    0.0010000000000000002
0.008396562564316475      -0.0025637104526899063   8.75E-4
0.008225984808798109      -0.0025308163622909203   6.25E-4
0.008820482546371829      -0.002699063752773611    0.0010000000000000005
0.008668829628365208      -0.002714795957903194    8.426067526189634E-4
0.008633942044143656      -0.0025854108768076905   8.75E-4
0.008730713577714632      -0.0026126307646600817   8.687474549538664E-4
0.008712520700802341      -0.0025577667109275516   0.0010000000000000002
0.009000000000000003      -0.0030000000000000005   8.333333333333337E-4
0.009000000000000003      -0.0028882465667732847   8.785853122343999E-4
0.009                     -0.0028083333333333346   0.001
0.008857527347459596      -0.0027883043223853395   8.142926561171998E-4
0.008864731739083165      -0.003                   6.66567698704528E-4
0.00886112954327138       -0.002894152161192669    7.404301774108639E-4
0.009000000000000001      -0.0030000000000000005   6.66666666666667E-4
0.009000000000000001      -0.002876222123137163    7.43321238034494E-4
0.008780814262785737      -0.002824388017681172    6.571463280586001E-4
0.008801430800162987      -0.0030000000000000005   5.000000000000002E-4
0.00870410117811188       -0.002860471712977005    5.000000000000002E-4
0.008856211735740202      -0.0028763050140007424   5.000000000000002E-4
0.009000000000000001      -0.002891084431296914    6.206883384915453E-4
0.009000000000000001      -0.003                   5.000000000000002E-4
0.00689759742592523       -0.0016754701510681724   8.437500000000001E-4
0.0068342736211229336     -0.001623537338115118    0.0010000000000000002
0.006701519277231852      -0.001582012848696076    8.671875E-4
0.005800000000000002      1.0358983848622496E-4    0.001
0.005806836851799293      -1.6841819227548853E-5   8.632431183219609E-4
0.005775000000000002      2.3349364905388945E-4    8.749999999999999E-4
0.005900000000000002      -6.961524227066444E-5    0.001
0.00595                   -1.5621778264910804E-4   8.749999999999999E-4
0.005925000000000002      6.028856829700264E-5     8.749999999999999E-4
0.006000000000000004      -2.428203230275518E-4    0.001
0.006018750000000002      -3.835494511425228E-4    8.4375E-4
0.00637500000000001       -9.789419162443218E-4    8.75E-4
0.006100000000000006      -4.160254037844389E-4    0.0010000000000000002
0.006029687500000003      -5.432228849652784E-4    8.515625E-4
0.006200000000000006      -5.892304845413255E-4    0.001
0.0062593750000000045     -5.621671906730625E-4    8.90625E-4
0.006175000000000006      -7.191342951089927E-4    8.75E-4
0.005900000000000003      2.767949192431107E-4     0.001
0.005902347407197163      1.847797200910157E-4     8.279724732878439E-4
0.005800000000000002      4.5000000000000015E-4    0.001
0.005879694814394325      3.0927087188502875E-4    7.80944946575688E-4
0.005729568007996805      4.500000000000001E-4     8.325947556462944E-4
0.005657105600799616      3.200961894323342E-4     7.080925106224084E-4
0.005664211201599228      4.5000000000000015E-4    6.66185021244817E-4
0.005757105604797777      3.200961894323342E-4     7.080925114066575E-4
0.005600000000000001      4.5000000000000004E-4    4.999999999999999E-4
0.005700000000000002      2.7679491924311253E-4    5.0E-4
0.0056250000000000015     1.4689110867544672E-4    6.249999999999999E-4
0.005751776401199445      1.5771642622275215E-4    6.145231278516643E-4
0.006100000000000002      -2.4282032302755095E-4   8.749999999999999E-4
0.005800000000000001      1.0358983848622518E-4    5.0E-4
0.0058062500000000015     -2.6313972081441265E-5   6.562499999999999E-4
0.005828552802398888      2.9844555433772334E-4    6.040462557033286E-4
0.0059                    -6.96152422706626E-5     5.0E-4
0.0059499999999999996     -1.5621778264910703E-4   6.249999999999999E-4
0.005925000000000001      1.6987298107780105E-5    6.25E-4
0.00630000000000001       -7.62435565298214E-4     0.0010000000000000002
0.006325000000000007      -6.325317547305476E-4    8.75E-4
0.006726858762520464      -0.001451612642789186    0.001
0.006819577038867617      -0.0014986471173397539   8.593749999999999E-4
0.0066164602090612815     -0.0012826343275613196   0.0010000000000000002
0.006488708543427597      -0.0012381133895108245   8.75E-4
0.006508316896140155      -0.0011106727254095415   0.001
0.006368750000000006      -7.732608828455197E-4    8.125000000000001E-4
0.006400000000000013      -9.356406460550992E-4    0.0010000000000000002
0.006475000000000003      -9.7894191624432E-4      8.75E-4
0.005999999999999998      -2.4282032302755168E-4   5.0E-4
0.006009375000000001      -3.6731147482156466E-4   6.40625E-4
0.006062500000000001      -9.126587736527448E-5    6.249999999999999E-4
0.006100000000000001      -4.1602540378444055E-4   5.0E-4
0.0061                    -2.4282032302755163E-4   6.249999999999999E-4
0.006175000000000003      -5.459292143521057E-4    6.25E-4
0.006200000000000003      -5.892304845413284E-4    5.0E-4
0.006258593750000003      -4.4173553295929016E-4   6.2890625E-4
0.006198437500000002      -6.623013779856401E-4    6.328124999999999E-4
0.006633183670607765      -0.0011524251584337957   8.75E-4
0.006300000000000002      -7.624355652982156E-4    5.000000000000001E-4
0.0063250000000000025     -6.325317547305497E-4    6.25E-4
0.006356250000000005      -8.815140583185747E-4    6.25E-4
0.0062687500000000035     -8.165621530347422E-4    6.875E-4
0.007623683166522877      -0.0020818903784280214   8.906250000000001E-4
0.007195375138489513      -0.0018474568833700183   8.437500000000001E-4
0.007312161801385373      -0.002136143037471108    5.000000000000001E-4
0.0072502062600663005     -0.0020831867667514235   6.5625E-4
0.007440731907913646      -0.002266199176975842    6.25E-4
0.007428253390970292      -0.001967192405968547    0.0010000000000000002
0.007410706474760044      -0.001958814851214077    8.828125000000001E-4
0.007028990711709068      -0.0016238252924628098   0.0010000000000000002
0.0063999999999999994     -9.356406460551048E-4    5.0E-4
0.006475000000000006      -9.789419162443262E-4    6.25E-4
0.006437500000000004      -7.840862003928256E-4    6.25E-4
0.007041242657921764      -0.0016808679484233316   8.28125E-4
0.007014308001629853      -0.0019633716449653366   5.0E-4
0.0069531402879513945     -0.0019105745726207836   6.562499999999999E-4
0.007105301136183375      -0.0020779070595169703   6.718750000000001E-4
0.006752114378154002      -0.001322772589723658    8.749999999999999E-4
0.0065                    -0.0011088457268119967   5.0E-4
0.006554811046661452      -0.0011947289089452565   6.25E-4
0.006601866496699893      -0.0012828713497110384   5.000000000000001E-4
0.006602916520917825      -0.0014058418871876139   6.25E-4
0.00671399620985927       -0.0014469735935790247   5.000000000000001E-4
0.0066793505982754514     -0.0012379865264037593   6.25E-4
0.006846599963683839      -0.0017485217929590503   6.25E-4
0.0069150234017113545     -0.001790600252459561    5.000000000000001E-4
0.007048403111875062      -0.0018294685836023486   6.40625E-4
0.006815738801792859      -0.0016178288599537803   5.000000000000001E-4
0.006841279806609649      -0.001579259666234845    6.171875E-4
0.0073300192279059356     -0.0017950578069632983   0.0010000000000000002
0.007293177810785566      -0.001934530896179447    8.4375E-4
0.006876067231601476      -0.0014936110662956369   6.171875E-4
0.0072914963963711015     -0.0017625485210528227   8.437500000000001E-4
0.006995818813928004      -0.0014917357796531067   8.749999999999999E-4
0.007226109844037867      -0.001624168896973067    0.0010000000000000002
0.00711880931694247       -0.0015856311719808234   8.515625E-4
0.007184887889918299      -0.0016862657457784906   8.125000000000001E-4
0.007143665935798733      -0.0019211339870896919   6.25E-4
0.007212877201466864      -0.0019633716449653314   5.000000000000001E-4
0.007631790757657285      -0.001970818499551299    0.0010000000000000002
0.007398104902823905      -0.0018388312963271548   8.75E-4
0.007523137659402452      -0.0019071629840547019   8.906250000000001E-4
0.007440731907913646      -0.0020937461812203313   6.25E-4
0.007510731001222388      -0.002136143037471106    5.000000000000002E-4
0.007778726508865503      -0.002065422940567336    8.828125000000001E-4
0.00782590274394876       -0.0020059922625412516   0.001
0.007933769851208129      -0.002048955502706651    8.75E-4
0.00766374456281858       -0.0019148917826551108   8.84765625E-4
0.007712711475042389      -0.0021306161906889786   5.000000000000001E-4
0.00761465417026441       -0.0020744429989585952   6.40625E-4
0.007984119009151627      -0.0020182265731615604   0.0010000000000000002
0.008054020609905933      -0.00205896053210987     8.75E-4
0.0078842172297092        -0.002125936527547437    6.25E-4
0.007910241483724333      -0.0021447352419419084   5.000000000000001E-4
0.00802769117041672       -0.0022020257643010238   6.25E-4
0.008123357626156182      -0.002148030544172984    0.0010000000000000002
0.008278959171374136      -0.0023229049428403507   8.749999999999999E-4
0.008311671925803992      -0.0022386343760873034   0.001
0.008238734032480025      -0.0021788999364037538   8.75E-4
0.008552829393368124      -0.0024824596756179876   0.001
0.008443607939402705      -0.002434140121384507    8.75E-4
0.00865817014321989       -0.0024030612051402214   8.75E-4
0.008459125996550385      -0.002312684291983903    0.001
0.008099154907783372      -0.0021656109125825405   5.000000000000002E-4
0.008068418133225477      -0.0020834448811918316   6.25E-4
0.00872766770666852       -0.0024320726098951547   0.0010000000000000002
0.008792597527064058      -0.002510465571416969    8.948881572887692E-4
0.008205723200651934      -0.0023089144299768857   5.000000000000001E-4
0.008217296076562276      -0.0022434218863355295   6.328125000000001E-4
0.008315739817905322      -0.0024848916117179054   5.000000000000001E-4
0.008374550388414904      -0.002563488089443127    6.250000000000001E-4
0.008321146159989632      -0.002355853512605231    6.25E-4
0.00840655858363082       -0.0026566827901853985   5.000000000000002E-4
0.008479165054849152      -0.0026781621230219034   6.353904869926291E-4
0.008603395633057686      -0.002677935527541027    5.000000000000002E-4
0.008659225163988437      -0.0026831488027692107   6.25E-4
0.008565647811312397      -0.0025538109546004192   6.25E-4
0.008839004946915712      -0.0026439611428561976   8.948881572887693E-4
0.008869959643183278      -0.0025037808977753954   0.0010000000000000002
0.009000000000000001      -0.0026166666666666677   0.001
0.009000000000000003      -0.0027150433738203084   8.339014552713993E-4
0.008703205740369768      -0.0025520259584157264   5.000000000000002E-4
0.009000000000000001      -0.0027570744570259063   6.452127289265302E-4
0.008819170805122666      -0.002706623275309978    7.234613213180692E-4
0.008892525337714853      -0.002673149438515703    6.298561775144237E-4
0.008815405858456998      -0.0026980554543488203   5.000000000000001E-4
0.008785050675429704      -0.0025892244200055      6.144996261023174E-4
0.009000000000000001      -0.0028083333333333354   5.000000000000002E-4
0.006924324473276519      -0.0014502503566847793   0.001
0.006893996936489266      -0.001407105288222098    8.749999999999999E-4
0.006000000000000004      1.0358983848622442E-4    0.001
0.006075000000000003      -2.6313972081441265E-5   8.749999999999999E-4
0.006100000000000005      -6.961524227066282E-5    0.001
0.006175000000000004      -3.727241335952171E-4    8.75E-4
0.006200000000000004      -2.4282032302755027E-4   0.001
0.006478125000000006      -8.219748118083927E-4    8.4375E-4
0.006400000000000008      -5.892304845413243E-4    0.001
0.0064562500000000045     -6.650077073724634E-4    8.749999999999999E-4
0.006300000000000007      -4.1602540378443914E-4   0.001
0.0062375000000000035     -2.644709581221618E-4    8.75E-4
0.006379687500000005      -5.32397567417972E-4     8.828124999999999E-4
0.006002284023990873      2.98445554337723E-4      8.537973817447186E-4
0.006075000000000002      1.468911086754462E-4     8.749999999999999E-4
0.006100000000000003      2.767949192431121E-4     0.001
0.006000000000000004      4.5000000000000015E-4    0.001
0.005929568047981744      4.500000000000001E-4     8.325947634894373E-4
0.005864211209595551      4.5000000000000015E-4    6.661850228133151E-4
0.00594638200599722       3.525721420742505E-4     6.351156392583218E-4
0.005800000000000001      4.5000000000000015E-4    5.0E-4
0.0059                    2.767949192431123E-4     5.0E-4
0.005878552802398888      1.6854174377005756E-4    6.040462557033286E-4
0.006175000000000003      -2.63139720814411E-5     8.749999999999999E-4
0.006028552802398889      2.5514428414850064E-4    6.040462557033286E-4
0.005999999999999999      1.0358983848622356E-4    5.0E-4
0.006100000000000001      -6.961524227066412E-5    5.0E-4
0.006175000000000003      -2.6313972081441932E-5   6.249999999999999E-4
0.006587500000000004      -8.706887407712658E-4    8.749999999999999E-4
0.006500000000000007      -7.624355652982099E-4    0.0010000000000000002
0.0068144228524819415     -0.0012811446513283295   0.001
0.006772134662073267      -0.0011839458469134327   8.75E-4
0.006707678496242571      -0.001111251037238596    0.001
0.006625000000000004      -9.7894191624432E-4      8.749999999999999E-4
0.006600000000000001      -9.356406460550958E-4    0.001
0.006200000000000003      -2.4282032302755158E-4   5.0E-4
0.006221093750000003      -2.901810872970132E-4    6.289062499999999E-4
0.006681250000000002      -7.949115179401286E-4    8.75E-4
0.006342187500000003      -3.3754185156647474E-4   6.328124999999999E-4
0.006300000000000002      -4.1602540378444044E-4   5.0E-4
0.0064                    -5.892304845413284E-4    5.0E-4
0.0064093750000000045     -4.7556465029461995E-4   6.40625E-4
0.006500000000000002      -7.624355652982183E-4    5.000000000000001E-4
0.006543750000000004      -6.866583424670761E-4    6.25E-4
0.0065875000000000065     -8.706887407712715E-4    6.249999999999999E-4
0.007411446401303879      -0.0019633716449653296   5.000000000000001E-4
0.007399146453511156      -0.0019399620675833935   6.171875E-4
0.007372693342193222      -0.001835800994681214    6.2109375E-4
0.007529678453318469      -0.0017960561608811915   0.0010000000000000002
0.007120318307529131      -0.0014486135452890844   0.001
0.006600000000000007      -9.356406460551075E-4    5.0E-4
0.006575000000000003      -0.0010655444566227705   6.249999999999999E-4
0.0068640083782509015     -0.0011422543386754532   8.749999999999999E-4
0.007113592601548355      -0.001790600252459557    5.000000000000001E-4
0.006960921230727527      -0.001727402964021227    6.875E-4
0.007264871483735142      -0.0017730279051389598   6.171875E-4
0.007053483797110521      -0.001665058910252984    6.171875E-4
0.006700000000000018      -0.0011088457268119932   5.0E-4
0.006687907848935632      -9.573025948305887E-4    6.25E-4
0.006801927253475628      -0.0012813822277831103   5.0E-4
0.006881834699851012      -0.0012364029732856998   6.25E-4
0.006788832804780642      -0.0014054669066692208   6.25E-4
0.006963301658422311      -0.0015817552259220534   6.09375E-4
0.006912915946922089      -0.0014467757881905044   5.000000000000001E-4
0.006941738121605257      -0.0013740595594529889   5.9375E-4
0.007014308001629853      -0.0016178288599537848   5.000000000000001E-4
0.007499313557386254      -0.0016745297413494641   8.75E-4
0.007423751027969671      -0.0016303401209119739   0.001
0.0070661188932362225     -0.0013648919843930072   8.749999999999999E-4
0.007318718124045437      -0.0015945411236795298   8.613081328405329E-4
0.007184668143203973      -0.0014855919939575906   8.674029427245619E-4
0.007325438797346862      -0.0014475675884551968   0.001
0.007312161801385371      -0.0017906002524595511   5.0E-4
0.007731198213985189      -0.0018250549174632232   0.001
0.007804351466234709      -0.0019226205812555195   8.7890625E-4
0.007626737522394971      -0.0017567249725633685   8.75E-4
0.007610015601140897      -0.001963371644965324    5.000000000000001E-4
0.007677597114282267      -0.001972306037335839    6.2890625E-4
0.007480515200651302      -0.0018985740842234686   6.25E-4
0.007997989460263958      -0.0019112420918392338   9.062499999999999E-4
0.007936156255736355      -0.0018422426596418611   0.001
0.007936134685725038      -0.002017632981937829    6.25E-4
0.00783063241298258       -0.0019433472210036078   5.000000000000001E-4
0.007775394427994726      -0.0020460379904482123   6.328125000000001E-4
0.00813083032561059       -0.001931079751692153    0.001
0.008174271368603738      -0.0020689655615130894   8.75E-4
0.008094171088269321      -0.0018644382787681468   9.062499999999999E-4
0.008032414713693472      -0.0020182004507987164   5.000000000000001E-4
0.008504955948947755      -0.0023288014730422713   8.75E-4
0.008402262560483141      -0.0022067367765598775   8.75E-4
0.008306905778739977      -0.002046012380154129    0.0010000000000000002
0.008324326594520311      -0.0020927533696601117   8.75E-4
0.008246390628557483      -0.0019787699627603454   8.75E-4
0.008171722883030077      -0.0020560083382882353   5.000000000000002E-4
0.008144159228428469      -0.0021078119639172106   6.875000000000001E-4
0.008246681498389438      -0.002123705184962371    6.25E-4
0.008109145096034233      -0.001964863998082639    6.25E-4
0.008480446575286214      -0.002142172894895292    0.0010000000000000002
0.008566303958492807      -0.0022234628247000355   8.75E-4
0.008639754721823321      -0.002272086472367619    0.001
0.008761001998277075      -0.00235224865161106     8.539992522046346E-4
0.008261659140134702      -0.002169655163888746    5.000000000000001E-4
0.008875230321160906      -0.002430358871570941    8.796985195489038E-4
0.008831421246166163      -0.0023239920832573116   0.0010000000000000002
0.009000000000000001      -0.0024250000000000014   0.001
0.008412067892645007      -0.002430063733201088    6.25E-4
0.008396045903034987      -0.002304531515617064    5.000000000000002E-4
0.008385972804120383      -0.0021547242557831844   6.25E-4
0.008537362812767828      -0.002477596261022965    5.000000000000002E-4
0.008650085540223146      -0.002401340323796559    6.25E-4
0.008492359241403125      -0.002339290658001176    6.25E-4
0.008711498500675029      -0.00242863084720783     5.000000000000001E-4
0.009000000000000001      -0.0024893549878801753   8.295526291550766E-4
0.008857527347459595      -0.002588858532938784    7.897763145775382E-4
0.009000000000000001      -0.002563472357325201    6.61691315857653E-4
0.008867493409696158      -0.0024292282131347584   6.296985195489038E-4
0.008854485820253779      -0.0025015195809030303   5.000000000000001E-4
0.009000000000000001      -0.002616666666666668    5.000000000000002E-4
0.007014601537073202      -0.001286423263522148    0.001
0.006935861810509271      -0.0012393895732476991   8.749999999999999E-4
0.006200000000000003      1.0358983848622518E-4    0.001
0.006175000000000002      2.3349364905389012E-4    8.749999999999999E-4
0.0063000000000000035     -6.96152422706638E-5     0.0010000000000000002
0.006300000000000003      -1.5621778264910655E-4   8.75E-4
0.006400000000000007      -2.4282032302755017E-4   0.001
0.006400000000000005      -3.727241335952174E-4    8.749999999999999E-4
0.006500000000000005      -5.026279441628815E-4    8.749999999999999E-4
0.006600000000000002      -5.892304845413224E-4    0.001
0.006587500000000004      -6.97483660014379E-4     8.749999999999999E-4
0.006500000000000004      -4.16025403784436E-4     0.001
0.0063000000000000035     2.767949192431122E-4     0.001
0.006326142431852273      3.0927087188502875E-4    8.643987732282943E-4
0.006200000000000004      4.5000000000000026E-4    0.0010000000000000002
0.00612956828789599       4.500000000000001E-4     8.325948105491976E-4
0.006116560545147439      3.309215069796396E-4     7.80820533126263E-4
0.006064211257574408      4.500000000000001E-4     6.661850322244842E-4
0.006                     4.5000000000000004E-4    4.999999999999999E-4
0.0063250000000000025     1.4689110867544672E-4    8.749999999999999E-4
0.006100000000000001      2.76794919243111E-4      5.0E-4
0.006078552802398889      1.685417437700569E-4     6.040462557033286E-4
0.006284375000000002      4.4050591976044505E-5    7.96875E-4
0.006139276401199446      9.276452093891858E-5     6.770231278516643E-4
0.006200000000000003      1.0358983848622356E-4    5.0E-4
0.006171382173925981      3.092708718850284E-4     6.351156721979553E-4
0.006500000000000002      -1.5621778264910554E-4   8.75E-4
0.0066                    -3.7272413359521606E-4   8.749999999999999E-4
0.006300000000000002      -6.961524227066444E-5    5.0E-4
0.006287500000000002      -9.126587736527482E-5    6.25E-4
0.006296875000000003      1.090024972598769E-4     6.093749999999999E-4
0.006699999999999996      -7.624355652982111E-4    0.0010000000000000002
0.006788315697871245      -8.707113681330148E-4    8.75E-4
0.006907432332426694      -0.0011131626739941558   0.001
0.006792154945992532      -0.0010451191041032071   8.75E-4
0.007034431972939173      -0.0011578085159926112   8.75E-4
0.0067999999999999935     -9.356406460551031E-4    0.001
0.006889681776465004      -9.583000711559931E-4    8.75E-4
0.006275000000000001      -1.9951905283832958E-4   6.249999999999999E-4
0.006400000000000001      -2.428203230275518E-4    5.0E-4
0.006500000000000003      -1.5621778264910787E-4   6.25E-4
0.006471093750000005      -3.5513299258084643E-4   6.289062499999999E-4
0.006775                  -7.191342951089917E-4    8.75E-4
0.006500000000000003      -4.1602540378444033E-4   5.0E-4
0.006476562500000005      -5.81111496380848E-4     6.328124999999999E-4
0.006600000000000005      -5.892304845413301E-4    5.0E-4
0.006550000000000005      -4.8097730906827266E-4   6.875E-4
0.00671915784893563       -7.299709263371723E-4    6.25E-4
0.0067000000000000115     -7.624355652982176E-4    5.0E-4
0.007502520083731806      -0.0017877586065320893   5.000000000000001E-4
0.007435238249204662      -0.0017491143966089258   6.25E-4
0.007579799800569811      -0.0018985740842234655   6.25E-4
0.007512208769768809      -0.0014954173108997484   0.0010000000000000002
0.00763067070009499       -0.0016385892960131666   0.0010000000000000002
0.007640267676900619      -0.001624468312685347    8.75E-4
0.007823041306605211      -0.0016939057711530714   0.0010000000000000002
0.007226598971913779      -0.001354215255065896    8.927556818181818E-4
0.007201536394938323      -0.0012862613740389167   0.0010000000000000002
0.006800000000000014      -9.356406460550997E-4    5.0E-4
0.006788315697871255      -0.0010439164488899057   6.25E-4
0.006788315697871253      -8.707113681330179E-4    6.25E-4
0.007212877201466859      -0.001617828859953776    5.000000000000001E-4
0.007140095178023174      -0.0015755250312876052   6.25E-4
0.007290416808072189      -0.0016641495233197692   6.25E-4
0.007143665935798731      -0.001748362594583914    6.25E-4
0.006900000000000011      -0.0011088457268119832   5.000000000000001E-4
0.006888315697871249      -9.573139085114612E-4    6.25E-4
0.007000792562186602      -0.0012814159219769095   5.000000000000001E-4
0.007006878271382559      -0.0012373421524445433   6.25E-4
0.007034052858383046      -0.001407318562299172    6.25E-4
0.007113843892141685      -0.001447472266557847    5.000000000000001E-4
0.0071681537315736584     -0.0012050245018410018   8.75E-4
0.007503715858863316      -0.0015116783320664575   8.524617463620365E-4
0.007200269379799176      -0.001384553356186475    6.259673067257413E-4
0.0073620441364170095     -0.0012663684625493837   0.0010000000000000002
0.007497180880484346      -0.0013470812667078671   0.0010000000000000002
0.0073601215616457966     -0.0014193602326631298   8.072921219405595E-4
0.007315535244451149      -0.0015026403210133994   6.186084082254259E-4
0.007410315537514537      -0.001614517223258774    5.0E-4
0.00757126021427617       -0.0017247657332022748   6.25E-4
0.007829976423603915      -0.0017798182219437033   8.75E-4
0.007768297548152323      -0.001627821659940869    8.75E-4
0.007700685929021319      -0.0017793715439319104   5.000000000000001E-4
0.007802150266546626      -0.0018622226510145218   6.25E-4
0.008016524071509613      -0.0018861292437425945   6.25E-4
0.007873088947773322      -0.0017673624417515906   5.000000000000001E-4
0.007923903046984994      -0.00180739448940255     6.25E-4
0.007765322804391636      -0.0016977768504901074   6.328125E-4
0.00797213334152351       -0.0017442892336994639   8.75E-4
0.007969549536850355      -0.0016411519303454185   0.0010000000000000002
0.008128519511747083      -0.0017486350334996867   0.001
0.008013278036656978      -0.001852610414465158    5.000000000000001E-4
0.008248624659937247      -0.0018009900389917585   8.75E-4
0.008308509312797287      -0.0018421993483071727   0.0010000000000000002
0.008165366478361623      -0.0019185504642610179   5.000000000000001E-4
0.00823335875409209       -0.0019349322126135337   6.25E-4
0.00817159907632031       -0.0018305744379254847   6.25E-4
0.008490407837587371      -0.002060336255182893    8.75E-4
0.008487962480012453      -0.0019458333333333341   0.0010000000000000002
0.008352771561675304      -0.0019089139509933938   8.75E-4
0.008306105141094184      -0.002005423774025897    5.000000000000001E-4
0.008649798625913089      -0.002056974827805835    0.0010000000000000002
0.008592948284977989      -0.00199368760217179     8.75E-4
0.008686043575048782      -0.002136237931303721    8.75E-4
0.008803246195135183      -0.0022080563648693807   8.539992522046346E-4
0.008812156100384735      -0.002143688036411796    0.001
0.009000000000000001      -0.0022333333333333346   0.001
0.008450305494491968      -0.002118046479929862    5.000000000000001E-4
0.008423669652522642      -0.0020468375168047385   6.25E-4
0.008529430346699974      -0.0022250903781998593   6.25E-4
0.008880500999138537      -0.0023569368453664873   7.593970390978077E-4
0.009000000000000001      -0.0022991273979113785   8.321792726374089E-4
0.008624515766174404      -0.00226563992515259     5.000000000000001E-4
0.008683664269790819      -0.002280511590171179    6.144996261023172E-4
0.008566501451996823      -0.002110890098398542    6.25E-4
0.008823820937566566      -0.0023146120264684682   5.000000000000001E-4
0.00879987058287014       -0.0022066730731833653   6.039992522046346E-4
0.009000000000000001      -0.0023616250391219136   6.647948259909807E-4
0.00890162309756759       -0.0021894279755690126   7.599981305115865E-4
0.009                     -0.002425                5.000000000000001E-4
0.00889993529143507       -0.0022841490561526395   6.343970390978075E-4
0.007105464314375035      -0.0011127903773901248   0.0010000000000000002
0.006991047855058764      -0.0010458887741789714   8.75E-4
0.006400000000000005      1.0358983848622507E-4    0.001
0.006400000000000004      1.6987298107781104E-5    8.75E-4
0.006500000000000003      -6.961524227066119E-5    0.0010000000000000002
0.006600000000000003      -2.4282032302754843E-4   0.001
0.006799999999999998      -5.892304845413265E-4    0.001
0.006725000000000001      -6.108811196359366E-4    8.4375E-4
0.006600000000000004      -3.7272413359521806E-4   6.249999999999999E-4
0.0066999999999999985     -4.1602540378443686E-4   0.001
0.006675000000000003      -5.026279441628816E-4    8.125E-4
0.0066250000000000015     -1.5621778264910622E-4   8.749999999999999E-4
0.006506250000000002      1.1441515603353078E-4    8.749999999999999E-4
0.006400000000000004      4.5000000000000026E-4    0.001
0.006500000000000003      2.767949192431133E-4     0.001
0.006425000000000001      2.334936490538908E-4     8.749999999999999E-4
0.006477289182326691      3.417468245269454E-4     8.537983935647864E-4
0.006329569727409081      4.500000000000001E-4     8.32595092913178E-4
0.006248762302889126      3.0927087188502875E-4    7.497572227131248E-4
0.006264211545453074      4.500000000000001E-4     6.661850886925819E-4
0.006352284863704541      3.4174682452694507E-4    7.287975464565889E-4
0.006200000000000001      4.500000000000001E-4     5.0E-4
0.006326142431852271      3.092708718850284E-4     6.143987732282944E-4
0.006300000000000002      2.76794919243112E-4      4.999999999999999E-4
0.006375000000000001      2.3349364905389045E-4    6.249999999999999E-4
0.006400000000000001      1.0358983848622345E-4    5.0E-4
0.006400000000000001      1.698729810778027E-5     6.25E-4
0.006737500000000002      -3.294228634059952E-4    8.749999999999999E-4
0.006500000000000003      -6.961524227066434E-5    5.0E-4
0.006900000000000001      -7.624355652982187E-4    0.001
0.007000000000000011      -9.356406460551092E-4    0.0010000000000000002
0.0070016313957424895     -8.490833604001555E-4    8.75E-4
0.006875000000000002      -5.459292143521065E-4    8.749999999999999E-4
0.006600000000000004      -2.428203230275533E-4    5.0E-4
0.006593750000000002      -5.878992472335804E-5    6.562499999999999E-4
0.006925000000000005      -6.32531754730551E-4     8.749999999999999E-4
0.006650000000000007      -5.892304845413266E-4    6.249999999999999E-4
0.006700000000000006      -4.1602540378444044E-4   5.0E-4
0.006675000000000004      -2.6447095812216266E-4   6.249999999999999E-4
0.007097850539164496      -9.474304156340447E-4    8.75E-4
0.006800000000000008      -5.892304845413262E-4    5.0E-4
0.006775000000000005      -4.593266739736608E-4    6.249999999999999E-4
0.006856657848935627      -7.516215614317831E-4    6.25E-4
0.0069000000000000086     -7.624355652982118E-4    5.000000000000001E-4
0.0069250000000000015     -6.325317547305483E-4    6.249999999999999E-4
0.007592936428553617      -0.001615754942922942    5.000000000000001E-4
0.007669125509852463      -0.0016157512673635806   6.5625E-4
0.0074918066432312575     -0.0015240115568431142   6.621639436883595E-4
0.007501398951143559      -0.0016679872504391953   7.109375E-4
0.007653797831406268      -0.0014922116528073256   8.75E-4
0.007660168722210054      -0.0014348243414335018   0.001
0.007855403843888699      -0.0015696302903228378   8.75E-4
0.007812798504833175      -0.0015382495356361925   0.001
0.007324166217157941      -0.0012208707975314937   8.748691758547607E-4
0.007294484593459286      -0.0011188704728536396   0.001
0.0071330021353690765     -0.0010762274587375234   8.75E-4
0.007001631395742494      -8.49083360400152E-4     6.25E-4
0.007000000000000002      -9.356406460550996E-4    5.000000000000001E-4
0.006988315697871246      -0.0010439164488899042   6.25E-4
0.007311590177531578      -0.0014466842481255114   5.000000000000001E-4
0.007099999999999998      -0.0011088457268119902   5.0E-4
0.007051631395742491      -9.356859007785959E-4    6.25E-4
0.007131921842914105      -0.0012382813316033866   6.25E-4
0.0072065429172916105     -0.0012789281680397045   5.000000000000001E-4
0.007572418930671818      -0.001290928973138334    8.75E-4
0.007465556288042736      -0.001285369708494668    8.603781252415089E-4
0.00725293943599616       -0.0011942932402711833   6.25E-4
0.007330625724525785      -0.0013221383589091188   6.260119206016662E-4
0.007472005406343321      -0.001167176100452758    0.001
0.008018934679625268      -0.0015781179831003552   8.75E-4
0.007641257467954333      -0.0012577867422078966   0.001
0.007504781809776117      -0.0014414233076740753   5.000000000000001E-4
0.007466038952123136      -0.0013584519951467214   6.188717175743453E-4
0.00792088993131499       -0.0016973822162187466   5.9375E-4
0.007807421820076834      -0.0013495036068512623   0.001
0.00775940096549513       -0.0014739884467621222   8.125000000000001E-4
0.007970722661393901      -0.0014548855662101963   0.0010000000000000002
0.008058996790432496      -0.0014938897529432474   9.0625E-4
0.007801513765965028      -0.0015880320083535636   5.0E-4
0.007664183181109973      -0.001460608632349133    5.000000000000001E-4
0.007843940368371874      -0.0016020595088718167   6.40625E-4
0.007991700137884557      -0.0016631475844254909   5.000000000000001E-4
0.008018953257176449      -0.00170400532592397     6.875E-4
0.008127226830206856      -0.0016726589437878296   6.40625E-4
0.007937898246985358      -0.001534878074380264    6.25E-4
0.008139860176306312      -0.0015552249211912273   0.001
0.008219829104713429      -0.0016829461326109455   8.515625E-4
0.008310084561784913      -0.0016578260354325712   0.001
0.008157322674265626      -0.0017496213304844075   5.000000000000001E-4
0.008403078231605174      -0.0017375417992153703   8.437500000000001E-4
0.008470414355187594      -0.001837023700634257    8.880111872114042E-4
0.008487962480012453      -0.0017541666666666665   0.0010000000000000002
0.008658645036462966      -0.00185368850808155     0.0010000000000000005
0.008695488732368604      -0.0019270389491606865   8.750000000000002E-4
0.008819352102856674      -0.0019445544700805878   0.0010000000000000002
0.00831811101374658       -0.00183437230060924     5.000000000000002E-4
0.008235500403237266      -0.001641312561651689    5.937500000000001E-4
0.008357572412149948      -0.0019050004271444275   6.25E-4
0.008476258989965449      -0.0019314596667908183   5.000000000000001E-4
0.008376200561556876      -0.0017698158989261441   5.898437500000001E-4
0.008842759158496898      -0.0019994431879614646   8.957234357343944E-4
0.009000000000000003      -0.002041666666666667    0.001
0.009000000000000001      -0.0021082744214448606   8.328937429375775E-4
0.008717242999358492      -0.0021596828565457996   6.039992522046346E-4
0.008640149708831353      -0.0020469410197646327   5.000000000000001E-4
0.008525766969263895      -0.001911789965448781    6.25E-4
0.009000000000000001      -0.0021707995862686445   6.659970088185383E-4
0.008866166214137123      -0.002054331905842342    7.914468714687886E-4
0.00880540487585465       -0.002140921453039765    5.000000000000002E-4
0.008686241068552798      -0.002023665205002228    6.25E-4
0.009000000000000001      -0.0022333333333333337   5.000000000000002E-4
0.008858621499679246      -0.002069869766911265    6.351495960452838E-4
0.00720652558296996       -9.358216649490855E-4    0.0010000000000000002
0.007252930768835335      -0.001022739988725874    8.75E-4
0.006600000000000002      1.0358983848622529E-4    0.001
0.006587500000000001      -4.663336986829248E-6    8.749999999999999E-4
0.006700000000000001      -6.96152422706626E-5     0.001
0.006750000000000001      -1.5621778264910687E-4   8.749999999999999E-4
0.006725000000000001      -4.6633369868299144E-6   8.906249999999998E-4
0.006799999999999999      -2.4282032302755082E-4   0.001
0.006900000000000002      -4.1602540378444077E-4   0.001
0.007000000000000007      -5.892304845413299E-4    0.001
0.006812500000000003      -4.376760388790511E-4    8.125E-4
0.0068750000000000035     -2.8612159321677433E-4   8.749999999999999E-4
0.006600000000000002      4.500000000000002E-4     0.001
0.006700000000000003      2.767949192431122E-4     0.001
0.006602289182326689      2.9844555433772334E-4    8.537983935647864E-4
0.006675                  1.4689110867544705E-4    8.749999999999999E-4
0.00652957836465338       4.5000000000000015E-4    8.32596787129573E-4
0.006464222161189957      4.5000000000000015E-4    6.661871709950908E-4
0.006507111080594978      3.2009618943233453E-4    7.080935854975453E-4
0.006400000000000002      4.500000000000001E-4     5.0E-4
0.006500000000000001      2.767949192431123E-4     5.0E-4
0.006575000000000002      1.468911086754462E-4     6.249999999999999E-4
0.006600000000000003      1.0358983848622334E-4    5.0E-4
0.0065375000000000025     3.863793320239179E-5     6.875E-4
0.006687500000000002      3.8637933202391626E-5    6.875E-4
0.0067000000000000046     -6.96152422706639E-5     5.0E-4
0.006750000000000003      -1.562177826491072E-4    6.249999999999999E-4
0.007088074733914011      -6.973044746181033E-4    8.75E-4
0.007100000000000014      -7.624355652982159E-4    0.001
0.007000000000000005      -5.026279441628838E-4    8.749999999999999E-4
0.0068000000000000066     -2.4282032302755136E-4   5.0E-4
0.006881250000000003      -1.2374183000719093E-4   6.249999999999999E-4
0.006775000000000004      -2.8612159321677363E-4   6.249999999999999E-4
0.006900000000000005      -4.160254037844372E-4    5.0E-4
0.006900000000000006      -3.294228634059947E-4    6.249999999999999E-4
0.007000000000000003      -5.026279441628812E-4    6.249999999999999E-4
0.007204653223270229      -8.489720570891181E-4    8.75E-4
0.007100000000000001      -7.624355652982162E-4    5.0E-4
0.007088074733914005      -6.973044746181034E-4    6.25E-4
0.007000000000000001      -5.892304845413245E-4    5.0E-4
0.00743471559497837       -9.538837563572867E-4    0.001
0.007332508444955069      -8.853818244253043E-4    8.75E-4
0.007635972427913287      -0.0014124625580402897   6.25E-4
0.0077066423936679946     -0.0012998285173419445   8.75E-4
0.00787137499038778       -0.0013983779293430944   8.75E-4
0.007460966386167642      -0.0011218264048437126   8.4375E-4
0.0076001290207669435     -0.00111861844557011     8.749999999999999E-4
0.007626040229244611      -0.0010628697730238274   0.001
0.0072063343699678        -9.332970242358824E-4    5.0E-4
0.007174191721527563      -9.622485587143999E-4    6.562499999999999E-4
0.007204557616769147      -8.477097367325167E-4    6.25E-4
0.0072984295597934        -0.0010269379492744868   6.25E-4
0.007416906014001419      -0.0012752994116743289   5.000000000000001E-4
0.007304187315942139      -0.0011004461521516855   5.0E-4
0.007467167302062093      -0.0011638136136752834   6.09375E-4
0.007542265768092394      -9.489058784626752E-4    8.749999999999999E-4
0.00823227711307718       -0.0014997803031714823   9.062499999999999E-4
0.007961194633400418      -0.0013764984925092602   8.984375E-4
0.00780241087445698       -0.0011649798161560805   0.001
0.007870705838022164      -0.0012299181543005632   9.062499999999999E-4
0.007624517915224094      -0.00127532615189943     5.000000000000001E-4
0.007579803404847792      -0.0012597117880205641   6.171875E-4
0.007812697462617747      -0.0013757274036603781   5.000000000000001E-4
0.0077669908054287555     -0.0015067368015248867   6.875E-4
0.00797276541117619       -0.0012635069851028198   0.001
0.008146604133354086      -0.0013708333333333335   0.001
0.007977787311026491      -0.0014687451037510445   5.0E-4
0.00806318936815623       -0.0015605841147944305   6.25E-4
0.00793568042999587       -0.0013942934267160718   6.25E-4
0.008152806823276638      -0.0015617081915393037   5.000000000000001E-4
0.008179817300578159      -0.0014709595314602757   6.25E-4
0.008445789509663128      -0.001596959948126121    8.75E-4
0.00831827695264921       -0.0016074615629189089   8.75E-4
0.008317283306683267      -0.001466666666666666    0.001
0.00818797335202863       -0.0013439297248858824   8.75E-4
0.008588057148699885      -0.0017651334502751203   9.010223744228083E-4
0.008487962480012453      -0.0015625000000000005   0.0010000000000000002
0.008658641653341636      -0.001658333333333333    0.0010000000000000002
0.008320352756587178      -0.0016571228909747094   5.000000000000001E-4
0.008291987459438988      -0.0015284063218071486   6.25E-4
0.008573302066677044      -0.0015864583333333332   8.75E-4
0.008758736322029068      -0.0017651334502751203   9.010223744228083E-4
0.008829320826670817      -0.0017541666666666662   0.001
0.008803001568097596      -0.0018459504677671482   8.540894976912333E-4
0.009000000000000001      -0.0018500000000000007   0.0010000000000000002
0.008485139405370363      -0.001747772428575991    5.000000000000001E-4
0.008404157618299815      -0.0015858531121540217   6.25E-4
0.008654500127974472      -0.0018479513772179468   5.000000000000001E-4
0.008529220736023703      -0.0017270112142879954   6.25E-4
0.009000000000000001      -0.0019169164350535122   8.329198888964208E-4
0.009000000000000001      -0.0019800566772767312   6.662999398859329E-4
0.00888383349909296       -0.0019357643025898126   7.758353078484359E-4
0.0089015007840488        -0.0018171966993372828   7.60223744228083E-4
0.008814866230635402      -0.0019438039526738116   5.000000000000001E-4
0.008822636266508884      -0.001908608116182487    6.716642957138751E-4
0.009000000000000001      -0.002041666666666668    5.000000000000002E-4
0.007304595326345331      -7.657363425120709E-4    0.001
0.00683302629126041       1.6854174377005723E-4    8.645231062868563E-4
0.0068000000000000005     1.0358983848622507E-4    0.001
0.006900000000000002      -6.961524227066434E-5    0.001
0.006862500000000003      -4.796460717605295E-5    8.4375E-4
0.0068687500000000025     -1.6704310019641363E-4   8.593749999999999E-4
0.007200000000000009      -5.892304845413248E-4    0.0010000000000000002
0.007000000000000005      -2.4282032302755277E-4   0.001
0.0069375000000000036     -3.943747686898291E-4    8.749999999999999E-4
0.007100000000000007      -4.1602540378443914E-4   0.001
0.0071130747339140064     -3.075930429151055E-4    8.75E-4
0.007012500000000004      -9.126587736527448E-5    8.75E-4
0.0070000000000000045     1.698729810777994E-5     8.75E-4
0.006900000000000002      2.7679491924311123E-4    0.001
0.00678130157489183       3.0927087188502875E-4    8.485597989926777E-4
0.006800000000000001      4.500000000000002E-4     0.001
0.006920805725027707      3.146835306586815E-4     8.459401003499922E-4
0.00672957685852325       4.500000000000001E-4     8.325964916984992E-4
0.006664599796268269      4.500000000000001E-4     6.662612450306007E-4
0.006782299898134136      2.767949192431118E-4     7.081306225153002E-4
0.006600000000000002      4.5000000000000015E-4    5.0E-4
0.006669799898134135      2.9844555433772334E-4    6.456306225153003E-4
0.006700000000000003      2.767949192431111E-4     5.0E-4
0.006675000000000003      1.468911086754464E-4     6.249999999999999E-4
0.006800000000000004      1.0358983848622356E-4    5.0E-4
0.006825000000000004      -2.6313972081441766E-5   6.875E-4
0.006900000000000003      -6.961524227066249E-5    5.0E-4
0.006975000000000002      1.698729810778027E-5     6.562499999999999E-4
0.0073034471310006715     -6.7712504273414E-4      8.75E-4
0.0072130747339140084     -4.8079812367199143E-4   8.75E-4
0.006981250000000001      -2.536456405748559E-4    6.249999999999999E-4
0.007000000000000001      -2.4282032302755027E-4   5.0E-4
0.007012500000000002      -9.126587736527466E-5    6.249999999999999E-4
0.007100000000000002      -4.160254037844402E-4    5.0E-4
0.007113074733914004      -3.0759304291510414E-4   6.25E-4
0.007150574733914006      -5.890512991450482E-4    6.25E-4
0.007304304422906025      -7.561112411746196E-4    5.000000000000001E-4
0.007332412838453989      -8.841195040687028E-4    6.249999999999999E-4
0.007201390431785251      -6.756764668852393E-4    6.25E-4
0.007200000000000005      -5.89230484541328E-4     5.000000000000001E-4
0.007213074733914006      -4.8079812367199295E-4   6.25E-4
0.007307016306048154      -5.731850081367825E-4    6.25E-4
0.007431544589126101      -7.113694926363067E-4    8.75E-4
0.007504572923398401      -7.455355653776187E-4    0.001
0.00755630459382725       -8.061423943183672E-4    8.75E-4
0.007641465262062708      -8.792582761696716E-4    0.001
0.007792542434603736      -0.0012641236427210513   6.25E-4
0.007910485319769522      -0.0011174927800982363   8.867187499999999E-4
0.007765265210354619      -0.0010507883545206205   8.749999999999999E-4
0.007811691835239852      -9.839565019736894E-4    0.001
0.007653765489223506      -9.998471164916478E-4    8.749999999999999E-4
0.007742261794318385      -9.10654905518264E-4     8.749999999999999E-4
0.007412409690481958      -9.243484024254281E-4    5.0E-4
0.007507178156624223      -0.0010909474940248888   5.000000000000001E-4
0.007693637681057546      -0.0011803720555412513   6.25E-4
0.007449927365991964      -0.0010764767092346676   6.875E-4
0.007600518777283215      -0.0010432951059666724   6.25E-4
0.007681912442560888      -0.001090040382430952    5.0E-4
0.00840262289334786       -0.0014906249999999998   8.75E-4
0.008070027076933772      -0.0012625275904395467   8.4375E-4
0.007980197846495854      -0.0010819062485755602   0.001
0.008006078033460975      -0.0011398755784245572   8.593749999999999E-4
0.007813057549825817      -0.0011863769929661102   5.0E-4
0.008051484586343612      -0.0013279208112461727   6.5625E-4
0.007977880739608896      -0.00127784376008162     5.000000000000001E-4
0.007937254218884866      -0.0012059926904262274   6.25E-4
0.008146604133354086      -0.0011791666666666671   0.001
0.008317283306683269      -0.0012749999999999997   0.0010000000000000002
0.008359953100015565      -0.0012989583333333332   8.75E-4
0.008214990088474669      -0.0012328262952197733   8.593749999999999E-4
0.008146604133354085      -0.0013708333333333346   5.000000000000001E-4
0.008317283306683269      -0.0014666666666666671   5.0E-4
0.008296445233000091      -0.001381334948126121    6.25E-4
0.008487962480012452      -0.0013708333333333341   0.001
0.008551967170010895      -0.0014007812500000006   8.4375E-4
0.00880798593000467       -0.0016549232327268545   8.540894976912332E-4
0.008658641653341634      -0.0014666666666666658   0.001
0.008690643998340858      -0.001620690783030094    8.645447488456167E-4
0.008829320826670818      -0.0015625000000000003   0.001
0.008487962480012453      -0.0015625000000000014   5.000000000000001E-4
0.008487962480012452      -0.001442708333333334    6.25E-4
0.009000000000000001      -0.0016583333333333335   0.0010000000000000002
0.009000000000000001      -0.0017250125241747532   8.32749096963572E-4
0.008903992965002334      -0.0016258587087318217   7.602290521077693E-4
0.008658641653341634      -0.0016583333333333346   5.000000000000001E-4
0.008573302066677042      -0.001586458333333334    6.25E-4
0.008678760223987569      -0.0017080132743922895   6.457947488456166E-4
0.008829320826670818      -0.0017541666666666686   5.0E-4
0.008656209001301207      -0.001829568215451245    6.665894976912333E-4
0.00880798593000467       -0.0016549232327268556   6.040894976912332E-4
0.009000000000000001      -0.0017884429309074179   6.66357990764933E-4
0.009000000000000003      -0.0018500000000000012   5.000000000000003E-4
0.008903992965002334      -0.0017216830818171365   6.352237442280831E-4
0.007404597871312023      -5.877970013710903E-4    0.0010000000000000002
0.007000000000000004      1.0358983848622323E-4    0.001
0.00699105258252082       1.9019237886466758E-4    8.540462125737128E-4
0.007100000000000006      -6.96152422706639E-5     0.0010000000000000002
0.007175000000000003      -1.9951905283832857E-4   8.749999999999999E-4
0.0073000000000000035     -4.1602540378443616E-4   0.001
0.007200000000000005      -2.428203230275501E-4    0.001
0.007313074733914004      -3.075930429151038E-4    8.75E-4
0.007109945451182496      1.1441515603352977E-4    8.85324236607829E-4
0.007100000000000002      2.767949192431124E-4     0.001
0.007000000000000001      4.500000000000002E-4     0.001
0.006900000000000002      1.901923788646681E-4     6.249999999999999E-4
0.007000000000000001      1.0358983848622529E-4    5.0E-4
0.007060309875163582      3.200961894323339E-4     8.433204017073066E-4
0.006929567841227466      4.5000000000000015E-4    8.325947229340848E-4
0.006864221393243034      4.500000000000001E-4     6.661870203604411E-4
0.006982105165041637      2.767949192431118E-4     7.080924251474255E-4
0.006800000000000001      4.500000000000001E-4     5.0E-4
0.006882110696621517      3.200961894323342E-4     6.455935101802204E-4
0.006900000000000002      2.7679491924311275E-4    5.0E-4
0.007100000000000002      -6.961524227066423E-5    5.0E-4
0.007125000000000001      6.028856829700231E-5     6.249999999999999E-4
0.0071437500000000025     -1.453924651018018E-4    6.249999999999999E-4
0.007570343419562107      -6.633789101740589E-4    8.75E-4
0.0074128362740154        -4.819442491336746E-4    8.75E-4
0.007200000000000004      -2.4282032302755168E-4   5.0E-4
0.007300000000000007      -4.160254037844403E-4    5.0E-4
0.007343918137007702      -3.407316509860028E-4    6.25E-4
0.007471806701395484      -7.695772157304051E-4    6.25E-4
0.007542655524608666      -8.735825388592379E-4    6.25E-4
0.007499616820708591      -7.426300422469355E-4    5.0E-4
0.007400957878182303      -6.655718926015723E-4    6.25E-4
0.007404959147680225      -5.875159226870808E-4    5.0E-4
0.0074128362740154006     -4.819442491336766E-4    6.25E-4
0.007554505307940228      -6.402100666135353E-4    6.25E-4
0.007452930611274283      -5.788670143792978E-4    8.125E-4
0.007602926931082814      -5.82738801842529E-4     0.0010000000000000002
0.007669238339590647      -7.235642094140049E-4    0.001
0.007709142249998112      -6.153883277118108E-4    8.749999999999999E-4
0.007719258378282151      -7.705214565159076E-4    8.749999999999999E-4
0.007811620709422774      -7.988129193477782E-4    0.001
0.00795026480151688       -0.0010050674058959099   8.671875E-4
0.007978617729920588      -8.920729800679181E-4    0.001
0.007894451569572785      -8.702592333672625E-4    8.749999999999999E-4
0.00785570076430132       -0.0010640385651857426   6.249999999999999E-4
0.0076268197422771555     -9.122230938169525E-4    5.000000000000001E-4
0.0077714466883470334     -9.652662012429054E-4    6.249999999999999E-4
0.00781477383044181       -9.939355096006501E-4    5.0E-4
0.008148114714554216      -0.0010361395718593755   8.75E-4
0.008146604133354086      -9.875000000000007E-4    0.0010000000000000002
0.008255798367405594      -0.0011162251242603446   8.671875E-4
0.007976493941624587      -0.0010843843557584063   5.000000000000001E-4
0.007979495436635738      -9.792984297348794E-4    6.25E-4
0.008146604133354085      -0.0011791666666666652   5.0E-4
0.008167288742691356      -0.0012615481957762738   6.875E-4
0.008063059618689467      -0.0010845817497385781   6.25E-4
0.008317283306683269      -0.0010833333333333333   0.0010000000000000002
0.008359953100015565      -0.001203125             8.75E-4
0.008487962480012452      -0.0011791666666666673   0.001
0.0085092973766786        -0.0012390625000000001   8.125000000000001E-4
0.008317283306683267      -0.0012749999999999999   5.0E-4
0.008445292686680156      -0.0013468750000000008   6.25E-4
0.008359953100015563      -0.0011552083333333325   6.25E-4
0.008487962480012453      -0.0013708333333333346   5.000000000000001E-4
0.008765316136672373      -0.001447462066076582    8.957419005537474E-4
0.008658641653341636      -0.0012749999999999994   0.0010000000000000002
0.008690643998340856      -0.0013301989491454177   8.489212831045447E-4
0.008850655723336966      -0.0014953787327432492   8.957419005537474E-4
0.008829320826670818      -0.0013708333333333335   0.001
0.009000000000000001      -0.001466666666666667    0.001
0.008658641653341634      -0.0014666666666666673   5.000000000000001E-4
0.008701311446673929      -0.001586458333333334    6.25E-4
0.008615971860009338      -0.0014307291666666672   6.875000000000001E-4
0.008679976550007781      -0.0013289062500000002   6.5625E-4
0.009000000000000001      -0.0015336039070559106   8.329218251504464E-4
0.009000000000000001      -0.0015967941847367891   6.663686065243057E-4
0.008871990620003115      -0.0014282574654864986   7.914838011074947E-4
0.008829320826670818      -0.0015625000000000023   5.0E-4
0.008733313791673152      -0.0014630539497049587   6.666209502768737E-4
0.009000000000000001      -0.0016583333333333341   5.000000000000002E-4
0.007502727107538033      -4.1545369384605367E-4   0.001
0.0074443633100670144     -3.4018336586512E-4      8.749999999999999E-4
0.007200000000000004      1.0358983848622475E-4    0.001
0.007175000000000003      -2.63139720814411E-5     8.749999999999999E-4
0.0073000000000000035     -6.961524227066293E-5    0.0010000000000000002
0.007400000000000002      -2.4282032302754984E-4   0.001
0.007425340888442255      -1.994475890960301E-4    8.749999999999999E-4
0.007375000000000001      -2.6313972081440767E-5   8.75E-4
0.007219890902364986      2.118430139592796E-4     8.956484732156579E-4
0.007300000000000003      2.7679491924311204E-4    0.001
0.007394890902364985      1.6854174377005772E-4    8.956484732156579E-4
0.0071698909023649865     2.9844555433772334E-4    8.956484732156579E-4
0.007200000000000002      4.500000000000002E-4     0.001
0.007200000000000004      1.0358983848622345E-4    5.0E-4
0.007147445451182494      1.7936706131736283E-4    6.35324236607829E-4
0.007129567167806345      4.500000000000001E-4     8.325945908409004E-4
0.0071                    2.767949192431122E-4     4.999999999999999E-4
0.007053552582520819      1.6854174377005707E-4    6.665462125737127E-4
0.007064210330083274      4.500000000000001E-4     6.661848502948514E-4
0.007169890902364985      2.9844555433772334E-4    6.456484732156579E-4
0.007000000000000001      4.500000000000001E-4     5.0E-4
0.007523089913784085      -2.4817155287240296E-4   8.75E-4
0.0073000000000000035     -6.961524227066401E-5    5.0E-4
0.007300000000000002      1.0358983848622452E-4    6.249999999999999E-4
0.007275000000000004      -1.9951905283832893E-4   6.249999999999999E-4
0.007642397068109069      -4.940810082634735E-4    8.749999999999999E-4
0.007699940218671031      -4.164103691934707E-4    0.001
0.007575651886220024      -3.727736888151363E-4    8.749999999999999E-4
0.007375340888442256      -1.1284504871758735E-4   6.249999999999999E-4
0.007400000000000004      -2.428203230275506E-4    5.0E-4
0.007503269707740929      -4.157673917677691E-4    5.000000000000001E-4
0.00757553414123333       -3.722386364679352E-4    6.249999999999999E-4
0.007697589430621495      -8.295404640632702E-4    6.25E-4
0.007667059314990733      -7.224840352413797E-4    5.000000000000001E-4
0.007601914567053999      -5.814693308446451E-4    5.0E-4
0.007641793439465743      -4.935434385467168E-4    6.25E-4
0.007708052737698155      -6.148482406254982E-4    6.25E-4
0.007747179727101935      -4.975678032705711E-4    8.749999999999999E-4
0.007799972603297919      -5.978984142714677E-4    0.001
0.00782119460375553       -6.718240740574078E-4    8.75E-4
0.007971897837659959      -7.025203895543896E-4    0.001
0.007966356445255156      -5.477489478820199E-4    0.001
0.008061132465675356      -8.680724828146069E-4    8.75E-4
0.00814498250162792       -7.944394182424668E-4    0.0010000000000000002
0.008050583505117892      -7.297686595003518E-4    8.75E-4
0.007814580079441222      -8.063246720756138E-4    5.000000000000001E-4
0.007895931254582008      -8.740151097311804E-4    6.25E-4
0.007820284353176634      -6.718821283345556E-4    6.25E-4
0.008210456243808843      -8.551769957554825E-4    8.75E-4
0.007975790933398416      -8.934461333486045E-4    5.000000000000001E-4
0.00831728330668327       -8.916666666666669E-4    0.0010000000000000002
0.008498629928345526      -0.0012091145833333335   6.5625E-4
0.008296606646336515      -9.99623953300916E-4     8.75E-4
0.008413619459840632      -0.0010294994766504577   8.75E-4
0.00814660413335409       -9.87499999999998E-4     5.0E-4
0.008148114714554216      -0.0011319729051927077   6.25E-4
0.008061807479782778      -8.682784976111282E-4    6.25E-4
0.008317283306683267      -0.00108333333333333     5.0E-4
0.008296606646336515      -9.996239533009142E-4    6.25E-4
0.008487962480012453      -9.87500000000001E-4     0.0010000000000000002
0.008530632273344748      -0.0010593749999999993   8.75E-4
0.008658641653341634      -0.001179166666666667    8.75E-4
0.008658641653341636      -0.0010833333333333335   0.0010000000000000002
0.008829320826670818      -0.0011791666666666676   0.001
0.008487962480012453      -0.001179166666666667    5.0E-4
0.008413619459840632      -0.0010294994766504564   6.25E-4
0.008658641653341634      -0.0012750000000000014   5.000000000000001E-4
0.008637306756675487      -0.0011432291666666659   6.25E-4
0.008551967170010895      -0.0013109375000000005   6.875000000000001E-4
0.008829320826670817      -0.001259616648290835    8.540925662090891E-4
0.009000000000000001      -0.001275                0.0010000000000000002
0.009000000000000001      -0.0013419315976396632   8.329676022149897E-4
0.008829320826670818      -0.001370833333333335    5.0E-4
0.008850655723336966      -0.0014953787327432503   6.457419005537474E-4
0.008829320826670817      -0.0012596166482908343   6.040925662090892E-4
0.008829320826670817      -0.0013400666299150023   7.081851324181785E-4
0.009000000000000001      -0.0014051332598300046   6.66370264836357E-4
0.009000000000000001      -0.0014666666666666673   5.000000000000002E-4
0.007600000000000004      -2.4282032302755315E-4   0.001
0.007400000000000002      1.0358983848622502E-4    0.001
0.007282390902364986      1.0358983848622468E-4    8.33148473215658E-4
0.007500000000000003      -6.961524227066412E-5    0.0010000000000000002
0.0076018165175011565     -1.5615973987968593E-4   8.75E-4
0.007525000000000001      6.028856829700231E-5     8.749999999999999E-4
0.007394890902364985      3.4174682452694507E-4    8.956484732156579E-4
0.007494890902364985      1.685417437700569E-4     8.956484732156579E-4
0.0075000000000000015     2.767949192431123E-4     0.001
0.007400000000000002      4.500000000000002E-4     0.001
0.007400000000000002      1.0358983848622513E-4    5.0E-4
0.0074251704442211295     1.7023029978929684E-5    6.249999999999999E-4
0.007329563609459939      4.5000000000000015E-4    8.325938928626322E-4
0.00723978180472997       3.200961894323342E-4     7.912969464313161E-4
0.0073448909023649854     2.5514428414850167E-4    6.45648473215658E-4
0.007300000000000003      2.767949192431123E-4     5.0E-4
0.007264206990781093      4.500000000000002E-4     6.661841952826385E-4
0.007337227255912462      3.525721420742508E-4     7.391211830391451E-4
0.0072000000000000015     4.500000000000001E-4     5.0E-4
0.00788650002850346       -4.1802082342395E-4      0.001
0.007785217204205758      -3.797472788293316E-4    8.749999999999999E-4
0.00780726607000462       -2.4258815194986557E-4   0.001
0.007693516860853458      -2.679535093545087E-4    8.75E-4
0.007500000000000002      -6.961524227066276E-5    5.0E-4
0.007425340888442255      -1.9944758909603042E-4   6.249999999999999E-4
0.007601816517501156      -1.5615973987968525E-4   6.249999999999999E-4
0.007600000000000003      -2.428203230275499E-4    5.0E-4
0.007699704728697643      -4.153402644990684E-4    5.0E-4
0.00769345798836011       -2.67685983180908E-4     6.249999999999999E-4
0.007746576098458609      -4.970302335538143E-4    6.25E-4
0.007798152102140127      -5.980145228257634E-4    5.000000000000001E-4
0.00791319300142468       -5.063138800332312E-4    8.75E-4
0.007948673341318747      -3.604417028045125E-4    9.062499999999999E-4
0.008037344737012701      -4.436372154503776E-4    0.0010000000000000002
0.008140183114774956      -5.883227357296809E-4    0.0010000000000000002
0.008313620379293962      -6.996756186246452E-4    0.0010000000000000002
0.00804003454456043       -5.914648361860967E-4    8.75E-4
0.008189454159510704      -6.701992729570771E-4    8.75E-4
0.007970891820941593      -7.040995297628509E-4    5.0E-4
0.00805159960407324       -7.304469925787496E-4    6.25E-4
0.007965825607647704      -5.492695063295484E-4    5.0E-4
0.008041391728363706      -5.92615487546371E-4     6.25E-4
0.007913807579004622      -5.065808888595459E-4    6.25E-4
0.008357927527759573      -7.23362810721446E-4     8.75E-4
0.008445292686680156      -8.916666666666663E-4    8.75E-4
0.008146332529842763      -7.948514478355095E-4    5.0E-4
0.008136605170605184      -9.581550301638104E-4    6.25E-4
0.008211131257916263      -8.553830105520041E-4    6.25E-4
0.008487962480012452      -7.958333333333342E-4    0.001
0.008317283306683272      -8.916666666666699E-4    5.0E-4
0.008445292686680156      -8.91666666666668E-4     6.25E-4
0.008487962480012455      -9.87499999999999E-4     5.0E-4
0.008530632273344748      -0.0010593749999999985   6.25E-4
0.008658641653341634      -9.874999999999992E-4    8.75E-4
0.008658641653341636      -8.916666666666663E-4    0.0010000000000000002
0.008573302066677042      -8.557291666666663E-4    8.75E-4
0.008850655723336966      -0.001055973825645194    8.540922969922134E-4
0.00878665103333852       -9.156249999999994E-4    8.749999999999999E-4
0.008829320826670818      -9.874999999999994E-4    0.001
0.009000000000000001      -0.0010833333333333335   0.001
0.009000000000000001      -0.0011502685158196941   8.329661909073533E-4
0.008743981240006226      -0.0012270833333333333   6.25E-4
0.008658641653341636      -0.0010833333333333315   5.000000000000001E-4
0.008658641653341634      -9.874999999999992E-4    6.25E-4
0.008829320826670817      -0.0011791666666666665   5.000000000000001E-4
0.00878665103333852       -0.0010114583333333334   6.25E-4
0.009000000000000001      -0.0012134786359141113   6.663691879688536E-4
0.008871990620003115      -0.0011244476512903884   7.081845939844267E-4
0.009000000000000001      -0.0012750000000000005   5.000000000000002E-4
0.007700000000000005      -6.961524227066444E-5    0.001
0.007600000000000002      1.0358983848622312E-4    0.001
0.007807425670790624      -1.1728507817944341E-4   8.749999999999999E-4
0.007700000000000004      2.767949192431112E-4     0.001
0.007703792635788315      5.5803917038601164E-5    8.749999999999999E-4
0.0076661702261647926     1.7712473568816191E-4    8.645226388576385E-4
0.007628547816541269      2.984455543377227E-4     8.540452777152772E-4
0.007600000000000002      4.5000000000000015E-4    0.001
0.007777220183184729      3.4174682452694507E-4    8.537848592159258E-4
0.007529544552326244      4.5000000000000015E-4    8.325901547596883E-4
0.00762590825875058       1.701631949249133E-5     6.875E-4
0.007600000000000002      1.0358983848622502E-4    5.0E-4
0.007475000000000002      1.4689110867544672E-4    6.249999999999999E-4
0.0075000000000000015     2.767949192431124E-4     5.0E-4
0.007628547816541268      2.9844555433772334E-4    6.040452777152773E-4
0.007464191266165069      4.500000000000001E-4     6.661811108611093E-4
0.007557095633082535      3.200961894323342E-4     7.080905554305545E-4
0.007400000000000001      4.5000000000000015E-4    5.0E-4
0.0079099282380089        -8.160767877823932E-5    0.001
0.00790913616246233       -2.1007383018225938E-4   8.4375E-4
0.008020412848297622      -2.6670509658717766E-4   0.0010000000000000002
0.007699999999999999      -6.961524227066238E-5    5.0E-4
0.007754385865318088      3.8029031597643377E-6    6.406249999999999E-4
0.007785099459219064      -3.792122264821305E-4    6.25E-4
0.007809049930945142      -2.4331635149830256E-4   5.0E-4
0.007808317601260886      -1.1764917795366188E-4   6.249999999999999E-4
0.007887729183663345      -4.1855484107657933E-4   5.0E-4
0.007839772060342814      -2.9320026998174754E-4   6.25E-4
0.008090886679561411      -1.469850175460152E-4    8.75E-4
0.008108868535668858      -3.855065550614159E-4    8.4375E-4
0.00820689041720368       -4.6815052793775647E-4   8.75E-4
0.00817985501701387       -3.9034192820382565E-4   0.001
0.008328454636118284      -5.075600430946374E-4    0.0010000000000000002
0.00836094414870297       -5.75062897169177E-4     8.75E-4
0.008037365951944623      -4.4329106343297676E-4   5.0E-4
0.007964718665110225      -3.95682364122837E-4     6.40625E-4
0.008487962480012452      -6.041666666666669E-4    0.001
0.008530438164783409      -7.235250014091237E-4    8.749999999999999E-4
0.00814289748238151       -5.906240384502296E-4    5.0E-4
0.008206694979037067      -4.682262812270046E-4    6.25E-4
0.008190129173618126      -6.704052877535984E-4    6.25E-4
0.008316506872437917      -6.982666723031601E-4    5.0E-4
0.00835937077433155       -7.226583375607036E-4    6.249999999999999E-4
0.008658641653341636      -7.000000000000003E-4    0.001
0.008701311446673929      -8.197916666666664E-4    8.75E-4
0.008829320826670817      -7.958333333333335E-4    0.001
0.008487962480012452      -7.958333333333359E-4    5.0E-4
0.008573302066677044      -8.557291666666682E-4    6.25E-4
0.008861323171670038      -8.345334926734448E-4    8.851203266110816E-4
0.009000000000000001      -8.916666666666667E-4    0.001
0.008658641653341636      -8.916666666666703E-4    5.000000000000001E-4
0.009000000000000001      -9.582579640696324E-4    8.329938760064823E-4
0.008882658068336187      -9.988406516519722E-4    7.39212623603295E-4
0.009000000000000001      -0.0010218632066633995   6.663628315187239E-4
0.00889332551666926       -8.732336520135562E-4    7.702406532221632E-4
0.00878665103333852       -9.156250000000001E-4    6.25E-4
0.008829320826670818      -9.875000000000014E-4    5.0E-4
0.00889332551666926       -9.687441033316998E-4    6.456814157593619E-4
0.009000000000000001      -0.001083333333333334    5.000000000000001E-4
0.007800000000000004      1.0358983848622496E-4    0.001
0.007825000000000002      2.334936490538898E-4     8.749999999999999E-4
0.007903792635788316      5.580391703860217E-5     8.749999999999999E-4
0.008000000000000002      1.0358983848622551E-4    0.001
0.008030574240595233      -3.1329059187072355E-5   8.75E-4
0.007900000000000003      2.767949192431125E-4     0.001
0.007800000000000003      4.500000000000002E-4     0.0010000000000000002
0.007876927293381344      3.4174682452694507E-4    8.537274081714062E-4
0.007729440366369456      4.5000000000000015E-4    8.325697184318519E-4
0.007700454129375291      1.2525498427319072E-4    6.562499999999999E-4
0.0078000000000000005     1.0358983848622496E-4    5.0E-4
0.0076641199247923335     4.500000000000001E-4     6.661671170780078E-4
0.007752220183184728      3.4174682452694507E-4    7.287848592159258E-4
0.007700000000000001      2.767949192431126E-4     5.0E-4
0.0077750000000000015     2.3349364905389012E-4    6.249999999999999E-4
0.007600000000000001      4.5000000000000004E-4    4.999999999999999E-4
0.007726110091592364      3.0927087188502875E-4    6.143924296079629E-4
0.008151199118527588      -2.6264097590495805E-4   8.75E-4
0.00810140516164901       -6.872811676222833E-5    0.0010000000000000002
0.008216236365044512      -1.9742605954088603E-4   0.001
0.007903792635788316      5.5803917038601835E-5    6.249999999999999E-4
0.007909186199152703      -8.070745652657242E-5    5.0E-4
0.00793717837115298       -1.2743192210464113E-4   6.25E-4
0.008020412848297617      -2.6670509658718075E-4   5.000000000000001E-4
0.008111162365126446      -3.7650506030656634E-4   6.40625E-4
0.008183728304113042      -8.923824956839561E-5    8.75E-4
0.008303749372365584      -3.988776779075971E-4    8.749999999999999E-4
0.008345968765914856      -3.2007872345085674E-4   0.001
0.008497218704655383      -4.1596599610986833E-4   0.001
0.00858654477754133       -5.503805828085663E-4    8.75E-4
0.00847177810840873       -4.7263616561713336E-4   8.75E-4
0.008151199118527585      -2.6264097590495973E-4   6.25E-4
0.008179464140680645      -3.9049343478232196E-4   5.0E-4
0.008658641653341636      -5.083333333333322E-4    0.0010000000000000002
0.008701311446673929      -6.281249999999993E-4    8.75E-4
0.008327668520012025      -5.035955196136939E-4    5.0E-4
0.008303553934198972      -3.989534311968452E-4    6.25E-4
0.00836094414870297       -5.750628971691767E-4    6.25E-4
0.008471197388666203      -4.723841749417317E-4    6.25E-4
0.008487962480012452      -6.04166666666666E-4     5.0E-4
0.008530438164783409      -7.235250014091234E-4    6.249999999999999E-4
0.008850655723336966      -6.972298906562632E-4    8.534750328341015E-4
0.008829320826670817      -6.041666666666664E-4    0.0010000000000000002
0.009000000000000001      -7.000000000000001E-4    0.001
0.008530632273344748      -5.802083333333325E-4    6.25E-4
0.008658641653341634      -6.999999999999998E-4    5.0E-4
0.008701311446673929      -8.197916666666684E-4    6.25E-4
0.009000000000000001      -7.663347813125273E-4    8.319500656682032E-4
0.008829320826670818      -7.958333333333349E-4    5.0E-4
0.008722646343340077      -6.014757489299697E-4    6.036131999611964E-4
0.009000000000000001      -8.30842304027113E-4     6.654813064443266E-4
0.008871990620003113      -6.939689841405349E-4    7.074747354771124E-4
0.009000000000000001      -8.916666666666672E-4    5.000000000000001E-4
0.008154669212851913      2.9316995127604165E-5    8.75E-4
0.007925000000000001      2.3349364905389045E-4    8.749999999999999E-4
0.008125610121590784      1.4787223982360394E-4    8.75E-4
0.008197851936630604      1.077619464235183E-4     0.001
0.0081                    2.767949192431133E-4     0.001
0.008000000000000002      4.5000000000000015E-4    0.001
0.00792885458676269       4.500000000000001E-4     8.324548163428124E-4
0.007939427293381346      3.200961894323342E-4     7.91227408171406E-4
0.008030203221167136      -3.087894806123887E-5    6.25E-4
0.008                     1.0358983848622464E-4    4.999999999999999E-4
0.007937366936596486      1.771247356881626E-4     6.352223670776508E-4
0.007863816950302926      4.5000000000000015E-4    6.661076878978924E-4
0.0079                    2.7679491924311226E-4    4.999999999999999E-4
0.0078                    4.500000000000001E-4     5.0E-4
0.008323781698523209      -2.1491373924921917E-4   8.749999999999999E-4
0.008299929886772438      -4.243891960680331E-5    0.001
0.008365578008288865      -1.712506232756998E-4    0.001
0.008267349972870642      2.1663581529058177E-5    8.749999999999999E-4
0.00810183875639057       -6.774086432218218E-5    5.0E-4
0.008152510087374984      5.592181200945829E-5     6.509625477245008E-4
0.00809070116984736       -1.467599619830993E-4    6.25E-4
0.008218002011600252      -1.9707498699462076E-4   5.0E-4
0.00818461112739091       -8.90627132952629E-5     6.25E-4
0.008369100189085543      -9.595293206028334E-5    8.749999999999999E-4
0.008425470733470462      -2.8442462932249686E-4   8.749999999999999E-4
0.008506363968041507      -2.3559633278949933E-4   0.001
0.00858261206811449       -3.7020943406508973E-4   8.75E-4
0.008667786816896738      -3.2427796029728867E-4   0.0010000000000000002
0.00875698963289729       -4.443944680050779E-4    9.062499999999999E-4
0.008347162431522292      -3.19797771779949E-4     5.0E-4
0.008323950971260262      -2.1458729825932996E-4   6.249999999999999E-4
0.008829320826670818      -4.1250000000000076E-4   0.001
0.008846492471449422      -5.64383497428283E-4     8.372744677047332E-4
0.008494895825685283      -4.1495803340826194E-4   5.0E-4
0.008426067566274181      -2.8428415348704305E-4   6.25E-4
0.009000000000000001      -5.083333333333335E-4    0.0010000000000000002
0.008658641653341636      -5.083333333333345E-4    5.0E-4
0.008629034906569617      -4.969989870674846E-4    6.143065999805982E-4
0.008842329219561882      -4.315371042003029E-4    8.210739025753648E-4
0.009000000000000001      -5.757634454933787E-4    8.304089577270768E-4
0.008829320826670818      -6.041666666666685E-4    5.0E-4
0.008727437539794488      -4.1378964080163665E-4   6.036131999611964E-4
0.008829320826670817      -8.047969920702675E-4    6.662373677385563E-4
0.009000000000000001      -6.400213016144033E-4    6.64949470954225E-4
0.00889332551666926       -5.714863997371714E-4    6.860879354383089E-4
0.009000000000000001      -7.000000000000005E-4    5.000000000000001E-4
0.008314415086980663      1.2886010151196256E-4    8.956750954490016E-4
0.008389996100328607      1.296510221583722E-4     0.001
0.008041882474809314      3.200961894323342E-4     7.908894683106034E-4
0.008252662944173343      2.548835535558915E-4     8.538501908980033E-4
0.008295007713951887      2.75292326909736E-4      0.001
0.008199999999999999      4.5000000000000004E-4    9.999999999999998E-4
0.008201035324714133      1.0662723757041753E-4    5.0E-4
0.0081051590871974        1.69032309344136E-4      6.038501908980032E-4
0.008133764949618627      4.500000000000002E-4     8.317789366212071E-4
0.008063019638893651      4.500000000000001E-4     6.659512933333115E-4
0.007970941237404657      2.9844555433772334E-4    6.454447341553016E-4
0.0081                    2.7679491924311193E-4    5.0E-4
0.008                     4.5000000000000015E-4    5.000000000000001E-4
0.008414418679647878      2.3007875128652492E-5    8.749999999999999E-4
0.008497266414015622      -1.4420241894069804E-4   8.749999999999999E-4
0.008489560127005172      -3.9634302687259324E-5   0.001
0.008465285135874946      1.376297232092679E-4     8.749999999999999E-4
0.008540673098515382      1.388319802333986E-4     0.001
0.008676897400191685      -1.3788992278300792E-4   0.0010000000000000002
0.008300560822880106      -4.151778811795385E-5    5.0E-4
0.008268941666912406      2.109622710250775E-5     6.249999999999999E-4
0.00836591655376297       -1.705977412959216E-4    4.999999999999999E-4
0.008413369863984447      -5.186203350026171E-5    6.25E-4
0.008751022347311855      -2.758617275467039E-4    8.75E-4
0.008834039263050115      -2.2727058307309638E-4   0.001
0.008618359107443845      -2.172968589071018E-4    8.614622340082785E-4
0.008505806608682418      -2.3369729961096093E-4   5.0E-4
0.008497432209942143      -1.4402990941462897E-4   6.25E-4
0.00858145062862944       -3.697054527142866E-4    6.25E-4
0.008875511173655927      -3.3132349996857713E-4   8.523239025753649E-4
0.009000000000000001      -3.1666666666666686E-4   0.001
0.008668224046250455      -3.2462778374333387E-4   5.0E-4
0.00860506153831456       -2.425398827680073E-4    6.25E-4
0.009000000000000001      -3.8678527239045064E-4   8.296478051507297E-4
0.00878665103333852       -5.029514978599395E-4    7.072263999223929E-4
0.008829320826670818      -4.125000000000026E-4    5.0E-4
0.008762189708638181      -2.919390788035968E-4    6.299489386333726E-4
0.009000000000000001      -4.496529957198803E-4    6.644527998447858E-4
0.008834002715786798      -2.9247361793430026E-4   7.077512516631371E-4
0.009                     -5.083333333333337E-4    4.999999999999999E-4
0.008375727725271495      2.8257298557785184E-4    8.93919099877767E-4
0.008486417102341768      2.8358924903735996E-4    0.001
0.008400000000000001      4.5000000000000015E-4    9.999999999999998E-4
0.00857519879463681       2.8127846329134977E-4    8.93919099877767E-4
0.008261039524890686      3.524417767779457E-4     7.596254772450083E-4
0.008336937026602483      4.5000000000000015E-4    8.29247117720601E-4
0.008301871666496902      1.8211916751377196E-4    6.038501908980033E-4
0.008393425158599007      1.2976355482549682E-4    5.0E-4
0.00829823025219539       2.760274310034074E-4     5.0E-4
0.008205159087197399      3.422373901010238E-4     6.038501908980033E-4
0.008377338994393246      2.829405376246874E-4     6.43919099877767E-4
0.00826941610560803       4.5000000000000015E-4    6.654007635920133E-4
0.008199999999999999      4.5000000000000004E-4    5.0E-4
0.008561487386425112      2.4352168728246808E-5    8.749999999999999E-4
0.008864807340816912      -1.5414130884069596E-4   9.047353603204508E-4
0.008693949852682518      2.727032823367321E-4     9.999999999999998E-4
0.008600000000000002      4.500000000000002E-4     0.0010000000000000002
0.008685176385992767      5.0371121633730265E-5    0.001
0.008694546001002406      -8.11197183351869E-5     8.649090514739801E-4
0.008615055405947075      1.501707701308955E-4     8.749999999999999E-4
0.008839466029060303      -3.757229547894193E-5    0.001
0.009000000000000001      -1.250000000000002E-4    0.001
0.008489891718858215      -3.92892836351213E-5     5.000000000000001E-4
0.008466999665010145      1.3768598954283027E-4    6.249999999999999E-4
0.008624011111316802      -9.23255002666616E-5     6.0207882292882E-4
0.008675043221664517      -1.4062098286655073E-4   5.000000000000001E-4
0.00889557541858371       -8.101203460829533E-5    8.094707206409016E-4
0.009000000000000001      -1.9984321442870342E-4   8.276056695807324E-4
0.008898470938740936      -1.8496586561713005E-4   7.419451734431405E-4
0.008755442556428574      -1.7808333032705957E-4   6.668468643897645E-4
0.008833965707539597      -2.2815253988642985E-4   5.0E-4
0.009000000000000001      -2.604943638482892E-4    6.655025033262743E-4
0.009                     -3.1666666666666714E-4   4.999999999999999E-4
0.008755831865940806      -5.771098309153073E-5    6.152389639108818E-4
0.008543078060173119      1.38654447771959E-4      4.999999999999999E-4
0.008567986047023133      1.2984068210540214E-5    6.404413887917672E-4
0.008521184843718402      4.5000000000000015E-4    8.256763995110684E-4
0.008456447736591105      2.8985364424596725E-4    7.878381997555341E-4
0.008680585647506648      4.5000000000000015E-4    8.691112962508439E-4
0.0088                    4.5000000000000015E-4    0.001
0.008673016998829606      3.2101881235934446E-4    8.294819805198617E-4
0.008578069466514996      3.057547800141963E-4     7.076652869423969E-4
0.008466701219651224      4.500000000000001E-4     6.653305738847942E-4
0.008315000969283294      2.6891204559028947E-4    7.488846453878852E-4
0.008489520981847775      2.7951618184654493E-4    5.0E-4
0.008616257886775943      1.500820039001758E-4     6.249999999999999E-4
0.008400000000000001      4.5000000000000015E-4    5.000000000000001E-4
0.0087667444282925        4.7538827413156414E-5    8.420176915362194E-4
0.008858969908185532      1.5631491176236115E-4    9.999999999999998E-4
0.008769334354685951      2.549925740159471E-4     8.542952966952358E-4
0.008874469065596483      3.146833587051959E-4     9.999999999999998E-4
0.008882473810670536      9.275632159047439E-5     8.618071399312464E-4
0.009000000000000001      6.666666666666653E-5     0.001
0.008884667177342976      1.9635629031178434E-4    8.615457368048839E-4
0.009000000000000001      2.583333333333334E-4     0.001
0.009000000000000001      -1.7038640613786446E-5   8.301386064914374E-4
0.009000000000000001      1.377200066076216E-4     8.687961769145323E-4
0.008687955915704381      4.8083377787201906E-5    5.0E-4
0.00884003795313394       -3.812295372136554E-5    5.0E-4
0.008879940519588474      -5.939233633967862E-5    6.370452573699015E-4
0.009000000000000001      -7.1081257002544E-5      6.692724117918425E-4
0.00883884221915355       3.917575635976068E-5     6.992025636779442E-4
0.009000000000000001      -1.250000000000005E-4    5.000000000000001E-4
0.008893231977555056      3.2317814515589216E-4    8.840322901095697E-4
0.008901796777767137      4.500000000000001E-4     9.065188434142557E-4
0.009000000000000001      3.53680333133394E-4      9.097078887454325E-4
0.009000000000000001      4.500000000000001E-4     0.001
0.008774120486625833      1.5880044398826384E-4    6.249999999999999E-4
0.008830276244442617      4.5000000000000015E-4    8.219617821574789E-4
0.008770835203022402      3.6075916142733953E-4    7.650448611619567E-4
0.009000000000000001      2.7898569621447045E-4    8.245456948689294E-4
0.008693699040764767      2.726479984230546E-4     5.0E-4
0.008678397389745374      4.5000000000000015E-4    6.921323224893542E-4
0.008600000000000002      4.5000000000000004E-4    5.0E-4
0.008755697080801093      3.6075916142733953E-4    6.040639700832172E-4
0.009000000000000001      1.350498119581491E-4     6.861618232337947E-4
0.008844718856689382      2.3728186569516195E-4    7.085905933904719E-4
0.008858803259872901      1.560913279481353E-4     5.0E-4
0.009000000000000001      6.666666666666632E-5     5.0E-4
0.009000000000000001      4.5000000000000015E-4    8.333333333333334E-4
0.008885417601511202      3.369066663946354E-4     7.161130239714501E-4
0.008874585312388683      3.142385652050841E-4     5.0E-4
0.008863972298888202      4.500000000000002E-4     6.66381156231198E-4
0.009000000000000001      3.1305417136193127E-4    6.671811867809439E-4
0.008799999999999999      4.5000000000000015E-4    5.0E-4
0.009000000000000001      2.583333333333331E-4     5.0E-4
0.009000000000000003      4.5000000000000015E-4    6.666666666666666E-4
0.009000000000000001      4.5000000000000015E-4    5.0E-4
-0.0026962858173726133    -0.002723291580803753    7.500000000000001E-4
-0.0026875444711234367    -0.0026015515105518435   7.579923727460364E-4
-0.0026783406180473468    -0.00248134967175913     7.601222845871777E-4
-0.0025191663640518327    -0.0027017612506913353   7.592256786861478E-4
-0.0024230816327820287    -0.0027783495809374625   7.849547970809967E-4
-0.0025574674178577656    -0.002471703631355824    7.5E-4
-0.0027502847277875485    -0.002380009969208611    7.5E-4
-0.0027471329838968874    -0.0021868799846043057   7.5E-4
-0.002743981240006226     -0.0019937500000000003   7.500000000000001E-4
-0.002609079139326577     -0.0023542719319381653   7.5E-4
-0.0026164603029525655    -0.0020666547835067497   7.5E-4
-0.002786651033338522     -0.0018739583333333345   7.5E-4
-0.0026162160814809524    -0.0019463482250867087   7.5E-4
-0.002743981240006225     -0.0017062500000000016   7.5E-4
-0.002312330157511798     -0.0026796698016594627   7.785162014555288E-4
-0.0023646501079279828    -0.002563397293503037    7.500000000000001E-4
-0.002425224785030553     -0.0024175386473708122   7.500000000000001E-4
-0.002180372200035576     -0.002736127099535723    7.647050442045562E-4
-0.0020771178217547964    -0.002784677214567175    7.90368819445929E-4
-0.002494103550440215     -0.0022407086566648745   7.5E-4
-0.002502848140122365     -0.0020854844105719205   8.125000000000001E-4
-0.0025120684188630425    -0.002129872449021444    6.875E-4
-0.002508698390619722     -0.001911223741378013    7.5E-4
-0.002786651033338521     -0.0015461458635296372   7.915882256747611E-4
-0.002658641653341634     -0.0015984375000000013   7.1875E-4
-0.002743981240006225     -0.0014187500000000005   7.5E-4
-0.0026159718600093393    -0.0018260416666666677   7.500000000000001E-4
-0.0028079859300046695    -9.902577242263061E-4    7.081277771233645E-4
-0.002589303239176654     -0.0014576822916666675   8.125E-4
-0.002468439592924846     -0.0018139164182110158   7.5E-4
-0.002487962480012452     -0.0016583333333333348   7.5E-4
-0.0025733020666770428    -0.001490625000000001    6.875E-4
-0.0022532527111321916    -0.0024520391769099897   7.500000000000001E-4
-0.002170033939503007     -0.0025663758613186935   7.5E-4
-0.0023380467612946886    -0.002286457012805916    7.500000000000001E-4
-0.0023978514611654456    -0.0021565828611314025   7.578125E-4
-0.002077894985556804     -0.0026527407643350365   7.573525221022782E-4
-0.001930794999506746     -0.002710503993706448    7.600922048614824E-4
-0.002263038606873821     -0.002080209622514773    8.125000000000001E-4
-0.0024014249212301057    -0.001996405816089359    7.499999999999999E-4
-0.002743981240006226     -0.0012989583333333336   7.5E-4
-0.002743981240006227     -0.00113125              7.499999999999999E-4
-0.0025733020666770428    -0.0013588541666666673   7.1875E-4
-0.0027226463433400786    -9.110142787798199E-4    7.603138885616822E-4
-0.0025733020666770428    -0.0012270833333333335   7.499999999999999E-4
-0.0025946369633431912    -0.0010953125000000004   7.499999999999999E-4
-0.0024772950316793783    -0.0014726562500000009   7.499999999999999E-4
-0.0023395352821375236    -0.001669668534074508    8.125000000000001E-4
-0.0023209073258403535    -0.0018017911697553641   7.5E-4
-0.0021819899721491616    -0.0023322053689469576   7.500000000000001E-4
-0.0020528969308996102    -0.002462229902260165    7.499999999999999E-4
-0.001975417771078032     -0.0025693544291343503   7.5E-4
-0.0022776385464491804    -0.0019708274111333766   7.5E-4
-0.0022800211454521205    -0.0021182003300876003   6.875E-4
-0.0022022031298814158    -0.002214800622779784    7.5E-4
-0.0017853495174436822    -0.002742361416969415    7.5E-4
-0.0018411991132350825    -0.002591904274246716    6.875E-4
-0.0021446516245029563    -0.002115114073528108    7.8125E-4
-0.00219343593152223      -0.0017648974485821234   7.8125E-4
-0.0022381556424055362    -0.0016232629189234992   7.5E-4
-0.002153852171668255     -0.0019452490061773941   7.5E-4
-0.0021957637787818657    -0.0018487911623485656   6.875000000000001E-4
-0.0026159718600093397    -9.635416666666672E-4    7.499999999999999E-4
-0.002743981240006225     -7.479166666666675E-4    7.499999999999999E-4
-0.002746134478047945     -5.132365807201451E-4    7.499999999999999E-4
-0.0024026228933478598    -0.0013229166666666671   7.499999999999999E-4
-0.0024457420659952135    -0.001239037186631317    6.875E-4
-0.0026373067566754873    -8.317708333333339E-4    8.125E-4
-0.0024879624800124515    -0.0011312500000000007   7.499999999999999E-4
-0.002504278172848648     -9.239304725039252E-4    7.187499999999999E-4
-0.0021271033942641517    -0.0016211079014823474   8.125E-4
-0.002064932861841921     -0.0017036741362980263   7.499999999999999E-4
-0.002231943720018677     -0.0015145833333333341   7.499999999999999E-4
-0.002317283306683269     -0.0014187500000000005   7.499999999999999E-4
-0.0021367760026735484    -0.0015768573037724905   6.875E-4
-0.001995288793911275     -0.002303437934622291    7.5E-4
-0.001918030555522984     -0.0024732841774271217   7.499999999999999E-4
-0.002026264642132092     -0.002150018524541443    7.5E-4
-0.0016398167307094015    -0.0027856006619277453   7.500000000000001E-4
-0.0019174261289027397    -0.002212344512419534    7.5E-4
-0.001783164180146358     -0.002484338452594079    7.499999999999999E-4
-0.0016384276526232695    -0.002613709312125626    7.5E-4
-0.0017112063576236313    -0.0023784097623976226   7.499999999999999E-4
-0.001985508919659704     -0.002004799485147795    7.5E-4
-0.0018898951076005352    -0.001966270483932093    8.125000000000001E-4
-0.0019890755164124283    -0.0018522466644092356   8.125000000000001E-4
-0.002092419647597147     -0.0018505189133789007   7.5E-4
-0.0019016477371009228    -0.0017196363298634225   7.5E-4
-0.002218463897309301     -0.0013055558301498542   7.421875E-4
-0.002360851858645679     -0.0011791160399293001   7.499999999999999E-4
-0.0026476441671200446    -6.156787952334086E-4    7.291044842261403E-4
-0.0026321316042774486    -4.401011288647274E-4    7.499999999999999E-4
-0.0027482877160896653    -2.785564947736224E-4    7.499999999999999E-4
-0.0027616957196959615    -5.9900005048559145E-5   7.577887281780133E-4
-0.0024026228933478598    -0.0010354166666666676   7.5E-4
-0.002233741237278907     -0.0011790654131919331   7.499999999999999E-4
-0.0024875224294944325    -6.49009541031767E-4     7.499999999999999E-4
-0.002487962480012453     -7.958333333333343E-4    7.499999999999999E-4
-0.0020824439210845014    -0.0014727108727293006   7.5E-4
-0.001977551754572928     -0.0015852432317880797   7.499999999999999E-4
-0.0020612645466894937    -0.0013229166666666671   7.499999999999999E-4
-0.001808587615673388     -0.0022746705002976253   7.5E-4
-0.001825743719628917     -0.0018540294279387657   7.5E-4
-0.0018171656676511522    -0.0020643499641181955   7.5E-4
-0.0017341471706719036    -0.002155757764703472    8.22265625E-4
-0.0016461909599762       -0.002463453540371046    6.875E-4
-0.0013924653165798188    -0.0026569610590843917   7.91782957909744E-4
-0.0014936911251001818    -0.002743080171657174    7.500000000000001E-4
-0.001372008602316323     -0.002764250572456489    7.71065915819488E-4
-0.0016533027388198056    -0.002247127774286999    7.65625E-4
-0.001590910589214684     -0.0023993224760538072   7.499999999999999E-4
-0.0014204801175768372    -0.0024854415886265877   7.500000000000001E-4
-0.0019525272063843672    -0.0013038722679361973   6.875E-4
-0.0018901706473039355    -0.0014668123272781326   7.5E-4
-0.0017234923004914929    -0.0019170030509969255   7.500000000000001E-4
-0.0017724102337736474    -0.0017323687079141819   7.5E-4
-0.0018483142512456527    -0.0015979756098388387   7.5E-4
-0.0027751037233022585    1.5875648467650414E-4    7.655774563560267E-4
-0.0026374189691951325    -3.1003120235078587E-4   7.0833128487675E-4
-0.0026554354008667272    -1.4582280516848976E-4   7.538943640890066E-4
-0.002573439871526605     1.5338157127494265E-4    8.3700006494553E-4
-0.002084396960615872     -0.0011431279131919334   6.875E-4
-0.0022436895883399784    -0.0010280439649724992   7.499999999999999E-4
-0.00227712967604365      -8.622771133647293E-4    7.499999999999999E-4
-0.0024870823789764113    -5.021857487301996E-4    7.499999999999999E-4
-0.002518128730506952     -3.6696567700931E-4      7.499999999999999E-4
-0.002319359418857926     -5.956616543964953E-4    7.499999999999999E-4
-0.0025491750820374926    -2.3174560528842035E-4   7.499999999999999E-4
-0.002298244547450788     -7.289693838806123E-4    7.499999999999999E-4
-0.002364501666243731     -3.329157110342076E-4    7.499999999999999E-4
-0.0016954504279008138    -0.0021542406534133334   6.953125000000001E-4
-0.0014980178619662225    -0.0022195850482763725   7.8125E-4
-0.001583113693089129     -0.002060299266610496    7.5E-4
-0.0012992521968711796    -0.00257084194651161     7.500000000000001E-4
-0.0014481950200893555    -0.002302243449438875    6.884765625000001E-4
-0.0014770989241016704    -0.0020992817462301386   7.5390625E-4
-0.0012588676497427478    -0.0023890966529980275   7.8125E-4
-0.0017313562881838874    -0.0014572488914363331   7.623447714586232E-4
-0.001719076747918378     -0.001610707987889598    7.5E-4
-0.001608768641015739     -0.0018707283503699285   7.5E-4
-0.0016493689766362966    -0.001733869632402486    7.5E-4
-0.001100250571342544     -0.0026890760376272454   8.031792785420531E-4
-0.0025909791427591125    1.6723688531177186E-4    7.134278504282617E-4
-0.0024381139018968007    -8.37228307523716E-5     8.125E-4
-0.002462230297000079     -3.495243223821332E-5    6.875E-4
-0.0025502074466045165    4.1363345840702176E-5    7.499999999999999E-4
-0.002458569048232709     1.5920518656126027E-4    7.912114017130468E-4
-0.0021613155436831216    -8.189415983018777E-4    7.499999999999999E-4
-0.0020648595812099543    -0.0010352141597171991   7.499999999999999E-4
-0.002170994628626802     -9.487456365409643E-4    7.499999999999999E-4
-0.002341930542550829     -4.6428868271535147E-4   7.499999999999999E-4
-0.0021999597114732345    -5.74319525667045E-4     7.812499999999998E-4
-0.0024435525478434497    2.4568167292035126E-4    7.074228034260935E-4
-0.0023693774068196858    -2.2209196067566814E-4   6.875E-4
-0.001942689337153539     -9.81793739550827E-4     7.343749999999999E-4
-0.0021516364587394407    -6.89137560062791E-4     7.499999999999999E-4
-0.002080560004088543     -5.529773969375948E-4    8.125E-4
-0.002276830917183601     -2.947922389518318E-4    7.499999999999999E-4
-0.001581481772950265     -0.0016053603756506242   7.5E-4
-0.0018258679617118333    -0.0010507076017430218   7.499999999999999E-4
-0.0017664883743675574    -0.001174768601803052    7.499999999999999E-4
-0.001487453627745845     -0.001973863269705794    7.5E-4
-0.001419742103811102     -0.0021843533993685066   6.894531250000001E-4
-0.0011464577328408477    -0.0025069713667697827   8.125000000000001E-4
-0.001104813268642178     -0.0025708419465116108   7.500000000000001E-4
-0.0011048132686421787    -0.002399322476053806    7.500000000000001E-4
-0.0012992521968711796    -0.002227803005596001    7.5E-4
-0.0013220911288165554    -0.0020571290258403117   7.5E-4
-0.0015825796056053193    -0.0014482845630016416   7.595889136904762E-4
-0.001391793562402561     -0.0018874272728010917   7.5E-4
-0.0015263277194989449    -0.0017353705568907895   7.5E-4
-0.0014438867979821514    -0.0016000127634116508   7.5E-4
-0.0010160184490135837    -0.0027854209732558048   7.127171141682122E-4
-9.977113848831684E-4     -0.002694188949155135    7.360189178130796E-4
-0.0022960123384066543    -2.3933905492765088E-5   7.499999999999999E-4
-0.0023501037233022593    1.1577786235268546E-4    7.499999999999999E-4
-0.0020077089828150875    -8.189229382992924E-4    7.499999999999999E-4
-0.0021427141782157824    -4.2222729149057214E-4   7.499999999999999E-4
-0.002130926879856392     -9.591038141888315E-5    8.125E-4
-0.00224192095351105      -1.6364567333821564E-4   7.499999999999999E-4
-0.0018205190930971236    -9.283733193844548E-4    7.1875E-4
-0.0018542641620451256    -8.184815666775345E-4    6.71875E-4
-0.001882442123340226     -8.000241594657159E-4    8.125E-4
-0.0019505583844202205    -6.026317168813856E-4    7.499999999999999E-4
-0.0019617929242824643    -4.6185400428428813E-4   7.499999999999999E-4
-0.0020917881244957525    -2.6853063230208467E-4   7.187499999999999E-4
-0.0014614776484632836    -0.0014389711740806662   7.499999999999999E-4
-0.0015868763422137114    -0.0010662010437688444   7.499999999999999E-4
-0.0013232107154214031    -0.0015657678623458102   7.499999999999999E-4
-0.0012965068191517094    -0.0018839539340892455   7.5E-4
-9.556774980050048E-4     -0.002446800704169918    8.007812500000001E-4
-9.634068247838867E-4     -0.0023581128783383967   7.128906250000001E-4
-9.103743404131765E-4     -0.0025708419465116108   7.500000000000001E-4
-0.0010805084026135534    -0.002227803005596003    7.5E-4
-0.0012020327327566796    -0.0020562835351381984   7.5E-4
-0.0012054780867968799    -0.0019503145225913741   6.875E-4
-0.0011227456856871632    -0.0021214119355836033   8.125000000000001E-4
-0.0014093421775460307    -0.0013390967323820074   7.5E-4
-0.0013281557643998482    -0.001477017880120863    6.875E-4
-0.0012971640976316083    -0.0017094751170405303   7.5E-4
-0.0011566159748028805    -0.0017279100031444327   7.421875000000001E-4
-0.0011244646571175862    -0.001645309877504865    8.125000000000001E-4
-8.173671985416286E-4     -0.0027638911951126098   7.313585570841062E-4
-0.0022230061692033276    8.312923668595192E-5     7.499999999999999E-4
-0.0021500000000000013    1.9019237886466875E-4    7.499999999999999E-4
-0.0017965784906176416    -6.064960400904785E-4    6.718749999999998E-4
-0.0018462306107825623    -6.970610487632891E-4    7.499999999999999E-4
-0.0015660476089048075    -9.663507211127313E-4    7.656249999999999E-4
-0.0019479495724083959    -3.3135511281117314E-4   6.875E-4
-0.0020225488350256787    1.0301541365162505E-4    8.61945538125727E-4
-0.0020954310353878624    3.7679202875535784E-5    7.187499999999999E-4
-0.0018175996294463642    -3.810737686307778E-4    7.499999999999999E-4
-0.0018857189487917288    -2.460216635615754E-4    7.499999999999999E-4
-0.001741902837144904     -7.914903806451927E-4    7.499999999999999E-4
-0.0017494803101009994    -5.161258736999802E-4    7.499999999999999E-4
-0.0016928068975210573    -4.2226871932000325E-4   6.875E-4
-0.0014414375954181593    -9.687180467449142E-4    6.875E-4
-0.0013958495674682289    -0.0010485119899120911   7.8125E-4
-0.0013328859234139725    -0.001105421583323076    6.562499999999999E-4
-0.001202534632860655     -0.0015315229612799693   7.499999999999999E-4
-0.0012633471673683906    -0.0013803931010843706   7.499999999999999E-4
-0.0011048132686421793    -0.001884764064680396    7.499999999999999E-4
-9.103743404131778E-4     -0.0022278030055960024   7.5E-4
-8.429429629985294E-4     -0.0023343737642803402   6.875E-4
-7.644694429634728E-4     -0.0024851028061368945   7.500000000000001E-4
-7.307537542561492E-4     -0.0023668687150212595   7.187500000000001E-4
-0.0010075938045276786    -0.0020562835351381993   7.5E-4
-8.976111588225019E-4     -0.0019947153365923124   8.75E-4
-0.0010001365343618683    -0.0015973811340666074   8.125000000000001E-4
-0.0010578737578303763    -0.00155114942370431     6.875E-4
-9.582081076661876E-4     -0.0018419946762173898   7.5E-4
-6.513914822050709E-4     -0.0025178272951501463   7.812500000000002E-4
-6.187159480696727E-4     -0.002742361416969415    7.500000000000001E-4
-5.978896948463778E-4     -0.0025921738310742716   6.875000000000001E-4
-0.0019947643047148523    1.6720277475851472E-4    7.290321525029081E-4
-0.0014336338799058803    -8.444217579279764E-4    7.499999999999999E-4
-0.0019466424102046033    1.430936008469508E-5     7.499999999999999E-4
-0.0016928594743958658    -2.444209932945633E-4    7.499999999999999E-4
-0.001700000000000001     -6.961524227066247E-5    7.499999999999999E-4
-0.0015934236408960028    -6.469357340325502E-4    7.499999999999999E-4
-0.0015467195517752399    -3.668067675484276E-4    7.812499999999998E-4
-0.001342785819179469     -9.377274949285131E-4    7.499999999999999E-4
-0.0012519377584530578    -0.0010310332319290497   7.5E-4
-0.0012089424715644663    -0.0011341792670772177   7.499999999999999E-4
-0.001145833584279615     -0.0012951062418386677   7.499999999999999E-4
-0.001069120639465397     -0.001119498345165238    7.499999999999999E-4
-8.015607076098156E-4     -0.002110591159219636    7.65625E-4
-6.652011274618907E-4     -0.0021435506395474486   7.500000000000001E-4
-7.542870720408371E-4     -0.0022384102893412768   7.187500000000001E-4
-5.793425329589984E-4     -0.002293002477154744    7.343750000000001E-4
-6.185645455137683E-4     -0.0023993636657621787   7.500000000000001E-4
-8.514661566200099E-4     -0.0019286979635057691   7.8125E-4
-9.872431733618649E-4     -0.0013076018052785093   7.1875E-4
-9.072211909065536E-4     -0.001713753601534953    7.5E-4
-9.493286669420531E-4     -0.0014393711547781031   7.5E-4
-8.652024144148715E-4     -0.0015136857485714705   7.5E-4
-5.200089936862612E-4     -0.0024852642899002393   7.500000000000001E-4
-4.918200484817766E-4     -0.002367785221514848    7.65625E-4
-4.6606133839032036E-4    -0.002705497396604088    7.77436741913103E-4
-4.222084103872595E-4     -0.0025788590097938395   7.502766037926008E-4
-3.8168953122006907E-4    -0.00278558245701915     7.111234838262057E-4
-2.5994288080038856E-4    -0.0027674774679433216   7.305617419131029E-4
-0.0015964297371979337    -1.570181177826134E-4    7.499999999999999E-4
-0.0018939269042431476    1.2323202006352127E-4    7.290437744196502E-4
-0.0017986910761787136    3.2890532175853534E-5    8.07258038125727E-4
-0.0013048013795662057    -8.272768080815823E-4    7.499999999999999E-4
-0.001442953084979758     -6.627699484574566E-4    7.499999999999999E-4
-0.0013104566619368157    -6.562564728275479E-4    7.499999999999999E-4
-0.0015999999999999999    1.6987298107780938E-5    7.499999999999999E-4
-0.0015000000000000029    -2.4282032302755128E-4   7.499999999999999E-4
-0.001500000000000001     -6.961524227066347E-5    7.499999999999999E-4
-0.0011759688792265304    -8.101318582351881E-4    7.499999999999999E-4
-0.0014449444446471016    -5.023810874199077E-4    7.499999999999999E-4
-0.0013862361111617763    -3.077105141256401E-4    7.499999999999999E-4
3.6130611569197476E-4     -0.0028916031724628283   8.497767695310678E-4
3.339734187124648E-4      -0.002889583820146605    9.007032029261402E-4
-0.0011879844396132661    -6.996811713882571E-4    7.499999999999999E-4
-0.0010901488288260625    -0.0010117491838233465   7.03125E-4
-0.0010481609877580303    -8.93262543400119E-4     8.125E-4
-8.863035204777357E-4     -0.0012079634584014265   7.499999999999999E-4
-7.118377094100123E-4     -0.0018877376133327184   7.5E-4
-6.265920140347892E-4     -0.0020146442962885726   7.5E-4
-4.459483869627495E-4     -0.0021797869838693935   7.8125E-4
-5.219689064155134E-4     -0.0021382677997704553   6.875E-4
-7.469380766337205E-4     -0.001754554087207483    7.070312500000001E-4
-7.09629113170928E-4      -0.00154274313838951     7.5E-4
-6.252158781610305E-4     -0.0014327673425566503   7.5E-4
-5.799547096129154E-4     -0.0018064426288721598   7.187500000000001E-4
-3.640002307226849E-4     -0.0023202307636522638   7.500000000000001E-4
4.094996011875792E-4      -0.0028944975977419976   7.947315291486065E-4
-1.3819623038070807E-4    -0.0027493724788674933   7.500000000000001E-4
-2.869646044983408E-4     -0.0026819744877833803   7.914011370389604E-4
-2.6933602391087936E-4    -0.002665179203484797    6.79015896038999E-4
4.3224184761898117E-4     -0.002877842983672202    7.227852695257506E-4
4.7281328789768083E-4     -0.0028485321268819546   6.981664723227553E-4
-0.0016103028495704223    1.3573104887525523E-4    8.020218872098251E-4
-0.0012273587482263054    -5.30469019157042E-4     7.499999999999999E-4
-0.001499999999999999     1.0358983848622434E-4    7.499999999999999E-4
-0.0013715590277904438    -1.5078969532901807E-4   7.187499999999999E-4
-0.0013999999999999993    1.6987298107780606E-5    7.499999999999999E-4
-0.0014522372583120778    8.193920339161317E-5     6.51011449081725E-4
-0.0012999999999999995    -6.961524227066314E-5    7.499999999999999E-4
-0.001043716055940639     -7.641986067802657E-4    7.343749999999999E-4
-0.0012724722223235502    -3.726007052237289E-4    7.499999999999999E-4
-0.001210779513895222     -1.9680500917828434E-4   7.656249999999999E-4
3.4825285926784016E-4     -0.002882166799871264    6.826362914884258E-4
3.489465592109349E-4      -0.002856117320543134    7.796218626683577E-4
3.490796066205268E-4      -0.0028369181630242225   8.599642236111493E-4
4.107214309479644E-4      -0.002797906279192275    8.357849298906414E-4
-2.5588578048781145E-4    -0.002441540712049773    6.960714912576071E-4
-1.7603411342620448E-4    -0.0024963304151294904   8.026775943056745E-4
3.610067951163422E-4      -0.0027765231293173237   8.794221385556804E-4
4.254748229412813E-4      -0.002765726474228579    8.837345504363636E-4
-0.0011000000000000029    -5.892304845413263E-4    7.499999999999999E-4
-9.459281614608944E-4     -8.53381579099739E-4     7.499999999999999E-4
-8.398419395642877E-4     -9.285990987895822E-4    7.8125E-4
-7.07648412893876E-4      -0.0012511359349534914   8.125E-4
-6.934035844294829E-4     -0.001102444809876201    7.499999999999999E-4
-5.212688062051154E-4     -0.0019655662079470703   7.500000000000001E-4
-4.8593563970019755E-4    -0.0018171726288836332   7.968750000000002E-4
-2.6931836074312694E-4    -0.002171935671125846    7.265625E-4
-1.7871933241872022E-4    -0.0021710697960278112   8.125000000000001E-4
-3.306999030002187E-4     -0.0020433948025614223   7.500000000000001E-4
-5.408026431511331E-4     -0.0013227915467237902   7.499999999999999E-4
-6.386406130207148E-4     -0.001647319049797249    6.875E-4
-5.037075906510956E-4     -0.0016354999050377076   8.125000000000001E-4
-4.2664167667873785E-4    -0.0017125436854442983   7.5E-4
-4.837221599149358E-4     -0.0015176676160840441   7.5E-4
-2.237659386012672E-4     -0.0022999036359945798   7.500000000000001E-4
4.2487246314259694E-4     -0.0028153099139359376   7.715978857770151E-4
4.5897640656291044E-4     -0.002765720694986296    7.820731338230149E-4
3.754444485510145E-4      -0.00279253204165923     8.023151138819271E-4
4.3393344071315153E-4     -0.002746315261943472    8.311016475062085E-4
2.2681721226953404E-4     -0.002798515609876703    7.381291360663251E-4
5.047513660716319E-5      -0.0027546419077031916   7.476060987930009E-4
-7.412071374983055E-5     -0.002636212970471959    7.812500000000002E-4
4.1033745724802377E-4     -0.002819549390116733    6.766206584482202E-4
4.5881081719771773E-4     -0.0027966648848449316   7.018906839015313E-4
4.312445735495166E-4      -0.0028650757948041764   6.330788788773638E-4
4.8184538824701847E-4     -0.0028163405563910874   6.013695832459637E-4
-0.001277237258312077     8.193920339161365E-5     7.76011449081725E-4
-0.001100000000000001     -4.160254037844381E-4    7.499999999999999E-4
-9.93750000000001E-4      -5.134532617101879E-4    7.499999999999999E-4
-0.001099999999999999     -6.96152422706628E-5     7.499999999999999E-4
-9.114632326547473E-4     -7.182653553253431E-4    7.187499999999999E-4
-0.001099999999999999     -2.428203230275501E-4    7.499999999999999E-4
3.399667639115455E-4      -0.0027670427575396455   7.08463850326672E-4
3.166091357110555E-4      -0.002773050491281333    8.280530059535209E-4
3.616620910975857E-4      -0.002722906024305255    7.978631326201813E-4
-1.094121389373819E-4     -0.002410221540419964    7.5E-4
2.1706146666709763E-4     -0.0026511478318061252   8.110161420082908E-4
3.534112084042865E-4      -0.0026325771486490866   8.858528896612634E-4
-9.874999999999999E-4     -3.510734985006055E-4    7.499999999999999E-4
-7.581838325799651E-4     -9.5517669103759E-4      6.875E-4
-8.229640807304467E-4     -8.079085721989775E-4    7.499999999999999E-4
-8.75000000000001E-4      -4.5932667397366065E-4   7.499999999999999E-4
-7.228553442138223E-4     -7.628527394372582E-4    8.125E-4
-5.193572284059996E-4     -0.001168203521049817    8.125E-4
-4.1444114205177647E-4    -0.0013451820164819223   7.890624999999999E-4
-5.748292219146075E-4     -0.0010769685013449941   7.34375E-4
-5.613007627890588E-4     -0.0012255781952611735   6.562499999999999E-4
-3.5544552416340255E-5    -0.002257719868050936    7.8125E-4
-4.344889697125654E-4     -0.0012406523462265844   7.03125E-4
-3.727666418037244E-4     -0.001602869484372538    7.187500000000001E-4
-3.588110187316463E-4     -0.001871220894167393    7.5E-4
-3.1215659775729647E-4    -0.0017040387128859661   8.125000000000001E-4
-1.1692985642929667E-4    -0.0020619996941611527   7.500000000000001E-4
-1.3802570740796584E-4    -0.0019174462202179866   7.5E-4
-3.132843917823918E-4     -0.0013744608902463865   7.1875E-4
-3.2851003545495154E-4    -0.0017875573339238625   6.25E-4
5.072841771474116E-4      -0.0027737803795731307   7.271607093548423E-4
4.850669139298623E-4      -0.002676723804887504    8.481048436357896E-4
4.8486516895975457E-4     -0.0027193622671647555   7.872028091300505E-4
4.3913059569725073E-4     -0.002740547604751667    7.236939812237816E-4
4.3538234996953827E-4     -0.0026528514944364062   7.993469906118908E-4
4.217892579404227E-4      -0.0026326101029038053   8.873367476529727E-4
4.92438574222482E-4       -0.002625168190468494    9.056568333806121E-4
5.156275671062684E-4      -0.002636530313590977    8.609309474474533E-4
2.526595658651259E-4      -0.0026827797028263415   6.800807100414533E-4
1.4992934683627526E-4     -0.0025970312197534074   7.500000000000001E-4
4.889939610919452E-4      -0.002776881100872275    6.393205752291273E-4
4.929369721658123E-4      -0.0027146170058460197   6.846281264023361E-4
4.6407307850369667E-4     -0.0026870942994943925   6.048964888294155E-4
-0.0010999999999999996    1.0358983848622468E-4    7.499999999999999E-4
-0.0012180931457801928    1.7936706131736266E-4    8.150286227043127E-4
-9.89737258312076E-4      1.0358983848622452E-4    8.69761449081725E-4
-9.249999999999988E-4     -1.1291651245988484E-4   7.499999999999999E-4
-7.602466076971987E-4     -6.528450013917067E-4    7.499999999999999E-4
-8.74999999999999E-4      -2.8612159321677265E-4   7.499999999999999E-4
3.146039864630174E-4      -0.0026412596978760377   7.440645680331626E-4
4.089090464327116E-4      -0.002603620246346326    7.189968480862308E-4
3.731190453524214E-4      -0.0026032075409985916   8.095322840165813E-4
1.0763022758604003E-4     -0.00234436994007406     7.5E-4
4.316341042418254E-4      -0.0025651553841211454   8.75E-4
-7.874999999999994E-4     -3.510734985006062E-4    7.499999999999999E-4
-6.454932153943964E-4     -8.463633288097528E-4    7.499999999999999E-4
-5.613733038485994E-4     -6.96814965797656E-4     7.499999999999999E-4
-4.0483719653293854E-4    -0.0010969398984304      7.5E-4
-3.995605563970502E-4     -9.298385719785538E-4    8.75E-4
-5.302472083213491E-4     -9.403295424174955E-4    7.499999999999999E-4
-3.076771766360727E-4     -0.0012557264971919955   7.5E-4
9.684019014162539E-5      -0.002080604585760883    7.5E-4
1.5769386398277032E-4     -0.0022013237904682736   7.5E-4
3.1281205721476754E-5     -0.0019429470054306297   7.34375E-4
4.9612218508084516E-5     -0.0019994651634888884   6.25E-4
-2.0914034483473135E-4    -0.001602942778173132    7.5E-4
-2.0776353293025588E-4    -0.001791372460392674    7.5E-4
-2.6406667489393027E-5    -0.001861375332415268    7.500000000000001E-4
-2.1051715673920684E-4    -0.0014145130959535904   7.499999999999999E-4
-6.196398620277544E-5     -0.0017041236113928407   7.5E-4
5.357968972063577E-4      -0.0026924092723860393   7.433039707538923E-4
4.960473272272889E-4      -0.0026438035199161224   8.131198755488075E-4
5.976435560235024E-4      -0.0027188109834368267   6.991865754036529E-4
6.471236523506105E-4      -0.0026782993256899952   7.161209199030784E-4
4.7782619753354257E-4     -0.002646153326643349    6.822795598335608E-4
5.436968546155379E-4      -0.002643695517191572    7.012425479463255E-4
6.773387141977597E-4      -0.0026467132099763676   7.548421133381223E-4
4.8614223241926353E-4     -0.0025819300057819583   8.159614121558802E-4
5.567123044850396E-4      -0.002634755545395838    8.268927604857243E-4
5.401643626125968E-4      -0.0025908848484826794   8.713460793792237E-4
5.543038620534553E-4      -0.0025326881908692227   8.732589655319373E-4
2.1673278506010755E-4     -0.002491352168227723    6.875000000000001E-4
6.207302656403147E-4      -0.0026654076886348157   6.578890967272809E-4
5.467433486343739E-4      -0.0026886864069403734   6.455622715808907E-4
6.947171826462554E-4      -0.002642128970329258    6.702159218736709E-4
6.731654490241409E-4      -0.002654858306225178    6.214985288320582E-4
7.55733956828649E-4       -0.0026520315462048544   6.887346336511725E-4
7.263925840375836E-4      -0.0026402740965394385   7.348129643116545E-4
-8.687499999999988E-4     6.161980560475179E-6     7.187499999999999E-4
-9.715062999043706E-4     1.685417437700574E-4     7.29034659418669E-4
-8.170031499521839E-4     1.0358983848622434E-4    7.707673297093346E-4
7.695449919968375E-4      -0.002685955510323714    5.665938434316081E-4
-7.656249999999986E-4     -1.5080512387545466E-4   7.187499999999999E-4
-6.254995759621497E-4     -5.552341936518162E-4    7.96875E-4
-6.499999999999991E-4     -3.2942286340599503E-4   7.499999999999999E-4
4.7152056062660136E-4     -0.002541354206659072    7.534614121558803E-4
4.0239076065650076E-4     -0.0024840037858753724   7.500000000000001E-4
4.951321121971592E-4      -0.0025104885221378143   8.507969400274549E-4
3.2467259410946196E-4     -0.002278518339728157    7.5E-4
-5.000000000000003E-4     -5.892304845413288E-4    7.499999999999999E-4
-4.2274660769719714E-4    -8.043994470539847E-4    7.499999999999999E-4
-3.4887330384859676E-4    -6.968149657976566E-4    7.1875E-4
-2.6260810294719765E-4    -0.001107925465035916    7.578125E-4
-3.0241859826646826E-4    -9.296877318643083E-4    7.5E-4
-9.954103769459223E-5     -0.0014700432559070888   7.499999999999999E-4
-9.837971130675573E-5     -0.0015755139230285366   8.125000000000001E-4
-4.976555108112769E-5     -0.0013723749378505548   7.5E-4
-1.3264708166965168E-4    -0.001214608453240318    7.499999999999999E-4
1.8176955827838918E-4     -0.0019252570878098782   6.875000000000001E-4
2.537232797134803E-4      -0.002065991625808092    7.5E-4
8.521237242917979E-5      -0.0018053044446125492   7.500000000000001E-4
5.0642479621245694E-5     -0.0016610156059432208   8.125000000000001E-4
-9.060678893321628E-6     -0.001275386996982564    6.875E-4
1.1435081350023026E-5     -0.001525573415860587    7.5E-4
5.337449147054075E-5      -0.0014304905095405942   7.187500000000001E-4
8.660143772964414E-5      -0.0016562517286189563   6.562500000000001E-4
5.406503605967016E-4      -0.0025987046274427703   7.569228243117602E-4
6.176837716214784E-4      -0.0026204167988860146   7.135693730927155E-4
5.473726327831197E-4      -0.002574633356476272    6.601873105402038E-4
6.878092887275062E-4      -0.0026066711395470277   7.830204724518573E-4
6.791310168902721E-4      -0.00253406254907551     9.146391095200408E-4
7.311325025140477E-4      -0.002537865439508417    8.868831450984916E-4
6.943187728456722E-4      -0.0025858552228372046   7.120115544741302E-4
7.552005178559236E-4      -0.002608510840893595    7.773218143560468E-4
7.875918069144466E-4      -0.0026259927851731923   7.355707161610506E-4
7.193686353360551E-4      -0.0025699256036452673   8.065270156252128E-4
6.009390127942E-4         -0.0025827087767791826   7.92370537230765E-4
6.784073108526306E-4      -0.00255066910877395     8.46425465659052E-4
5.530369067424353E-4      -0.0025442920916801835   8.175121248948318E-4
6.026856856149277E-4      -0.0025491500017433837   8.526628037691508E-4
5.542732563974762E-4      -0.0024565659666151555   8.373383205795986E-4
5.891236915932318E-4      -0.0024681341273966417   7.58771961337742E-4
8.408519358969262E-4      -0.002683526612900736    5.99050848740091E-4
7.52772705594883E-4       -0.002620533493620108    6.430952868230723E-4
8.502450305220913E-4      -0.002668425854183292    6.510560095936184E-4
8.1998309597297E-4        -0.0026434747294527897   6.938196179660543E-4
6.305485529573329E-4      -0.0025706024492365173   6.269035935372948E-4
7.256006324079674E-4      -0.0026443089238155403   5.851079609368355E-4
7.129695924694753E-4      -0.0025321366510597325   6.53165021039208E-4
7.79944778781799E-4       -0.002596758063424675    7.010826127093092E-4
8.548908623262249E-4      -0.0026231604630353083   7.44982932941418E-4
8.194496570002446E-4      -0.0025999540241415297   7.824067986709286E-4
7.881977319833515E-4      -0.0025551548438713014   8.638020339077308E-4
7.817474751116899E-4      -0.0025357988549436013   9.052756665154507E-4
8.564588256882417E-4      -0.0025636847838239204   8.671938886048803E-4
-7.499999999999988E-4     1.6987298107780437E-5    7.499999999999999E-4
-8.43012599808741E-4      2.3349364905389012E-4    7.080693188373382E-4
-7.590062999043694E-4     1.4689110867544604E-4    6.665346594186691E-4
9.943081154721155E-4      -0.0027076712339515717   6.857996092962495E-4
0.0010503845493922519     -0.0027302905263795287   6.981916878745673E-4
-6.312499999999982E-4     -1.0209119491258042E-4   6.875E-4
-3.9062499999999785E-4    -5.405165555784535E-4    7.499999999999999E-4
-5.757812499999987E-4     -2.089912056922215E-4    7.578124999999998E-4
-1.785978024332824E-4     -9.721957711956768E-4    7.5E-4
-4.624999999999991E-4     -3.9437476868982893E-4   7.499999999999999E-4
-4.249999999999979E-4     -1.9951905283832925E-4   7.499999999999999E-4
4.8232175424548857E-4     -0.002352725082388954    7.500000000000001E-4
4.3085970000568494E-4     -0.0022014623909751853   7.500000000000001E-4
3.749213817474633E-4      -0.0021301209195804484   8.125000000000001E-4
8.116611329994696E-4      -0.0025149028181553615   8.654772881114656E-4
5.88122497872836E-4       -0.002330423267632293    8.289903530389701E-4
2.726209478621519E-4      -0.001821433374745299    7.5E-4
-1.99999999999998E-4      -7.624355652982165E-4    7.5E-4
-5.4777006600096555E-5    -0.0010147038105270453   7.5E-4
-1.3184712582500914E-4    -9.022222714248737E-4    6.5625E-4
8.524021617529632E-4      -0.0025286721146877476   9.088365932097673E-4
2.945966766514419E-5      -0.001090789938933523    7.8125E-4
3.7336527377346924E-4     -0.0019526225784165202   7.499999999999999E-4
3.949360569316576E-4      -0.0018073899055679938   7.499999999999999E-4
1.5385843606665332E-4     -0.0012091957341661833   7.5E-4
1.9850334416140962E-4     -0.0016410466217364565   7.500000000000001E-4
2.3282637598014637E-4     -0.0013429922665132736   7.5E-4
3.7767668296883954E-4     -0.0016882366926194846   7.5E-4
8.723555630663672E-4      -0.0026156155381260385   6.725741619632505E-4
9.218780915434709E-4      -0.002643604694903592    6.728872594497833E-4
9.083927223664978E-4      -0.002651415926769773    6.156675054777119E-4
9.725249358529707E-4      -0.0026981486074294345   5.960040539550803E-4
6.239698042332637E-4      -0.002492084474870847    6.72063216597544E-4
6.939203630450894E-4      -0.0025295814753451508   7.538071870745893E-4
7.183827299725295E-4      -0.0024788831478263045   8.828569729521032E-4
7.680169033485284E-4      -0.0024958210658088047   8.198692677022168E-4
7.739808410651635E-4      -0.0025462895646167394   7.60475940205763E-4
6.447957034389385E-4      -0.0024841492296931006   8.202956679763069E-4
6.293743308606839E-4      -0.002364469980448629    7.5E-4
5.370468059019078E-4      -0.0021244064422222147   7.500000000000001E-4
8.108282285435111E-4      -0.0025989380169109573   6.159746517724739E-4
8.380003017304271E-4      -0.002575162586715525    6.739619776587107E-4
7.953906319816181E-4      -0.0024936708528829478   6.794264485411212E-4
9.380613398557352E-4      -0.002631760673478019    7.287757224870558E-4
8.963039621394099E-4      -0.0026144239882560124   7.825736464662083E-4
9.817702506436726E-4      -0.0026396531672056153   7.998801304470632E-4
9.944020985860336E-4      -0.0026652252117572365   7.037116540547143E-4
8.651723749173427E-4      -0.0025513871565200925   7.319493035449476E-4
9.86308169891289E-4       -0.002564723354278294    8.686366310516672E-4
8.929682491758918E-4      -0.002526017409464949    8.483621434402512E-4
8.341981689036993E-4      -0.002537851470701006    7.999005149975136E-4
8.278208157063068E-4      -0.0024424237291104526   7.849346338511085E-4
8.976098514107993E-4      -0.0025696883284759852   8.040879859421575E-4
-5.781249999999986E-4     2.2399956881432983E-5    7.812499999999998E-4
-5.015624999999982E-4     -8.855954797844813E-5    7.656249999999999E-4
-3.3124999999999854E-4    -4.052000862371348E-4    7.499999999999999E-4
-6.465062999043697E-4     2.1184301395927893E-4    7.29034659418669E-4
0.0010427805678002373     -0.0027358357053861673   6.367994745195944E-4
0.001078680661552023      -0.002781771329108847    5.945123796211576E-4
0.0010796908140440573     -0.002765304234216445    6.508145223292426E-4
0.0011364482193808765     -0.0028168565516093506   7.200206614133829E-4
0.001169640074566815      -0.0028511101666432613   7.79579762253155E-4
0.001167830181966994      -0.0027704226219641757   7.529045244101403E-4
0.001151986411103944      -0.00275426124939025     8.234532648689407E-4
0.0010308239344241242     -0.0026111205080121746   8.368692888533683E-4
0.0010193984097328658     -0.0026403055211125714   7.694493922944312E-4
0.0011120912004417656     -0.0026988410986306206   8.097377547842555E-4
0.001090951248302812      -0.0026571667938627146   8.491224989919828E-4
0.0011064609833123882     -0.0027529098188074862   7.105837664528853E-4
0.0010828055030876044     -0.002691478370327945    7.329899964218065E-4
0.0011332311525807186     -0.0027405154033985266   7.703530105765281E-4
0.001001721362501521      -0.0026405899367540416   6.493312572934372E-4
0.0010829344759364032     -0.0026445669789079656   6.725375257697942E-4
-4.4999999999999847E-4    1.9019237886466774E-4    7.499999999999999E-4
-4.3124999999999755E-4    7.111388584430773E-5     6.875E-4
-3.124999999999969E-4     -1.3456714755449636E-4   7.499999999999999E-4
6.219674167924718E-4      -0.002216662755342149    8.125000000000001E-4
5.172511660011634E-4      -0.0017933464363906883   7.499999999999999E-4
-4.092356291250333E-5     -7.890276481723225E-4    7.03125E-4
-1.9999999999999733E-4    -4.1602540378444077E-4   7.499999999999999E-4
6.250000000000346E-5      -8.70688740771268E-4     6.875E-4
0.0010422494591153825     -0.002581935494911778    9.042891854123055E-4
9.534598126172175E-4      -0.0025120621330470077   8.933578370824612E-4
1.6951002086504412E-4     -0.001032161476809976    8.125E-4
1.8166650392591492E-4     -9.030630838726495E-4    7.1875E-4
2.267353134961037E-4      -0.001282653104506797    6.25E-4
2.6640854503013614E-4     -0.0010891507253288784   7.5E-4
6.02641744071717E-4       -0.0018662523073407062   7.499999999999999E-4
3.166915010004953E-4      -0.001220609638804371    7.5E-4
4.961325591301934E-4      -0.0016703725991153652   7.187500000000001E-4
3.1179431589363943E-4     -0.0014767887988603636   7.5E-4
4.412027701951101E-4      -0.0015499292449204145   7.8125E-4
3.686533591866766E-4      -0.001366879102622593    7.5E-4
4.1567362066255583E-4     -0.0015770588322811228   6.25E-4
7.584995294623847E-4      -0.0023767481864303648   7.5E-4
6.858832946628023E-4      -0.0022640479699770873   7.5E-4
8.876247280640853E-4      -0.0023890263924121      7.5E-4
6.725170012683189E-4      -0.002014939133423126    7.5E-4
7.423922584649206E-4      -0.0021636259595055464   7.5E-4
9.843182028354423E-4      -0.002571388430556543    7.404260454431091E-4
0.0010457424207943604     -0.0025470868228830534   8.246309880602642E-4
0.0010780266204786918     -0.0025907967864055173   7.081818431001537E-4
9.559629840054003E-4      -0.002487147428728092    7.989425243485277E-4
-1.9999999999999665E-4    -2.4282032302755228E-4   7.499999999999999E-4
-3.089470837382942E-4     1.901923788646679E-4     7.290462780323114E-4
0.0010971508255332644     -0.0025952751073116355   8.690180824774597E-4
0.0012132259389540944     -0.002882816446258478    8.294652896602724E-4
0.0012292339337448195     -0.002892240166553712    8.836776570856028E-4
0.0011755732131344758     -0.0027222879393380187   8.54420095255116E-4
0.0011456582632068603     -0.0026597356471799306   8.855769021848372E-4
0.0011836568020738329     -0.0027895524364691085   8.077160247312497E-4
0.0012063468733967747     -0.0027786526658672888   8.547070271701717E-4
0.0012033803041129442     -0.00284306377951991     8.172868606691912E-4
0.0012371205336590735     -0.002835017392396559    8.549939590852275E-4
0.0011237797630631707     -0.0028588615401909314   6.479825773012275E-4
0.0011390571730612513     -0.002929430770095466    6.053893868604854E-4
0.001110384130819991      -0.002887659505805112    5.909049303433154E-4
0.0011305779074313577     -0.00291324008181127     6.531982898179018E-4
0.001224513448209052      -0.0028935413378702152   7.678901583722437E-4
0.0011741466056361112     -0.002876201439030573    7.079363678367357E-4
0.0011881842508136987     -0.002672948050206767    7.895592526957166E-4
0.0011520035618601543     -0.0027512928074592434   6.980930240890309E-4
0.0011913529399509696     -0.0027992604214445954   6.466804409422552E-4
0.0012228044304610365     -0.002821075878945573    7.462444275476441E-4
0.0012243163096762515     -0.0027372813807020413   7.453715258488192E-4
0.0010893208092796738     -0.0026213800925257093   7.86968354839701E-4
0.0011520521919511461     -0.002608614719711493    8.337469795426137E-4
9.714122806790182E-4      -0.002399365693354742    7.128068001417716E-4
0.001171580201565412      -0.0026285602314651143   6.983402204711277E-4
-1.9999999999999665E-4    -6.961524227066363E-5    7.499999999999999E-4
-7.499999999999708E-5     -3.727241335952182E-4    7.499999999999999E-4
6.192253301749717E-4      -0.0017101029942988906   7.34375E-4
5.000000000000283E-5      -6.758330249197715E-4    7.499999999999999E-4
2.3362274022603117E-4     -7.752669062522062E-4    8.046874999999998E-4
1.8125000000000373E-4     -7.299596126562972E-4    7.187499999999999E-4
0.0011236447763845088     -0.0025352902577246      8.424505121678571E-4
3.0083300785182636E-4     -9.354374269740309E-4    7.499999999999999E-4
4.0055662602084426E-4     -0.0010982270110954687   7.499999999999999E-4
7.290259650704372E-4      -0.001914517122951585    7.5E-4
7.423181012197501E-4      -0.001749833389482416    7.499999999999999E-4
7.043775874190906E-4      -0.001618211975913949    7.499999999999999E-4
5.044803423932072E-4      -0.0013907659387319125   7.5E-4
5.002802441898618E-4      -0.0012610165952169068   7.499999999999999E-4
6.664370736184315E-4      -0.0014865905623454826   7.499999999999999E-4
9.001710936580082E-4      -0.0022582170633581146   7.8125E-4
8.554101860691573E-4      -0.0019627819385624637   7.5E-4
8.2820577848085E-4        -0.0021016898571680704   6.875000000000001E-4
9.127174592519314E-4      -0.002127407734304129    8.125000000000001E-4
0.0011092289144649875     -0.0025028189985555555   7.338216493946782E-4
0.001058733780653243      -0.0023565599672305784   7.757386626138873E-4
-8.906249999999629E-5     -2.2928867609341917E-4   7.421874999999999E-4
-6.249999999999646E-5     -9.126587736527432E-5    7.499999999999999E-4
-1.7254927093457065E-4    5.216958013652324E-5     7.291365695080778E-4
-1.6789416747658994E-4    1.901923788646681E-4     7.080925560646229E-4
0.0012882295509208876     -0.002870477806898019    8.2925382023429E-4
0.001278757397500899      -0.0027435893913792236   8.285939161330748E-4
0.0012572796794015331     -0.0026753023399594877   8.44062610755383E-4
0.001300235115600265      -0.0028118764427989594   8.131252215107663E-4
0.0013393385681827014     -0.0029059382213994797   8.035136813833525E-4
0.00126195205884824       -0.0028525993214220374   6.847728303640384E-4
0.0012573651990263534     -0.002658143727939662    7.789357629244097E-4
0.0013170341364604492     -0.002751776239986889    7.190626107553831E-4
0.001225978743021901      -0.002518951283456499    7.683350551177821E-4
5.000000000000316E-5      -3.294228634059957E-4    7.499999999999999E-4
6.250000000000312E-5      -4.376760388790501E-4    8.125E-4
4.1651543072687545E-4     -9.526229097738245E-4    8.125E-4
1.750000000000034E-4      -2.8612159321677314E-4   7.499999999999999E-4
1.3750000000000285E-4     -5.242785792574932E-4    7.499999999999999E-4
3.0000000000000366E-4     -5.892304845413264E-4    7.499999999999999E-4
3.4224548045206076E-4     -7.447969770169762E-4    7.343749999999999E-4
5.032409609041178E-4      -7.596343413776551E-4    7.499999999999999E-4
6.453810755764928E-4      -0.001262951938969419    7.8125E-4
5.27136891912878E-4       -0.00105411041117641     7.499999999999999E-4
5.569329730778484E-4      -9.022424969542582E-4    7.499999999999999E-4
9.399788628067405E-4      -0.001874138073385227    7.5E-4
8.369321499675221E-4      -0.0015055003247446035   7.499999999999999E-4
8.819944583677832E-4      -0.001633414471624126    7.5E-4
7.91869841567261E-4       -0.0013775861778650808   7.499999999999999E-4
0.0010823342101508376     -0.002226205141127838    7.5E-4
9.834397170352083E-4      -0.002019382709623396    7.499999999999999E-4
0.0012023980266042795     -0.002358856192431571    7.606467782703626E-4
-4.6304001910390644E-5    1.0358983848622484E-4    7.60324343884774E-4
7.500000000000341E-5      -1.1291651245988517E-4   7.499999999999999E-4
1.434799904480655E-5      -4.663336986830247E-6    7.551621719423868E-4
1.4783992358425426E-5     2.767949192431125E-4     7.91297375539096E-4
0.001387194676044511      -0.0027074043573404203   7.970313053776916E-4
0.0013665039335501105     -0.0026192839132345505   7.5E-4
0.0014462879606227962     -0.0028096419566172753   7.293877463618438E-4
0.0013556542242191755     -0.0024460221539442254   7.5E-4
2.500000000000035E-4      -8.04405598179684E-5     7.499999999999999E-4
3.0000000000000366E-4     -2.4282032302755063E-4   7.499999999999999E-4
2.6250000000000345E-4     -3.727241335952164E-4    7.187499999999999E-4
3.375000000000042E-4      -3.9437476868982725E-4   8.125E-4
3.6562500000000326E-4     -2.0493171161198147E-4   6.718749999999998E-4
5.016204804520611E-4      -5.87829872581046E-4     7.499999999999999E-4
5.000000000000043E-4      -4.160254037844369E-4    7.499999999999999E-4
6.016204804520584E-4      -6.744324129594907E-4    7.499999999999999E-4
6.803017304018107E-4      -7.986366676448811E-4    7.499999999999999E-4
6.537171578049119E-4      -0.0010099938112573513   7.499999999999999E-4
8.164469110485268E-4      -0.001254305612496504    7.499999999999999E-4
7.391468702345991E-4      -0.001121550151314341    7.8125E-4
7.559917143708526E-4      -0.001010345756755831    7.499999999999999E-4
8.978606141715026E-4      -0.0013559433537001565   7.499999999999999E-4
0.0010245475395443237     -0.0017854942082079898   7.499999999999999E-4
9.864933553665706E-4      -0.0016651050627632493   8.125000000000001E-4
9.792743172944783E-4      -0.0014575810949038089   7.5E-4
9.678407013913627E-4      -0.0012315885077115282   6.875E-4
0.0011671006207208642     -0.0019375739447918534   7.499999999999999E-4
0.0012139235874635914     -0.0021819749518783064   8.125E-4
0.00114884999877812       -0.0021095980567778214   7.1875E-4
0.0013448045148882406     -0.0022727603946539      7.499999999999999E-4
0.0012937196323792905     -0.0019676210125360097   7.5E-4
0.0011334122430396753     -0.0018097667254531164   6.875E-4
1.0000000000000366E-4     1.0358983848622534E-4    7.499999999999999E-4
2.250000000000039E-4      6.028856829700314E-5     7.499999999999999E-4
4.1250000000000325E-4     -1.778684177437179E-4    7.499999999999999E-4
4.2812500000000473E-4     -2.5905829934850844E-4   8.593749999999999E-4
0.0015221436773934064     -0.0026476419013229694   7.500000000000001E-4
0.0014712931816887077     -0.002539136740948106    6.875000000000001E-4
0.0016529643762053948     -0.00274285301015628     7.500000000000001E-4
0.0016763095318420799     -0.0026477754970107613   8.125000000000001E-4
0.0014739264058777964     -0.0023106998342115707   7.5E-4
0.0015832229932158338     -0.0024307963378841784   7.499999999999999E-4
0.001801715718499015      -0.002705627092025888    7.500000000000001E-4
8.438338319524986E-4      -9.459364354299773E-4    6.875E-4
8.464061636836553E-4      -9.50838946769414E-4     8.125E-4
3.558647409068117E-4      5.683233190570348E-6     7.416792542764164E-4
8.573624998995035E-4      -8.376389939121073E-4    7.499999999999999E-4
4.562500000000035E-4      -2.7529627566946687E-4   7.187499999999999E-4
4.271006600478747E-4      5.5812025717987276E-5    6.826367609624587E-4
5.250000000000026E-4      -1.1291651245988517E-4   7.499999999999999E-4
6.999999999999989E-4      -5.892304845413263E-4    7.499999999999999E-4
6.562500000000008E-4      -4.485013564263547E-4    7.187499999999999E-4
0.001522262312443279      -0.0022158420733167632   7.499999999999999E-4
9.591752986379939E-4      -0.0010875786044957682   7.499999999999999E-4
9.585912485653502E-4      -9.402597766471545E-4    7.499999999999999E-4
0.001091131332375404      -0.0014437291243526355   8.125000000000001E-4
0.0010765541762211735     -0.0012817477181834916   7.5E-4
0.001091550680378831      -0.001597024736306501    7.5E-4
0.0011391086909471216     -0.0013871145500518032   6.875E-4
0.0011961191173826412     -0.0015021820626707556   7.8125E-4
0.0012341037615553713     -0.001749104472890365    7.499999999999999E-4
0.0013752632268463172     -0.002068756625631087    7.5E-4
0.0014057219388043938     -0.0018647528566082745   7.5E-4
3.162217432651519E-4      1.7249835281242236E-4    7.488886727551086E-4
0.0016468493721860649     -0.0025175608214212924   6.875E-4
0.0017520336267279443     -0.002570733970866706    7.5E-4
0.0019436191833409099     -0.00274485163354124     7.500000000000001E-4
0.0018105045185731908     -0.002493496716774556    8.125000000000001E-4
0.001724738780224016      -0.0024455156609049437   7.499999999999999E-4
0.0018967549515809534     -0.0025713693016349544   7.500000000000001E-4
5.125000000000036E-4      8.193920339161365E-5     7.499999999999999E-4
9.355942620069573E-4      -7.431851606873575E-4    8.125E-4
8.250000000000015E-4      -5.459292143521047E-4    7.499999999999999E-4
9.41181249949753E-4       -7.783866445105513E-4    6.875E-4
6.68750000000002E-4       -2.536456405748564E-4    7.812499999999998E-4
6.375000000000019E-4      -4.796460717605245E-5    7.499999999999999E-4
7.500000000000014E-4      -3.294228634059957E-4    7.499999999999999E-4
8.500000000000028E-4      -4.160254037844394E-4    7.499999999999999E-4
9.500000000000041E-4      -5.02627944162883E-4     7.499999999999999E-4
0.001042507274064161      -7.729355821479971E-4    7.499999999999999E-4
0.0016997201099983176     -0.0021589237519796267   7.499999999999999E-4
0.0010818242940482828     -0.0010679655301189905   7.03125E-4
0.0011019036862274614     -9.208515964950322E-4    7.499999999999999E-4
0.001186945128749564      -0.0011456914002468354   7.8125E-4
0.0011949667381029472     -0.0012877842770241488   8.28125E-4
0.0012059540894685547     -0.0012757956060097159   6.875E-4
0.001317825842006929      -0.0013671824383405622   7.5E-4
0.0013011069023898785     -0.0015606350009888762   7.5E-4
0.0014089048275408927     -0.0014506536311186572   7.5E-4
0.0015527210244013557     -0.0020118383042939504   7.5E-4
0.001678592207894063      -0.0020133876282992787   7.8125E-4
0.0015037247682789263     -0.001822672821638495    6.875E-4
0.001499983813074856      -0.0015341248238967522   7.5E-4
0.00153502487107564       -0.0016786639203043188   7.499999999999999E-4
6.69891999999329E-4       2.551442841485013E-4     7.706486885192928E-4
0.0021162930309396428     -0.002763770143945263    7.306928481264445E-4
0.0020414762764339625     -0.0025720046324032024   7.500000000000001E-4
0.0019537461411871415     -0.0024634211099032162   6.875000000000001E-4
0.0018511028772504941     -0.002398614931577132    7.5E-4
0.001846134506320558      -0.0022066832116739883   7.1875E-4
0.0018295531710778433     -0.002046423853036802    6.875E-4
7.625000000000021E-4      -1.3456714755449636E-4   7.499999999999999E-4
7.099459999996652E-4      1.360657911281408E-4     7.603243442596464E-4
7.500000000000014E-4      1.698729810778027E-5     7.499999999999999E-4
9.962536370320826E-4      -6.377817631554401E-4    7.499999999999999E-4
8.570312500000028E-4      -2.1711019385270089E-4   7.499999999999999E-4
0.0010570312500000044     -3.6866463951497753E-4   7.499999999999999E-4
9.515625000000034E-4      -2.9965324015090544E-4   7.499999999999999E-4
0.0011500000000000071     -6.758330249197717E-4    7.499999999999999E-4
0.0010793768185160442     -5.377289010172449E-4    7.499999999999999E-4
0.0012759518431137316     -7.983423107074013E-4    7.499999999999999E-4
0.0021860951673973333     -0.0026551144711199053   7.5E-4
0.0012225551110579826     -9.709650910970438E-4    7.499999999999999E-4
0.0013345447816239795     -0.0011737298756922484   7.5E-4
0.001429585403803047      -0.0012631373798486017   7.5E-4
0.00161899678985354       -0.001476373549742389    6.875E-4
0.0015246260259821139     -0.001352544884004955    7.5E-4
0.0016894521923656834     -0.0018805267409366042   7.5E-4
0.001802235824865294      -0.0019235010822771514   7.5E-4
0.001688409187046121      -0.0017010513502015844   7.5E-4
0.0016537029884498302     -0.001588712449971987    7.1875E-4
8.397839999986534E-4      2.3349364905389012E-4    7.912973770385858E-4
0.0020443074502594066     -0.0023995504502042453   7.500000000000001E-4
0.0022670134864286704     -0.0028275572355599523   7.113856962528893E-4
0.0022283463436881005     -0.0025266606549062954   7.8125E-4
0.0021393333695270155     -0.0023991576312651654   7.500000000000001E-4
0.0019150194573649044     -0.001966475423617699    7.5E-4
0.0019958447998073094     -0.002225519518937963    7.499999999999999E-4
0.001388990885411761      -8.662558693952119E-4    7.499999999999999E-4
9.250000000000029E-4      -1.1291651245988567E-4   7.499999999999999E-4
8.75000000000003E-4       6.028856829700231E-5     7.499999999999999E-4
9.698919999993293E-4      1.6854174377005756E-4    7.706486885192928E-4
0.0011625000000000053     -4.376760388790498E-4    7.499999999999999E-4
0.0011000000000000042     -2.4282032302755163E-4   7.499999999999999E-4
0.0017791043459332674     -0.0015115616930330617   7.499999999999999E-4
0.0012979744946240606     -6.309125047831697E-4    7.499999999999999E-4
0.0013000000000000056     -5.026279441628827E-4    7.499999999999999E-4
0.001450000000000002      -6.758330249197705E-4    7.5E-4
0.001506216883311154      -8.364546269232588E-4    6.875E-4
0.0023093063311387676     -0.0026335822992710556   7.715964240632224E-4
0.002432763740033285      -0.0027411613079916      7.500000000000001E-4
0.00150202992770979       -9.341694280830224E-4    7.499999999999999E-4
0.001608405500165947      -0.0012141020892286372   7.499999999999999E-4
0.001513327976845952      -0.0011433571560439887   7.499999999999999E-4
0.001847061901649086      -0.0017390185583253804   7.499999999999999E-4
0.0019083578203960554     -0.0018092988926556243   7.1875E-4
0.001988490656367825      -0.0017915419480026764   8.125E-4
0.0020644500084146112     -0.0018111677873675538   7.1875E-4
0.0021422742703754577     -0.002224268518515088    7.5E-4
0.002285196483719377      -0.002353942123355784    7.500000000000001E-4
0.002286675231198705      -0.0022243397113896864   7.5E-4
0.002134838026486711      -0.0019199457142776394   7.5E-4
0.0021405867223641254     -0.0020524241062987937   7.499999999999999E-4
0.0015367214406052728     -7.412432046855394E-4    8.125000000000001E-4
0.0011000000000000057     1.0358983848622518E-4    7.499999999999999E-4
0.0011000000000000048     -6.961524227066314E-5    7.499999999999999E-4
0.0012625000000000043     -3.0777222831138336E-4   7.499999999999999E-4
0.0012750000000000044     -1.1291651245988551E-4   7.499999999999999E-4
0.0016088553740934725     -9.669747839430461E-4    8.749999999999999E-4
0.0013500000000000048     -2.2116968793293944E-4   7.499999999999999E-4
0.0017686543510952817     -0.001170564305991418    7.499999999999999E-4
0.0018933049618065812     -0.0015590974501489374   7.499999999999999E-4
0.0018870650685324849     -0.0014509280140084983   6.875E-4
0.0014310553601513223     -5.027425127833661E-4    7.499999999999999E-4
0.0014500000000000045     -3.294228634059937E-4    7.499999999999999E-4
0.0015621107203026394     -5.028570814038498E-4    7.499999999999999E-4
0.0016742214406052743     -6.762912994017058E-4    7.5E-4
0.001623442881210545      -8.066533844513071E-4    7.5E-4
0.0016184719106222007     -9.938123226403838E-4    7.499999999999999E-4
0.0017349138935346118     -0.001053455217197745    7.499999999999999E-4
0.002285710670113309      -0.0020947537215676736   7.500000000000001E-4
0.0024529851377608925     -0.0025040011970628552   7.187500000000001E-4
0.002553329973022319      -0.002762757732054822    7.694665388288885E-4
0.001746885762421088      -8.508712036044005E-4    7.5E-4
0.0018311056067499914     -0.0010134763699245278   7.5E-4
0.00214243486994389       -0.0017229230405578766   7.5E-4
0.002007505577679895      -0.001606633207264813    7.499999999999999E-4
0.002155192061827297      -0.0015985854483810613   7.5E-4
0.0023975591183228264     -0.0021754770907776626   7.34375E-4
0.0026436202073771673     -0.0026764118353957158   7.069665388288886E-4
0.0024327637400332848     -0.0023962553164805795   7.5E-4
0.002287599439237706      -0.0018871309494141422   7.500000000000001E-4
0.0022852556458920225     -0.001757702636735632    7.5E-4
0.0012580264000001352     1.2524047358083586E-4    7.39523127616416E-4
0.0013312500000000047     6.161980560475179E-6     7.812499999999998E-4
0.0014375000000000052     -1.3456714755449536E-4   7.499999999999999E-4
0.0013571056000005247     2.3349364905389045E-4    7.08092510465664E-4
0.0015250000000000049     -2.6447095812216114E-4   7.187499999999999E-4
0.0019051824731702316     -0.0011641685063527194   7.421875E-4
0.0019985547616739353     -0.0014318145434481244   7.5E-4
0.001989603945667976      -0.0012569958796314355   7.5E-4
0.0016185553601513216     -3.9448933731031107E-4   6.875E-4
0.0017371107203026394     -5.461583515930714E-4    7.499999999999999E-4
0.0018984428812105468     -6.76749573883641E-4     7.499999999999999E-4
0.002432764008531522      -0.0020513388582704076   7.500000000000001E-4
0.002580902812270434      -0.002482481814358334    7.5E-4
0.0026738962060113523     -0.0027843541561180444   7.88933077657777E-4
0.0027889748569741015     -0.0027843541561180444   7.479469910120247E-4
0.0027290418845075833     -0.002568708312236089    7.5E-4
0.0019084535292948487     -8.674079838389056E-4    7.499999999999999E-4
0.0019588885166793696     -0.0010114793202336703   7.499999999999999E-4
0.0020417105952451804     -0.0011577727067140207   7.34375E-4
0.0022694931822381647     -0.0016100649864889335   7.5E-4
0.0021679492537107037     -0.001474247856204246    7.499999999999999E-4
0.002437864296790876      -0.0019041324337264183   6.875000000000001E-4
0.0024264787885770835     -0.001710144882839536    7.5E-4
0.0014859448000002617     2.5514428414850167E-4    7.496949437522568E-4
0.002508443005446948      -0.0021266144701656384   7.187500000000001E-4
0.002609337128586368      -0.0023313864451033448   6.875E-4
0.0025805089702751857     -0.001965199775079085    7.500000000000001E-4
0.0018000000000000045     -4.160254037844371E-4    7.499999999999999E-4
0.0014679724000001332     1.360657911281413E-4     7.498474718761283E-4
0.0015562500000000053     -8.044055981796822E-5    7.499999999999999E-4
0.0015768480000000046     8.193920339161383E-5     8.176621721298561E-4
0.0014500000000000047     1.6987298107780772E-5    7.499999999999999E-4
0.001700000000000005      -2.4282032302755046E-4   7.499999999999999E-4
0.0016500000000000048     -1.5621778264910687E-4   7.499999999999999E-4
0.0016750000000000057     -2.63139720814411E-5     7.499999999999999E-4
0.0021986635298872365     -0.0013349159148067491   7.5E-4
0.0022293778060637694     -0.0011955839734092521   7.5E-4
0.002023782781737002      -7.64571954179782E-4     7.499999999999999E-4
0.0020368913908685037     -6.335999491713317E-4    7.499999999999999E-4
0.0019250000000000048     -4.5932667397365914E-4   7.499999999999999E-4
0.0026509653353569544     -0.002116533976422272    8.125000000000001E-4
0.0029265606474904483     -0.002741479704741868    7.5E-4
0.0027497246497238267     -0.002375056888355192    8.125000000000001E-4
0.002827801265999016      -0.0026550940084889784   7.5E-4
0.0028278012659990154     -0.002482481814358334    7.5E-4
0.0023965514945324395     -0.0014972069324199907   7.499999999999999E-4
0.0023129646502981042     -0.0013463954529146212   7.5E-4
0.002596154221334816      -0.0018551327270476738   6.875000000000001E-4
0.002512750024678667      -0.001737430351608571    7.8125E-4
0.00252581626196563       -0.0016151554457376354   7.5E-4
0.0017000000000000062     1.0358983848622484E-4    7.499999999999999E-4
0.0017379294000000119     2.5514428414850096E-4    7.614964896898323E-4
0.0027290418845075837     -0.002223802320725068    7.5E-4
0.002818058102628026      -0.0021565124891807295   7.578125E-4
0.002729041884507585      -0.001878896329214046    7.5E-4
0.0021491226822634574     -8.52394334475923E-4     7.499999999999999E-4
0.0019250000000000055     -3.2942286340599487E-4   7.499999999999999E-4
0.001875000000000005      -1.9951905283832825E-4   7.499999999999999E-4
0.0017875000000000046     -9.126587736527416E-5    7.499999999999999E-4
0.0018321382000000056     2.239995688143315E-5     7.760115638081953E-4
0.0023585653498597293     -0.001115152644009445    7.499999999999999E-4
0.0020750000000000052     -3.7272413359521606E-4   7.499999999999999E-4
0.0020500000000000054     -5.026279441628813E-4    7.499999999999999E-4
0.0021491720614343667     -6.993909116549813E-4    7.499999999999999E-4
0.002162280670565868      -5.68418906646531E-4     7.499999999999999E-4
0.00302532002898188       -0.0026550940084889784   7.5E-4
0.002926560647490447      -0.0023962553164805795   7.500000000000001E-4
0.0031358476757586684     -0.0027306018935226903   7.605852042318535E-4
0.002976071642842933      -0.002504078238421557    7.5E-4
0.0031240794104733112     -0.0025687083122360893   7.5E-4
0.0023226018567102514     -8.945892048943595E-4    7.1875E-4
0.00251286841733611       -0.0014435416067757635   7.499999999999999E-4
0.0024780772662235514     -0.0013251338086686282   7.499999999999999E-4
0.002462393461396612      -0.0012127009280908255   7.499999999999999E-4
0.002625153735354176      -0.001520166008635735    7.499999999999999E-4
0.002697431889098952      -0.001433737553341302    8.125E-4
0.0026770978099308804     -0.0016995311689248904   7.499999999999999E-4
0.0027617871086426616     -0.0017695934300037885   8.125E-4
0.0026999803701102617     -0.001435139975019861    6.875E-4
0.0033215981734561755     -0.0027414797047418675   7.5E-4
0.002100000000000005      -2.428203230275508E-4    7.499999999999999E-4
0.0019071056000000072     2.3349364905389012E-4    7.080925104655626E-4
0.0029265606474904457     -0.0020513493249695583   7.5E-4
0.0029513161451666893     -0.0022776938818986664   7.5E-4
0.0029760716428429315     -0.0021591324473167533   7.5E-4
0.0028676105068710486     -0.0018892000132764903   7.499999999999999E-4
0.003006179129234512      -0.0018995036973389347   7.499999999999999E-4
0.0023898870793638985     -9.741722699785818E-4    7.96875E-4
0.002480815526273639      -0.0011067370342079095   7.499999999999999E-4
0.002267937346390691      -7.429615325039795E-4    7.499999999999999E-4
0.002187500000000004      -3.9437476868982725E-4   7.499999999999999E-4
0.0019875000000000045     -1.3456714755449536E-4   7.499999999999999E-4
0.0019500000000000053     1.6987298107780606E-5    7.499999999999999E-4
0.002031250000000005      -3.713928962874619E-5    8.125E-4
0.002386702631347016      -7.865321533529776E-4    7.499999999999999E-4
0.0022031250000000046     -2.374076642538979E-4    8.125E-4
0.0022062500000000046     -2.7529627566946687E-4   6.875E-4
0.0022875000000000044     -4.37676038879049E-4     6.875E-4
0.002274561341131731      -6.342098691301806E-4    7.499999999999999E-4
0.0030746997197275937     -0.0020083952744058154   7.499999999999999E-4
0.0030748310243343636     -0.0023317446414473975   7.5E-4
0.0032721528304070764     -0.002558109098173396    7.500000000000001E-4
0.003173590405825797      -0.0024611241878578134   7.500000000000001E-4
0.0034441301270523236     -0.002762916930429956    7.71167696630028E-4
0.003370715254988356      -0.002655094008488978    7.500000000000001E-4
0.003397990446013244      -0.0025122465467343857   7.578125E-4
0.002498843921562301      -9.388544375757745E-4    7.499999999999999E-4
0.0026030657026875487     -0.0010983214244063737   7.499999999999999E-4
0.002668932089853073      -0.0013006070730367618   7.499999999999999E-4
0.0028313985649545625     -0.0013959555162309095   7.499999999999999E-4
0.002850785958630375      -0.0015388377199814889   7.499999999999999E-4
0.002874818923138322      -0.0016985308859518444   7.499999999999999E-4
0.0029822440463476334     -0.0017656962659560204   8.125000000000001E-4
0.002112500000000005      -1.453924651018008E-4    7.812499999999998E-4
0.002053552800000005      1.252404735808357E-4     7.290462552327811E-4
0.0031240794104733112     -0.00222380232072507     7.500000000000001E-4
0.0031735904058257957     -0.0021161783967530096   7.5E-4
0.0031240794104733078     -0.0018788963292140487   7.499999999999999E-4
0.002524421960781153      -8.073437312477718E-4    7.499999999999999E-4
0.0023933513156735096     -6.878813189471521E-4    7.499999999999999E-4
0.002293750000000004      -3.6189881604791114E-4   8.125E-4
0.0024000000000000046     -4.1602540378443844E-4   7.499999999999999E-4
0.002197446000000005      1.144151560335301E-4     8.853243442597127E-4
0.0021187500000000047     -5.8789924723357047E-5   6.875E-4
0.0026377599515238536     -9.627608012282791E-4    7.499999999999999E-4
0.002325000000000004      -1.9951905283832857E-4   7.499999999999999E-4
0.0024625000000000046     -5.242785792574929E-4    7.499999999999999E-4
0.002550000000000005      -6.758330249197692E-4    7.499999999999999E-4
0.0026215859803905787     -7.361757193101184E-4    7.499999999999999E-4
0.0032175615980855137     -0.0020028460570530853   7.34375E-4
0.0032723497873172296     -0.002288472194133385    7.5E-4
0.0033215981734561768     -0.0023962553164805795   7.500000000000001E-4
0.0035666620806484722     -0.002784354156118045    7.923353932600558E-4
0.00342035755494761       -0.002310028818602824    7.5E-4
0.003519116936439042      -0.0025687083122360893   7.5E-4
0.0036672560086761907     -0.0026549348101138452   7.500000000000001E-4
0.002776675981485406      -9.866671648807838E-4    7.499999999999999E-4
0.002817375263962685      -0.0012601258701579094   7.499999999999999E-4
0.0028033519629708076     -0.0011242962240849092   7.499999999999999E-4
0.0029688532352336494     -0.0014034647777183334   7.499999999999999E-4
0.0030205959617690594     -0.001518165442689643    7.499999999999999E-4
0.0030723376861211834     -0.001698530885951846    7.499999999999999E-4
0.0031141920122459924     -0.0016090249869219711   8.75E-4
0.003178467175187516      -0.001484252387340465    7.499999999999999E-4
0.0031523831468401905     -0.0017666395883943226   6.875E-4
0.0022500000000000037     1.698729810778127E-5     7.499999999999999E-4
0.0023179724000000046     1.7936706131736315E-4    7.810974718761033E-4
0.0033636723282127554     -0.002175389464754844    7.65625E-4
0.0033215981734561755     -0.0020513493249695583   7.499999999999999E-4
0.003261532790345231      -0.0018895137173531608   7.1875E-4
0.0027187500000000046     -6.650077073724649E-4    7.499999999999999E-4
0.0024531250000000043     -2.7529627566946725E-4   7.421874999999999E-4
0.0023714862000000047     7.652654461796077E-5     8.280487359380516E-4
0.0023828125000000047     -8.314688920479509E-5    7.656249999999999E-4
0.002750000000000004      -8.490381056766583E-4    7.499999999999999E-4
0.002497656250000005      -8.720638328503479E-5    8.203125E-4
0.003037643394554949      -0.0012717450238260842   7.499999999999999E-4
0.0027000000000000053     -5.026279441628818E-4    7.499999999999999E-4
0.0029137215126070785     -9.182392347075866E-4    8.125E-4
0.002914894219442287      -0.0010056121297182762   7.499999999999999E-4
0.002970043209884551      -0.0011512433288769109   8.125000000000001E-4
0.002821875000000005      -7.353722714299504E-4    7.499999999999999E-4
0.0038153950809133395     -0.0027411613079916003   7.500000000000001E-4
0.003553360336779411      -0.002342622452666575    7.8125E-4
0.003519116936439043      -0.002223802320725068    7.499999999999999E-4
0.0034845927965716666     -0.001992416854124207    7.96875E-4
0.0037317719898272562     -0.002493319825983729    7.187500000000001E-4
0.0038153950809133395     -0.0025688675106112233   7.500000000000001E-4
0.003914154462404772      -0.0026550144093014125   7.500000000000001E-4
0.0031606735376704504     -0.001360561476949597    7.499999999999999E-4
0.0031962608127045814     -0.001607943297731333    7.5E-4
0.0032889504251771198     -0.001438920431397765    7.5E-4
0.0033348197658978514     -0.0017991094815111319   7.1875E-4
0.0032706533615785493     -0.001698087857529991    7.5E-4
0.0024073920000000047     1.0358983848622468E-4    7.081486885194254E-4
0.002439784000000005      2.3349364905389012E-4    7.912973770388508E-4
0.0034994846080769466     -0.0020725477530949463   6.875E-4
0.0035191169364390444     -0.0018788963292140487   7.5E-4
0.0035672691958544864     -0.001745213986868843    7.5E-4
0.002800000000000005      -5.67579849446715E-4     8.125E-4
0.002700000000000005      -3.510734985006052E-4    8.125E-4
0.002740625000000005      -3.673114748215637E-4    7.03125E-4
0.0026000000000000047     -2.428203230275501E-4    7.499999999999999E-4
0.0024948920000000055     1.2524047358083537E-4    7.706486885194254E-4
0.002550000000000006      1.6987298107780606E-5    7.499999999999999E-4
0.0029250000000000053     -8.057368354874359E-4    7.499999999999999E-4
0.002900000000000005      -5.892304845413269E-4    7.499999999999999E-4
0.002800000000000005      -4.593266739736605E-4    7.499999999999999E-4
0.003075936681400726      -0.0011735252622117264   7.499999999999999E-4
0.003169009475670436      -0.0012138233214184274   6.875E-4
0.0030261971097211467     -9.164998001501612E-4    7.499999999999999E-4
0.0030546908273408396     -0.0010253246049625256   7.5E-4
0.003100000000000006      -7.624355652982134E-4    7.499999999999999E-4
0.0040129138438962045     -0.002741161307991601    7.500000000000001E-4
0.0036941610468757312     -0.0023319336895178686   7.968750000000002E-4
0.0038153950809133395     -0.002396255316480578    7.5E-4
0.003667190356372807      -0.0019651626266855866   7.5E-4
0.00375107605667243       -0.0022025839928027898   7.8125E-4
0.003963665457757257      -0.002460925189888897    7.500000000000001E-4
0.0040129138438962045     -0.0025687083122360914   7.500000000000001E-4
0.004111673225387636      -0.0026549348101138465   7.500000000000001E-4
0.0033864484620617402     -0.0013170016254386923   7.96875E-4
0.003417227312683789      -0.001517279385845933    7.5E-4
0.0034468007398309607     -0.00163309613593046     6.875000000000001E-4
0.0034876221913727277     -0.0015908164707128158   8.125000000000001E-4
0.002582126000000005      2.2808099028023742E-4    7.393465119749855E-4
0.0036154214552699283     -0.0016115316445236378   7.5E-4
0.00369713467566658       -0.0018137886602741134   6.875E-4
0.0036904423968552764     -0.0017254989450350927   7.5E-4
0.0028500000000000057     -3.294228634059944E-4    7.499999999999999E-4
0.0027250000000000043     -1.1291651245988484E-4   7.499999999999999E-4
0.002653552800000005      1.2524047358083537E-4    7.290462552327811E-4
0.002689276400000005      6.161980560475179E-6     7.395231276163905E-4
0.0028500000000000044     1.6987298107780437E-5    7.499999999999999E-4
0.0029062500000000047     -2.1034437038563468E-4   7.1875E-4
0.004210432606879069      -0.0027411613079916016   7.500000000000001E-4
0.003050000000000006      -6.32531754730548E-4     7.499999999999999E-4
0.0030000000000000053     -5.026279441628825E-4    7.499999999999999E-4
0.002950000000000006      -4.376760388790493E-4    6.875E-4
0.0032390421898535436     -0.001051777554497977    7.5E-4
0.0032977779705191156     -0.0011718283689279181   7.8125E-4
0.0032375000000000064     -6.758330249197692E-4    7.8125E-4
0.0031386727068352144     -9.147603655927355E-4    6.875E-4
0.0032500000000000064     -8.057368354874348E-4    8.125E-4
0.0038649060762658252     -0.0022886313925085193   7.5E-4
0.00406242483924869       -0.002331585443072265    7.500000000000001E-4
0.0038504772653594854     -0.0019378089002625074   7.031250000000001E-4
0.0040129138438962045     -0.00222380232072507     7.500000000000001E-4
0.0038153950809133408     -0.0020513493249695583   7.5E-4
0.0039080476533649424     -0.0021646211024185717   7.5E-4
0.0041611842207401216     -0.002504197637202909    7.500000000000001E-4
0.003300000000000006      -9.356406460551004E-4    7.499999999999999E-4
0.0034000991818732996     -0.0010959575770293185   7.499999999999999E-4
0.0034541739333914523     -0.0011779806328419949   8.125E-4
0.004284567795301028      -0.0025364529747195      7.500000000000001E-4
0.0043091919883705004     -0.0026549348101138465   7.500000000000001E-4
0.0035085250598222307     -0.0013199477306361218   7.5E-4
0.003561632287219292      -0.0014390682878796246   7.499999999999999E-4
0.0037137863857786236     -0.0015044321957050613   7.499999999999999E-4
0.004160987263829969      -0.0022346602321473576   7.500000000000001E-4
0.00395118923046406       -0.002040610812328624    7.5E-4
0.0028767764000000046     1.5771642622275196E-4    8.020231276163906E-4
0.0027571056000000043     2.3349364905389012E-4    7.080925104655623E-4
0.0038136155978560665     -0.0017057839032013427   7.5E-4
0.002950000000000005      -1.0209119491257991E-4   7.96875E-4
0.002935263200000005      8.193920339161349E-5     7.135115638081952E-4
0.004407951369861933      -0.002741161307991601    7.500000000000001E-4
0.0032250000000000065     -5.459292143521037E-4    7.499999999999999E-4
0.003100000000000006      -4.160254037844381E-4    7.499999999999999E-4
0.003499801075189811      -0.0010628173053561089   8.125E-4
0.0036548436934272935     -0.001248028916617995    7.499999999999999E-4
0.0033500000000000066     -6.758330249197693E-4    7.5E-4
0.0034500000000000064     -8.05736835487434E-4     6.875E-4
0.0039483598120300814     -0.001784949665501096    7.8125E-4
0.004012913843896204      -0.0018788963292140511   7.5E-4
0.004210432606879069      -0.0023962553164805817   7.500000000000001E-4
0.00408698338001478       -0.0020298722996876894   7.5E-4
0.004155076266875208      -0.00211661619228463     8.125000000000001E-4
0.003599822806960672      -0.001122616075426311    7.499999999999999E-4
0.004346161104126404      -0.002396295116074364    7.500000000000001E-4
0.004407951369861933      -0.0025687083122360906   7.500000000000001E-4
0.00444941479123184       -0.0026659320201143748   8.23059352688701E-4
0.003709864579893915      -0.0013734417578096791   7.499999999999999E-4
0.0038501413808986694     -0.0015132713155246306   7.421875E-4
0.0038018817445962436     -0.001284938595104317    7.96875E-4
0.004265887425338006      -0.0022937021518756127   6.875000000000001E-4
0.004259549688411247      -0.00213773502122245     7.500000000000001E-4
0.0029285528000000047     2.551442841485013E-4     7.290462552327811E-4
0.0040138838183948165     -0.0015174343218127921   7.499999999999999E-4
0.004062086128605034      -0.001711962632350829    7.5E-4
0.00396286678965762       -0.0016116091125070679   7.499999999999999E-4
0.0030875000000000047     8.193920339161383E-5     7.499999999999999E-4
0.0031437500000000055     -2.7529627566946687E-4   7.8125E-4
0.003075000000000005      -1.1291651245988484E-4   7.499999999999999E-4
0.0032000000000000054     1.9019237886466875E-4    7.499999999999999E-4
0.004538968741928897      -0.002617320166175232    7.343750000000001E-4
0.004605470132844797      -0.0027411613079916      7.5E-4
0.003650000000000005      -8.490381056766551E-4    7.499999999999999E-4
0.003400000000000006      -5.02627944162881E-4     7.499999999999999E-4
0.003600000000000005      -7.1913429510899E-4      7.499999999999999E-4
0.003300000000000006      -4.160254037844374E-4    7.499999999999999E-4
0.0033000000000000056     -2.4282032302754995E-4   7.499999999999999E-4
0.0036249114034803383     -9.858270905514829E-4    7.499999999999999E-4
0.003748675134671091      -0.0011629897497472234   7.499999999999999E-4
0.0035500000000000045     -5.892304845413249E-4    7.499999999999999E-4
0.004161305467552448      -0.00181231615219459     7.5E-4
0.004185869037215758      -0.001931832738582076    7.500000000000001E-4
0.004210432606879069      -0.002051349324969562    7.500000000000001E-4
0.004481889601373738      -0.0023963349156681463   7.500000000000001E-4
0.0037437500000000045     -7.732608828455173E-4    6.875E-4
0.00376232502151667       -9.610674102249778E-4    7.5E-4
0.004407951369861933      -0.0022238023207250706   7.500000000000001E-4
0.004603542455051695      -0.0025281453678284273   6.796875000000001E-4
0.004722478066940787      -0.0027302834967724223   6.980191430668537E-4
0.003915647729898086      -0.0013973229794298036   6.875E-4
0.0038975274623815107     -0.001203363424068136    7.5E-4
0.004346161104126404      -0.002051389124563344    7.500000000000001E-4
0.00428427350476088       -0.0019431483068876407   6.875000000000001E-4
0.004150393327540934      -0.0016249863493148495   7.499999999999999E-4
0.004210432606879067      -0.0017064433334585437   7.5E-4
0.0034296875000000056     -2.5093931118802884E-4   7.421874999999999E-4
0.003246875000000005      -1.1832917123353722E-4   8.125E-4
0.0033000000000000056     1.03589838486225E-4      7.499999999999999E-4
0.004091826880970456      -0.0014336508355591807   6.875E-4
0.0032890625000000047     -1.819498392096153E-5    7.109374999999999E-4
0.0034187500000000047     -1.0209119491257875E-4   7.187499999999999E-4
0.003413604375000005      9.208793859221316E-5     7.238429303246408E-4
0.004672906496671383      -0.002633577183613324    8.125000000000001E-4
0.004744580868541512      -0.0025793871254863507   7.187500000000001E-4
0.0035000000000000053     -4.1602540378443676E-4   7.499999999999999E-4
0.003678125000000004      -6.37944413504199E-4     7.499999999999999E-4
0.0036250000000000037     -5.026279441628809E-4    7.499999999999999E-4
0.0036125000000000046     -3.077722283113825E-4    6.875E-4
0.003849750416392346      -0.001029742748211731    7.499999999999999E-4
0.0038108768460134797     -6.273142294800064E-4    7.3828125E-4
0.0038717536920269556     -7.520005147971323E-4    7.265625E-4
0.0043091919883705        -0.001792669831336297    7.5E-4
0.004605470132844798      -0.002396255316480579    7.5E-4
0.004611972000530018      -0.0022881935969769006   6.875000000000001E-4
0.004565053126336133      -0.0022131633070685925   7.8125E-4
0.003899738639553002      -9.363077298984725E-4    7.5E-4
0.004848925198650859      -0.002784354156118045    7.920765722674144E-4
0.004481889601373738      -0.0020514289241571255   7.500000000000001E-4
0.004753609205081947      -0.002482481814358334    7.500000000000001E-4
0.004762571889318997      -0.0023856163028241023   7.8125E-4
0.004010778499298563      -0.0010710631032465193   7.8125E-4
0.00405954225078768       -0.001299670080235076    7.5E-4
0.004407951369861932      -0.0018788963292140511   7.500000000000001E-4
0.0042215570391938495     -0.0013959767364020164   7.499999999999999E-4
0.004238700526476834      -0.0015380100662788698   7.499999999999999E-4
0.004334209668833494      -0.0016785933596463916   7.499999999999999E-4
0.003550000000000004      -1.5621778264910638E-4   7.499999999999999E-4
0.003419816750000005      -6.01650168024276E-6     8.020371721298563E-4
0.003580480550000004      7.787970931137445E-5     8.332334852117616E-4
0.003457392000000005      1.901923788646689E-4     7.706486885194254E-4
0.0036750000000000034     -2.4282032302754995E-4   7.812499999999998E-4
0.0035375000000000046     3.863793320239245E-5     6.875E-4
0.0049017482773190965     -0.0025687083122360897   7.500000000000001E-4
0.0050021149954183625     -0.002493558623546431    8.437500000000001E-4
0.0037500000000000033     -5.026279441628805E-4    7.499999999999999E-4
0.003775000000000003      -2.861215932167717E-4    7.499999999999999E-4
0.003893750000000004      -5.134532617101869E-4    7.499999999999999E-4
0.0039750000000000054     -6.32531754730547E-4     7.499999999999999E-4
0.004124029536215617      -9.387627824249027E-4    8.125E-4
0.004049514768107811      -7.856472685777248E-4    7.8125E-4
0.004469839900839148      -0.0016925183465524639   7.5E-4
0.004605470132844799      -0.0020513493249695583   7.500000000000001E-4
0.004982713594943196      -0.002676451634989501    6.875000000000002E-4
0.005023475810222125      -0.002762757732054823    7.710382861337072E-4
0.005182210292124645      -0.0027898726609152016   8.387978488788645E-4
0.0045649874740327475     -0.0018684563135264896   7.8125E-4
0.0049017482773190965     -0.002223802320725069    7.5E-4
0.004834443218099278      -0.002331306845915779    6.875E-4
0.0049062624455893135     -0.0023909955090430164   7.65625E-4
0.004197904119456622      -0.0011237414097504635   7.5E-4
0.004209730579325236      -0.00125985907307624     7.5E-4
0.004325393649593366      -0.0013352479436966286   7.499999999999999E-4
0.0046054701328448        -0.0017064433334585364   7.5E-4
0.004383130411456152      -0.001408372093107809    8.125E-4
0.004409525888005065      -0.0015169958082889574   7.499999999999999E-4
0.0036535691000000037     -3.443296024191984E-5    7.708182819040976E-4
0.0036500000000000035     1.9019237886466907E-4    7.499999999999999E-4
0.003800000000000003      -6.96152422706628E-5     7.499999999999999E-4
0.0044292302599928815     -0.0012745191509912406   7.5E-4
0.005058653076883141      -0.0025580294989858304   7.8125E-4
0.003881250000000004      -3.6189881604790995E-4   7.499999999999999E-4
0.003987500000000004      -4.3767603887904843E-4   7.499999999999999E-4
0.0040000000000000036     -2.4282032302754995E-4   7.499999999999999E-4
0.004187168317883429      -9.166066087363273E-4    6.875E-4
0.004261185717723487      -0.001010490219623166    7.5E-4
0.004124757384053909      -6.874388765595253E-4    7.656249999999999E-4
0.0040937500000000045     -5.134532617101872E-4    7.499999999999999E-4
0.004200000000000007      -7.624355652982135E-4    7.499999999999999E-4
0.004561010913067362      -0.0015549108614062476   7.5E-4
0.0047534779004751795     -0.00196520242627937     7.5E-4
0.005198026421793392      -0.002741161307991601    7.500000000000001E-4
0.005325251800927367      -0.0027303232963662057   7.187500000000001E-4
0.005387954944752762      -0.0027951523681496566   8.022078108015925E-4
0.005131115276393881      -0.002503839440858857    6.875000000000001E-4
0.005033897579206899      -0.0022562765560074703   7.8125E-4
0.005049756044949475      -0.0021376554220348823   7.5E-4
0.005251723323899172      -0.002520215857078299    7.65625E-4
0.0046661088887474935     -0.001616664970984469    8.203125E-4
0.004710862686628222      -0.0017705958121476682   6.875000000000001E-4
0.004859330020382292      -0.00194316820668453     6.875000000000001E-4
0.004715326624264852      -0.0015520454705764692   7.2265625E-4
0.004551749349628151      -0.00136106657010123     7.499999999999999E-4
0.0038285528000000036     1.2524047358083586E-4    7.91546255232781E-4
0.0039321382000000035     -1.0750385368623179E-4   6.978865638081952E-4
0.0039571056000000035     2.3349364905389045E-4    7.080925104655623E-4
0.004200000000000006      -5.892304845413267E-4    8.749999999999999E-4
0.003974222400000003      1.4689110867544672E-4    8.435974718761035E-4
0.004100000000000005      -3.29422863405994E-4     7.499999999999999E-4
0.004031250000000004      -1.453924651018008E-4    7.812499999999998E-4
0.004561868364512841      -0.0012232652845060089   8.125000000000001E-4
0.005198026421793391      -0.0023962553164805804   7.499999999999999E-4
0.0044489346319806986     -0.0010320424936935237   7.5E-4
0.004324467315990353      -8.972390294958686E-4    7.499999999999999E-4
0.004200000000000006      -5.892304845413258E-4    7.499999999999999E-4
0.004200000000000005      -5.892304845413251E-4    6.25E-4
0.004200000000000005      -4.160254037844381E-4    7.5E-4
0.004375000000000005      -6.325317547305474E-4    7.499999999999999E-4
0.004349733657995179      -7.64885392113208E-4     7.499999999999999E-4
0.004666578054322171      -0.0014484282724865722   7.1875E-4
0.004741542632037426      -0.001407408829945645    8.125E-4
0.004901748277319097      -0.0018788963292140487   7.5E-4
0.004862162789626164      -0.001736071595213031    7.8125E-4
0.004877154265164284      -0.0016122213736204567   8.28125E-4
0.005395545184776257      -0.0025687083122360906   7.5E-4
0.00519802642179339       -0.0020513493249695604   7.5E-4
0.005238509080605443      -0.002234481133975331    7.187500000000001E-4
0.005321344344050913      -0.0023963349156681463   7.5E-4
0.0048600302345912574     -0.0016381314946466447   6.875E-4
0.005511179497887643      -0.0025043966351718243   8.125000000000001E-4
0.0048065775803041435     -0.001521810451715727    7.499999999999999E-4
0.004680275432786704      -0.0013267828022000376   7.34375E-4
0.003964276400000004      9.276452093891959E-5     6.770231276163904E-4
0.004050000000000002      1.6987298107781104E-5    7.499999999999999E-4
0.004099222400000004      1.6854174377005756E-4    7.498474718761034E-4
0.004554610518696353      -0.0010009519183431356   7.8125E-4
0.004693972811251237      -0.001205137331913503    7.499999999999999E-4
0.004162111200000003      7.111388584430807E-5     8.124237359380517E-4
0.0042750000000000045     -1.9951905283832874E-4   7.499999999999999E-4
0.004225000000000004      -2.631397208144143E-5    7.499999999999999E-4
0.004669518569155417      -0.0010944098784084698   7.968750000000002E-4
0.004400000000000005      -3.29422863405994E-4     7.499999999999999E-4
0.004487500000000003      -6.108811196359362E-4    7.499999999999999E-4
0.004500000000000002      -7.624355652982118E-4    7.499999999999999E-4
0.004537233657995176      -9.164398377754835E-4    6.875E-4
0.004368750000000005      -4.2685072133174335E-4   7.499999999999999E-4
0.004550000000000003      -5.026279441628812E-4    7.499999999999999E-4
0.004525000000000003      -3.7272413359521573E-4   7.499999999999999E-4
0.004867085119646235      -0.0013239010918845002   7.499999999999999E-4
0.004923387504172688      -0.0014822376517856122   7.499999999999999E-4
0.005034411817069843      -0.0018023435535573277   7.8125E-4
0.0050023020010487645     -0.0016141268925871342   7.499999999999999E-4
0.0055930639477591235     -0.0027411613079916007   7.500000000000001E-4
0.005720551936106636      -0.0027303232963662057   7.187500000000001E-4
0.005782240305866805      -0.0027951523681496566   8.022901149020351E-4
0.005592801338545587      -0.0025687083122360893   7.5E-4
0.005457204145905019      -0.002396295116074363    7.5E-4
0.0053213443440509114     -0.0020514289241571255   7.500000000000001E-4
0.005238509080605444      -0.0018894955432767436   7.187500000000001E-4
0.005395545184776258      -0.00222380232072507     7.5E-4
0.005708566956263738      -0.002633577183613324    8.125000000000001E-4
0.005593063947759126      -0.0023962553164805795   7.5E-4
0.004500000000000003      -2.428203230275501E-4    7.499999999999999E-4
0.004232392000000004      1.0358983848622452E-4    7.081486885194256E-4
0.004239784000000005      2.3349364905389012E-4    7.912973770388513E-4
0.004351142000000004      1.79367061317363E-4      7.706486885194257E-4
0.004699965144504775      -9.403435776365839E-4    7.5E-4
0.004767049758913305      -0.0011033557579061522   7.187500000000001E-4
0.004801591761375775      -9.81769907278268E-4     6.875E-4
0.004834116945574222      -0.001182116863588019    8.125000000000001E-4
0.004920790829537241      -0.001190355243908629    7.1875E-4
0.004350000000000004      1.6987298107780606E-5    7.499999999999999E-4
0.004387500000000003      -1.3456714755449568E-4   7.499999999999999E-4
0.005457204145905021      -0.0020513891245633425   7.500000000000001E-4
0.004674995643063098      -7.846740668405104E-4    8.4375E-4
0.004525000000000003      -1.1291651245988467E-4   7.499999999999999E-4
0.004675000000000003      -5.24278579257493E-4     7.499999999999999E-4
0.004650000000000003      -4.160254037844378E-4    7.499999999999999E-4
0.0046937500000000035     -2.1034437038563433E-4   7.187499999999999E-4
0.005015067976829169      -0.0012816174852254808   7.1875E-4
0.005040197428041234      -0.0014426648518554974   7.499999999999999E-4
0.0051980264217933855     -0.001706443333458541    7.499999999999999E-4
0.005113865660269143      -0.0013435270023642468   7.96875E-4
0.0055928013385455905     -0.002223802320725069    7.500000000000001E-4
0.005691560720037018      -0.002482561413545902    7.5E-4
0.0057905827107419885     -0.0025687083122360893   7.5E-4
0.005691823329250559      -0.002310028818602824    7.5E-4
0.005395545184776258      -0.00187889632921405     7.5E-4
0.005297646319137231      -0.0017199457903607932   7.265625E-4
0.005536000647867273      -0.002138013618378931    8.125000000000001E-4
0.005988101473724852      -0.0027411613079915994   7.5E-4
0.005518863107033787      -0.001878975928401614    7.5E-4
0.005534230325326062      -0.0017915554427103515   6.25E-4
0.0057903201015284496     -0.0023964145148557144   7.5E-4
0.005593063947759131      -0.0020513493249695583   7.500000000000001E-4
0.005006436756493552      -0.0011107518277848054   7.5E-4
0.004462500000000003      1.2524047358083586E-4    7.499999999999999E-4
0.004862473858378581      -8.742159394573807E-4    7.5E-4
0.004934455307436067      -9.92483883621093E-4     7.5E-4
0.004550000000000003      1.6987298107780772E-5    7.499999999999999E-4
0.00565472290888789       -0.0018789361288078304   7.5E-4
0.004750000000000002      -6.758330249197704E-4    7.5E-4
0.004856241286126196      -7.744366157408901E-4    7.1875E-4
0.004912500000000005      -6.974836600143815E-4    8.125E-4
0.004800000000000004      -5.459292143521049E-4    7.5E-4
0.004912500000000004      -3.9437476868982806E-4   8.125E-4
0.004750000000000004      -3.2942286340599455E-4   7.499999999999999E-4
0.004793750000000003      -1.886937352910235E-4    7.499999999999999E-4
0.0051282183782467815     -0.0010664975071091737   7.5E-4
0.0053218627462966826     -0.0015182608529433885   7.65625E-4
0.005273817275778325      -0.0013635192519952676   7.499999999999999E-4
0.00569156072003702       -0.0021376554220348815   7.5E-4
0.00579058271074199       -0.002223802320725068    7.5E-4
0.0060868608552162844     -0.002654934810113845    7.5E-4
0.006185620236707717      -0.0027411613079916003   7.500000000000001E-4
0.005987838864511314      -0.002568708312236089    7.5E-4
0.005889079483019882      -0.0024825614135459014   7.5E-4
0.00588934209223342       -0.002310028818602823    7.499999999999999E-4
0.0054334406117687315     -0.0015349812927269025   7.5E-4
0.005593063947759137      -0.001706443333458537    7.500000000000001E-4
0.005988101473724849      -0.0023962553164805778   7.499999999999999E-4
0.0057903201015284496     -0.0020515085233446936   7.5E-4
0.005201306218257691      -0.001172775199802289    7.656249999999999E-4
0.004628552800000054      1.2524047358083553E-4    7.290462552327911E-4
0.004707105600000105      2.3349364905389045E-4    7.080925104655824E-4
0.0050500000000000015     -8.490381056766572E-4    7.499999999999999E-4
0.005201619237915073      -8.850842813535034E-4    8.046874999999998E-4
0.005250000000000011      -0.001022243186433542    7.499999999999999E-4
0.005181250000000004      -8.815140583185744E-4    6.875E-4
0.004750000000000003      1.6987298107780938E-5    7.499999999999999E-4
0.004825000000000004      -6.96152422706628E-5     6.875E-4
0.005790582710741994      -0.0018788963292140468   7.500000000000001E-4
0.00588934209223342       -0.001965122827091802    7.5E-4
0.005736895702423486      -0.001814268486349418    8.125000000000001E-4
0.004990625000000003      -6.812456836934222E-4    7.343749999999999E-4
0.004950000000000003      -3.727241335952176E-4    7.1875E-4
0.004950000000000003      -5.026279441628838E-4    7.5E-4
0.004973437500000005      -2.2387601731976563E-4   8.046874999999998E-4
0.004925000000000005      -1.1291651245988484E-4   7.499999999999999E-4
0.004950000000000003      -2.4282032302755128E-4   6.875E-4
0.005440308605207193      -0.0014085325273720136   7.499999999999999E-4
0.005412350103313552      -0.0011953024101967833   7.499999999999999E-4
0.0054363148787534765     -0.0013012016787432236   8.125E-4
0.005889079483019881      -0.00213765542203488     7.5E-4
0.005987838864511313      -0.0022238023207250676   7.5E-4
0.006086598246002746      -0.0024825614135459014   7.5E-4
0.006185620236707717      -0.00256870831223609     7.5E-4
0.0062842483135923805     -0.0026549348101138452   7.500000000000001E-4
0.006383138999690582      -0.002741161307991601    7.500000000000001E-4
0.006086860855216283      -0.002310028818602823    7.499999999999999E-4
0.005583772572501854      -0.0015358723560190324   7.499999999999999E-4
0.005574700206627093      -0.0013683616339600247   7.499999999999999E-4
0.005720290608432464      -0.0016633576217720335   7.5E-4
0.006185357627494181      -0.0023964145148557135   7.5E-4
0.005988101473724848      -0.0020513493249695565   7.5E-4
0.00598783886451131       -0.0018788963292140453   7.5E-4
0.006580657762673447      -0.0027411613079916003   7.500000000000001E-4
0.006481898381182015      -0.0026549348101138457   7.500000000000001E-4
0.0057315205189143814     -0.0015365100883618422   7.5E-4
0.005406175051656776      -0.0010654715281259413   7.499999999999999E-4
0.0053125000000000065     -9.139900109604885E-4    7.499999999999999E-4
0.004839276400000028      1.5771642622275232E-4    7.395231276163955E-4
0.0051500000000000035     -6.758330249197685E-4    7.499999999999999E-4
0.005071875000000004      -5.080406029365349E-4    7.343749999999999E-4
0.0053000000000000035     -7.624355652982116E-4    7.499999999999999E-4
0.0052750000000000045     -6.325317547305457E-4    7.499999999999999E-4
0.0049000000000000024     6.028856829700264E-5     7.499999999999999E-4
0.005146875000000005      -1.1832917123353722E-4   8.125E-4
0.005050000000000003      1.698729810778027E-5     7.499999999999999E-4
0.0058893420922334185     -0.0017926698313362912   7.5E-4
0.005930318288145932      -0.0017915554427103552   6.25E-4
0.005071875000000003      -3.781367923688691E-4    7.343749999999999E-4
0.0051000000000000064     -2.428203230275508E-4    7.499999999999999E-4
0.005531175051656776      -0.0011087727983151636   7.499999999999999E-4
0.005478087525828392      -0.0010005560870905202   7.499999999999999E-4
0.005552937629141935      -0.0012385672161375942   7.499999999999999E-4
0.005655164911036538      -0.0012612141044522852   8.125E-4
0.006086598246002746      -0.00213765542203488     7.5E-4
0.006185620236707717      -0.002223802320725069    7.5E-4
0.006284117008985611      -0.0024825614135459023   7.500000000000001E-4
0.006382876390477044      -0.0025687083122360906   7.500000000000001E-4
0.005672993096980008      -0.0013686523856545007   7.499999999999999E-4
0.005988101473724844      -0.0017064433334585353   7.5E-4
0.005847517269105791      -0.0016202719100855295   7.5E-4
0.0062843796181991495     -0.0023100288186028244   7.5E-4
0.006383138999690582      -0.0023962553164805804   7.5E-4
0.006086860855216282      -0.0019651228270918023   7.5E-4
0.0061853576274941814     -0.0020515085233446927   7.5E-4
0.00608686085521628       -0.0017926698313362915   7.5E-4
0.006185620236707715      -0.001878896329214048    7.5E-4
0.006619324584112559      -0.002665932020114374    8.229601876362792E-4
0.006580657762673447      -0.00256870831223609     7.5E-4
0.006778176525656312      -0.0027411613079916003   7.5E-4
0.007019125642416213      -0.0027843541561180457   7.918231006232919E-4
0.005858747179587707      -0.0014934243766753382   7.499999999999999E-4
0.005425000000000008      -8.923393758658766E-4    7.499999999999999E-4
0.0056250000000000015     -8.923393758658778E-4    7.499999999999999E-4
0.005425000000000005      -7.624355652982112E-4    7.499999999999999E-4
0.0049571056000006185     2.3349364905389012E-4    7.080925104656833E-4
0.005085937500000002      1.4418477928862002E-4    7.187499999999999E-4
0.005193750000000003      6.161980560475512E-6     7.499999999999999E-4
0.005250000000000005      -5.026279441628799E-4    7.499999999999999E-4
0.0054250000000000045     -6.325317547305458E-4    7.499999999999999E-4
0.005290625000000004      -3.889621099161735E-4    7.96875E-4
0.005275000000000004      -1.1291651245988484E-4   7.499999999999999E-4
0.006133807205717123      -0.0016637860022714712   7.5E-4
0.006936100080747896      -0.0027195648839283787   6.875000000000001E-4
0.005759988545034812      -0.0011944100148493454   7.499999999999999E-4
0.00565                   -0.001022243186433544    7.5E-4
0.005645581798345794      -0.0011515914065822546   7.499999999999999E-4
0.006284117008985613      -0.0021376554220348815   7.5E-4
0.006707126995493419      -0.002461323185826731    8.125000000000001E-4
0.006531278071927731      -0.0024393685654194577   7.5E-4
0.005869977090069625      -0.0013665768432651467   7.499999999999999E-4
0.006020667740739108      -0.0015255072082804506   7.187500000000001E-4
0.006382876390477044      -0.00222380232072507     7.5E-4
0.006481898381182015      -0.0023100288186028253   7.5E-4
0.006383138999690583      -0.0020513493249695596   7.5E-4
0.0062843796181991495     -0.0019651228270918036   7.5E-4
0.0062843796181991495     -0.0017926698313362934   7.5E-4
0.006703975684930968      -0.002568787911423657    7.500000000000001E-4
0.006869286268978381      -0.0025794269250801354   7.187500000000001E-4
0.007109739494734186      -0.0027090054694594683   7.60455775155823E-4
0.007271973433113471      -0.0027414797047418675   7.500000000000001E-4
0.007216437121687844      -0.0026714505249115297   8.28125E-4
0.007370732814604904      -0.0026550940084889784   7.500000000000001E-4
0.007469492196096336      -0.0027411613079916      7.5E-4
0.007568251577587769      -0.002741161307991601    7.5E-4
0.007681078510459287      -0.0026767103323490937   8.125447349422135E-4
0.007769470175404981      -0.0027627577320548232   7.292730911296778E-4
0.005854994272517405      -0.0011083266006414458   7.499999999999999E-4
0.005799999999999999      -8.923393758658797E-4    7.499999999999999E-4
0.005600000000000003      -7.624355652982116E-4    7.499999999999999E-4
0.005735937500000002      -7.597292359113867E-4    7.96875E-4
0.005287500000000003      8.193920339161415E-5     7.499999999999999E-4
0.005146875000000003      2.2808099028023742E-4    8.125E-4
0.005412500000000002      -3.943747686898266E-4    7.499999999999999E-4
0.005506250000000003      -4.918026266155758E-4    7.499999999999999E-4
0.005600000000000003      -5.892304845413248E-4    7.499999999999999E-4
0.005400000000000002      -2.4282032302754995E-4   7.499999999999999E-4
0.005378552800066635      1.9019237886466859E-4    7.602962552458514E-4
0.005450000000000002      1.698729810778127E-5     7.499999999999999E-4
0.005550000000000002      -2.644709581221616E-4    8.125E-4
0.0062795129377094016     -0.001621128671084407    7.5E-4
0.006165311164358409      -0.0015324808797715181   7.510523608691947E-4
0.006113391433973757      -0.0014208749446493574   8.066958112212748E-4
0.0057750000000000015     -6.325317547305476E-4    7.499999999999999E-4
0.007074454670130606      -0.0025687083122360914   7.500000000000001E-4
0.006966042110391506      -0.002504317035984259    8.125000000000001E-4
0.005949999999999997      -0.0010222431864335465   7.499999999999999E-4
0.006891972574272932      -0.0023749772891676264   8.125000000000001E-4
0.006629774844205627      -0.0023533012659168358   7.5E-4
0.006778176525656313      -0.0023962553164805804   7.5E-4
0.006053234007753371      -0.0013445710831023658   6.875E-4
0.005961777448665961      -0.0012392466630261514   7.499999999999999E-4
0.006143080531235872      -0.0014165528029305191   6.714407475036982E-4
0.006382876390477043      -0.0018788963292140496   7.499999999999999E-4
0.006383138999690583      -0.0017064433334585394   7.5E-4
0.006531278071927732      -0.002094462573908437    7.5E-4
0.006580657762673448      -0.00222380232072507     7.5E-4
0.006736315168473192      -0.002213163307068593    7.8125E-4
0.006481898381182017      -0.0019651228270918045   7.5E-4
0.006368759585307889      -0.0015011932793236114   7.389846916418104E-4
0.00643329113178959       -0.0016419954054111851   6.875E-4
0.0074694921960963365     -0.0025687083122360893   7.5E-4
0.007349957774027611      -0.0025016174829763545   8.203125000000002E-4
0.007510056347875077      -0.002455665382451332    7.65625E-4
0.007592941422960628      -0.0026118215611749675   7.5E-4
0.007601478512050761      -0.0026331393880817053   6.25E-4
0.007617631268333488      -0.002482481814358334    7.500000000000001E-4
0.0077410804951977795     -0.002525595063297213    7.500000000000001E-4
0.007892788097662504      -0.0027197240823035127   7.292730911296778E-4
0.007814368030136945      -0.002660254316942084    6.823182727824196E-4
0.007970688773222193      -0.0027843541561180457   7.085461822593555E-4
0.006053464919933247      -0.0011098679585689773   7.499999999999999E-4
0.006156929839866495      -0.0011974927307044079   7.5E-4
0.005949999999999998      -8.923393758658807E-4    7.499999999999999E-4
0.005600000000000003      -4.160254037844378E-4    7.499999999999999E-4
0.0056875000000000024     -5.242785792574927E-4    7.499999999999999E-4
0.005550000000000002      1.0358983848622484E-4    7.499999999999999E-4
0.005612500000000002      -6.14962541101839E-5     7.578125E-4
0.005650000000000002      -1.562177826491072E-4    7.5E-4
0.005818750000000001      -5.134532617101882E-4    7.499999999999999E-4
0.005909375000000001      -6.271190959568956E-4    7.656249999999999E-4
0.0060767324599666234     -9.79453032122818E-4     7.499999999999999E-4
0.005949999999999999      -7.62435565298215E-4     7.499999999999999E-4
0.0069794544554204726     -0.002304709311774588    7.65625E-4
0.006819643969019131      -0.00223436173519398     7.187500000000001E-4
0.006253464919933251      -0.0011098679585689762   7.5E-4
0.006316467059200683      -0.0012051751569506614   7.8125E-4
0.006337766583878534      -0.0013035990460807643   7.051814612360558E-4
0.006516986758230019      -0.0017069501865057204   7.5E-4
0.00658065776267345       -0.0018788963292140496   7.499999999999999E-4
0.006846549007218669      -0.001981837539858407    8.28125E-4
0.006629774844205627      -0.0020083952744058145   7.5E-4
0.006778176525656317      -0.00205134932496956     7.499999999999999E-4
0.006489546460103908      -0.001514612032089025    7.499999999999999E-4
0.006485067190614624      -0.0013714039358189217   7.576186273518582E-4
0.0067363151684731925     -0.00186833691474514     7.8125E-4
0.006622777107801118      -0.0015356993531414932   7.5E-4
0.006651097125983002      -0.001664184592238894    7.499999999999999E-4
0.007055534879536463      -0.0021297358611832005   7.734374999999999E-4
0.007370732814604906      -0.0023962553164805778   7.5E-4
0.007667988901976476      -0.0023745100618113887   7.65625E-4
0.007550620499653817      -0.0023426224526665756   7.8125E-4
0.00786452972206207       -0.0025687083122360906   7.500000000000001E-4
0.007785357304299137      -0.0024063976709562027   7.500000000000001E-4
0.008156169495077699      -0.0027704683964719194   8.021365455648389E-4
0.007980067319328658      -0.002498711426065194    7.8125E-4
0.00806601845340043       -0.002652925206710513    7.500000000000001E-4
0.008305391110723157      -0.002716119358012585    7.500000000000001E-4
0.008480356796201363      -0.002777797975392556    7.915619479705159E-4
0.0059499999999999996     -5.026279441628837E-4    7.499999999999999E-4
0.006043750000000001      -6.217064371832437E-4    7.8125E-4
0.0061                    -8.490381056766588E-4    7.499999999999999E-4
0.006162500000000002      -9.356406460551027E-4    6.25E-4
0.006206419959966628      -9.71334043962339E-4     7.34375E-4
0.006123437500000003      -7.056026481748616E-4    7.578125E-4
0.005650000000000002      1.9019237886466842E-4    7.499999999999999E-4
0.005800000000000001      -3.294228634059947E-4    7.499999999999999E-4
0.005874218750000002      -4.0925958031737286E-4   6.9140625E-4
0.005825000000000002      -1.995190528383291E-4    7.499999999999999E-4
0.005740625000000003      1.6987298107780606E-5    7.656249999999999E-4
0.005788673703598583      1.2253414419400918E-4    8.514862366439219E-4
0.005850000000000002      -6.961524227066347E-5    7.499999999999999E-4
0.005787500000000002      1.0358983848622434E-4    6.875E-4
0.006118750000000003      -4.485013564263564E-4    6.562499999999999E-4
0.00641031275363538       -0.0011574671915307152   7.656249999999999E-4
0.007074454670130606      -0.002223802320725072    7.500000000000001E-4
0.0063500000000000075     -0.0010222431864335445   7.5E-4
0.0069794544554204726     -0.0019598431198573525   7.65625E-4
0.006447554554607977      -0.0012498442513886278   7.265625E-4
0.006620804011004181      -0.001280658637834661    8.75E-4
0.00655868884497296       -0.0011935992796289956   7.499999999999999E-4
0.006679417144164886      -0.001792669831336295    7.499999999999999E-4
0.006819643969019133      -0.001889376144495393    7.1875E-4
0.006686167008875063      -0.0014717737495656546   6.8359375E-4
0.0066898059038260635     -0.001364400528118987    7.499999999999999E-4
0.006688920924116451      -0.001473298864589611    8.0859375E-4
0.006778176525656323      -0.0017064433334585396   7.499999999999999E-4
0.006769417496832302      -0.0015377056119436953   7.421875E-4
0.007370732814604906      -0.0020513493249695574   7.5E-4
0.007390161410550276      -0.0021456048325819003   7.265625000000001E-4
0.007527693039089028      -0.0021703210879672184   6.328125000000001E-4
0.007820686025353971      -0.002282981693646703    7.500000000000001E-4
0.007670392534350108      -0.0022272126898023564   7.5E-4
0.007592205895404582      -0.002147455433007361    7.8125E-4
0.007953083340264785      -0.0023303135275540704   7.500000000000001E-4
0.007997360149366141      -0.0022111161352130603   7.500000000000001E-4
0.008186998659975945      -0.0025904033815420005   7.5E-4
0.00812083690472827       -0.0024804135221770736   7.031250000000001E-4
0.00857399734160718       -0.002696479040462549    7.389986198057962E-4
0.008307544271115486      -0.002572999666163556    7.5E-4
0.008428089882255026      -0.002555595950785111    7.5E-4
0.00871505469491919       -0.002688362077997394    7.5E-4
0.006137500000000004      -4.8097730906827233E-4   8.125000000000001E-4
0.0062500000000000056     -6.75833024919771E-4     7.5E-4
0.0058335974071971625     2.0643035518562656E-4    7.342224732878439E-4
0.006                     -2.4282032302755163E-4   7.499999999999999E-4
0.006125000000000002      -2.8612159321677347E-4   7.499999999999999E-4
0.006025000000000001      -1.1291651245988567E-4   7.499999999999999E-4
0.006050000000000002      1.698729810778027E-5     7.499999999999999E-4
0.0059136737035985825     1.0088350909939799E-4    7.264862366439219E-4
0.006250000000000004      -3.2942286340599536E-4   7.499999999999999E-4
0.006525000000000003      -0.0010222431864335452   7.499999999999999E-4
0.006421875000000007      -8.761013995449229E-4    7.187500000000001E-4
0.006650000000000008      -0.0010222431864335445   7.499999999999999E-4
0.007074454670130604      -0.0018788963292140526   7.500000000000001E-4
0.007257199375201817      -0.0018998559597767357   6.875000000000001E-4
0.00666467529913773       -0.001130114856418652    6.875E-4
0.006756834699851012      -0.0011931017030964806   7.499999999999999E-4
0.006772833752315826      -0.0012992843048828505   6.875E-4
0.006863669399702014      -0.0013639602197594168   7.499999999999999E-4
0.006912295315214771      -0.001545681591890322    7.1875E-4
0.007067313154579491      -0.0015332212026214346   7.499999999999999E-4
0.00709066891797247       -0.0016281964898554684   7.265625E-4
0.007386846505718434      -0.0019165524902014577   7.34375E-4
0.007516596865486435      -0.002018269807228212    7.8125E-4
0.007856014746408803      -0.0021595657163372035   7.500000000000001E-4
0.00770080205983502       -0.002092147775039905    7.5E-4
0.0080416369584675        -0.0020919187428720502   7.500000000000001E-4
0.008538774991773182      -0.0025097754990960988   8.75E-4
0.008143941687705889      -0.002249547126232724    7.5E-4
0.00824624641694428       -0.0024071755095933984   7.499999999999999E-4
0.008599794927728027      -0.0025696109157040546   7.5E-4
0.00840535695441539       -0.0024341835136478095   7.8125E-4
0.008508381231013145      -0.0024648228755852      7.499999999999999E-4
0.00875469549240241       -0.00248039338566218     7.289992522046346E-4
0.006318750000000004      -5.351038968047997E-4    7.8125E-4
0.0063750000000000065     -6.325317547305491E-4    7.499999999999999E-4
0.006475000000000006      -7.191342951089924E-4    7.499999999999999E-4
0.005957105604797776      2.3349364905389012E-4    7.080925114066575E-4
0.006103552802398889      2.1184301395927926E-4    7.290462557033286E-4
0.006179687500000003      9.547085032574527E-5     8.359374999999999E-4
0.0061500000000000036     -1.5621778264910755E-4   7.499999999999999E-4
0.006175000000000003      -2.631397208144143E-5    7.499999999999999E-4
0.006275000000000003      -1.1291651245988517E-4   7.499999999999999E-4
0.006325000000000004      -1.995190528383291E-4    7.499999999999999E-4
0.006398046875000004      -2.7732602270958784E-4   6.89453125E-4
0.006404687500000005      -4.241443919449187E-4    7.578125E-4
0.006575000000000007      -8.057368354874358E-4    7.499999999999999E-4
0.006790235321931893      -0.0010445177764965565   7.499999999999999E-4
0.0067191578489356266     -9.464772772832796E-4    8.125E-4
0.006719157848935628      -8.165734667156155E-4    7.499999999999999E-4
0.007731211585319931      -0.001957082860277453    7.5E-4
0.0072175811660849165     -0.0017554555578183683   7.343750000000001E-4
0.007367956414677521      -0.0017104701866857623   7.499999999999999E-4
0.006983189555108216      -0.00139653955518429     7.8125E-4
0.006876631395742495      -9.789871709678184E-4    7.499999999999999E-4
0.006907067734193806      -0.0011953680991317747   7.499999999999999E-4
0.006970560296288427      -0.0013013433307154734   6.875E-4
0.007134628463268814      -0.0013947344556119177   7.424074876466822E-4
0.0072201697448249485     -0.0015784380940646909   7.359779412791702E-4
0.007549583999998726      -0.0018337765234816075   7.499999999999999E-4
0.007693770577145028      -0.001816142783450328    8.173828125E-4
0.00781606334507527       -0.0018210204364791126   7.499999999999999E-4
0.007870243075979874      -0.001970126781596674    7.51953125E-4
0.00805982266479156       -0.0019802415240366064   8.125000000000001E-4
0.008382624026575754      -0.0023127710765105066   8.125E-4
0.008406999677575962      -0.002265346344818841    6.875E-4
0.008588672579771264      -0.0023740498003852885   7.499999999999999E-4
0.008321640113748799      -0.0021914020316365066   7.5E-4
0.008246536063473461      -0.002051237573861358    7.5E-4
0.008794336289885633      -0.0022724246933269665   7.079985044092691E-4
0.006500000000000006      -5.89230484541327E-4     7.499999999999999E-4
0.006593750000000005      -6.866583424670758E-4    7.499999999999999E-4
0.006250000000000001      1.9019237886466842E-4    7.499999999999999E-4
0.006400000000000002      -6.96152422706628E-5     7.5E-4
0.006500000000000003      -1.562177826491067E-4    7.499999999999999E-4
0.006500000000000003      -3.294228634059955E-4    7.499999999999999E-4
0.006712500000000003      -6.541823898251591E-4    7.499999999999999E-4
0.006863315697871248      -8.274100979437954E-4    7.499999999999999E-4
0.006850000000000004      -6.758330249197723E-4    7.499999999999999E-4
0.0067875000000000045     -6.108811196359374E-4    6.249999999999999E-4
0.0076867052404113985     -0.0017934941921083983   6.25E-4
0.007386012507587654      -0.00158548207993384     7.530045549736694E-4
0.007605763945588395      -0.001674617022943811    7.5E-4
0.006983289244678115      -8.815706267229439E-4    7.5E-4
0.0070573007685366        -0.001197634495167069    7.499999999999999E-4
0.006989681776465005      -0.0010449026115344378   7.5E-4
0.0072232701815156735     -0.0012777698205520983   7.503733571116384E-4
0.00718733448752913       -0.0011870230034940813   7.1875E-4
0.007974717146196667      -0.0018474265370535094   7.499999999999999E-4
0.007723796591471475      -0.0017173937842455455   7.499999999999999E-4
0.007850079724745426      -0.0017316168480120027   6.875E-4
0.008185875478374991      -0.0019115275453665623   7.5E-4
0.00810241436777572       -0.001807766435645266    7.1875E-4
0.008121381256777645      -0.0017584307023029817   8.28125E-4
0.00849285319516229       -0.002174839177032452    7.5E-4
0.008643594742523962      -0.0022236319351797095   7.289992522046346E-4
0.008335482772436597      -0.0018149154413787342   7.8125E-4
0.008397033810553319      -0.0019756285536796153   7.5E-4
0.008763334359079939      -0.0021364070417833948   7.289992522046346E-4
0.006600000000000002      -3.727241335952171E-4    7.499999999999999E-4
0.006393750000000003      1.144151560335301E-4     7.187499999999999E-4
0.006518750000000002      -5.878992472335688E-5    7.8125E-4
0.006625000000000003      -2.4282032302755063E-4   8.125E-4
0.006609375000000002      -1.5080512387545433E-4   7.343749999999999E-4
0.006888315697871244      -7.841088277545737E-4    8.75E-4
0.006800000000000004      -5.242785792574944E-4    7.187499999999999E-4
0.006937500000000003      -5.242785792574938E-4    7.499999999999999E-4
0.006969732582849628      -7.297917409408931E-4    7.499999999999999E-4
0.007102206129656493      -8.056029048146532E-4    8.125000000000001E-4
0.007103262791484981      -9.357311555020924E-4    7.5E-4
0.0070761494678280076     -6.321733839379908E-4    7.499999999999999E-4
0.00764742694060248       -0.0015495989641811498   7.5E-4
0.007143825826285978      -0.0010767873806962834   6.875E-4
0.007299335954700711      -0.0011096583125026623   7.499999999999999E-4
0.00760149974863288       -0.0013769017966588928   7.528588716193683E-4
0.007418178403757514      -0.0012401025917102395   7.268345623911096E-4
0.007898009182944223      -0.0016010110450094834   7.5E-4
0.007961231194908545      -0.0014872268305649691   8.125E-4
0.008219787619987769      -0.0017396738170335282   7.578125E-4
0.008041062023890749      -0.0015693510489473933   7.499999999999999E-4
0.008148591425285968      -0.0016524231258378172   7.499999999999999E-4
0.008318193983197894      -0.0017209169317640744   6.875000000000001E-4
0.008579353727430126      -0.001996814667581854    7.187500000000001E-4
0.008464422600434533      -0.0018246658823320757   7.343750000000001E-4
0.00859220600286343       -0.0018827392367651654   8.125000000000003E-4
0.008732332428274245      -0.0020003893902398235   7.5E-4
0.0067500000000000025     -3.294228634059957E-4    7.499999999999999E-4
0.006700000000000003      -6.961524227066314E-5    7.499999999999999E-4
0.006606250000000001      9.276452093891942E-5     7.8125E-4
0.006750000000000001      6.028856829700264E-5     7.812499999999998E-4
0.006694274949067068      1.847797200910157E-4     7.446903112576501E-4
0.00655                   1.9019237886466907E-4    7.499999999999999E-4
0.006837500000000002      -2.2116968793294044E-4   7.499999999999999E-4
0.007100718258332089      -5.351758063334564E-4    7.96875E-4
0.007106896496123049      -4.2138442462428096E-4   8.359374999999999E-4
0.007000000000000005      -4.160254037844381E-4    7.499999999999999E-4
0.00718979829941434       -6.546492133360653E-4    8.125E-4
0.007202780863570497      -7.621224492291508E-4    7.5E-4
0.007106537366957006      -4.484117637282155E-4    6.875E-4
0.0072014365166641735     -5.677236685040292E-4    7.1875E-4
0.007292671803644662      -9.534297463972885E-4    7.499999999999999E-4
0.007417468785868527      -9.511678124299818E-4    8.125E-4
0.007779766620016245      -0.0013854302221229689   6.562499999999999E-4
0.007772027319381657      -0.0013418702924759924   7.499999999999999E-4
0.007673122565835467      -0.0012581187052961925   7.499999999999999E-4
0.007574217812289277      -0.0011743671181163927   7.499999999999999E-4
0.007768646264868139      -0.0011963293234983066   8.125E-4
0.008147270919471091      -0.0015328939396762988   8.125E-4
0.007903527710191824      -0.001396335678029583    7.5E-4
0.007951666605406938      -0.0012981114188083244   7.96875E-4
0.008058663397373992      -0.0014128594497717652   7.5E-4
0.008275607159316915      -0.001487669896252242    7.5E-4
0.008361217285474513      -0.001596657337536465    7.5E-4
0.008688151817387321      -0.0017761002338835745   8.020447488456167E-4
0.008434290109367174      -0.0017052594972430486   6.796875000000001E-4
0.008573302066677042      -0.0017062500000000005   7.5E-4
0.008716066528696774      -0.0016453417836084542   7.760223744228083E-4
0.00878665103333852       -0.001747346465453709    7.081789953824665E-4
0.006962500000000003      -2.644709581221616E-4    7.499999999999999E-4
0.006981250000000004      -2.536456405748572E-4    8.749999999999999E-4
0.0069250000000000015     -1.1291651245988517E-4   7.499999999999999E-4
0.006787500000000003      1.2524047358083485E-4    6.875E-4
0.006900000000000003      1.0358983848622351E-4    7.499999999999999E-4
0.006907565728151024      2.2266833150658453E-4    7.863077657171409E-4
0.007113074733914005      -3.075930429151048E-4    7.499999999999999E-4
0.007302298935656013      -5.885137429562091E-4    7.5E-4
0.0072261494678280075     -3.7236576280265816E-4   7.499999999999999E-4
0.007319492870921703      -4.2715500596816647E-4   8.125E-4
0.007352202504591486      -6.713484676678562E-4    7.499999999999999E-4
0.007330636085255338      -7.985322165653371E-4    7.499999999999999E-4
0.007317470254080681      -7.773217288699782E-4    6.25E-4
0.007454209336466072      -9.557093465680953E-4    7.187499999999999E-4
0.007458491306940178      -8.349419839015235E-4    7.499999999999999E-4
0.007493024948533165      -6.75789779624921E-4     7.5E-4
0.007834327508771246      -0.0012380059566234139   7.499999999999999E-4
0.007651168679270768      -0.0010554820055007766   7.499999999999999E-4
0.007773898188715801      -0.0010948118131358059   7.499999999999999E-4
0.007642212070039754      -8.71369643601764E-4     8.125E-4
0.00754246064635053       -9.112442086609565E-4    7.499999999999999E-4
0.007896627698160835      -0.001134141620770835    7.499999999999999E-4
0.00831778012966624       -0.0013933141147927878   8.125000000000001E-4
0.008381784819664683      -0.0014651891147927881   6.875E-4
0.00824220929251436       -0.0013626323365060018   7.5E-4
0.008031958220426096      -0.0011978449082735544   7.1875E-4
0.008487962480012452      -0.001514583333333334    7.5E-4
0.008615971860009338      -0.001514583333333334    7.5E-4
0.008743981240006226      -0.001514583333333334    7.499999999999999E-4
0.007150000000000003      -1.562177826491072E-4    7.499999999999999E-4
0.007075000000000002      -4.663336986830414E-6    7.656249999999999E-4
0.007178695451182495      4.9463250749697214E-5    7.99386736607829E-4
0.007150000000000003      1.9019237886466875E-4    7.499999999999999E-4
0.007287500000000002      -1.3456714755449587E-4   8.125000000000001E-4
0.007294037366957004      -2.5355604787671637E-4   7.499999999999999E-4
0.0074128362740154        -4.8194424913367565E-4   7.499999999999999E-4
0.0074513635537690175     -3.2913700843680206E-4   7.499999999999999E-4
0.007626896047141527      -7.422299936840369E-4    7.499999999999999E-4
0.007525672548030796      -5.47863094482913E-4     7.5E-4
0.007839192173884568      -9.708321493905352E-4    8.0859375E-4
0.007728119546252257      -9.365968928851608E-4    7.499999999999999E-4
0.0077423143371264476     -8.085596887225559E-4    7.8125E-4
0.007842416604213141      -7.457497338433478E-4    7.499999999999999E-4
0.007723590200159081      -7.070560610092963E-4    6.875E-4
0.007977282429722794      -9.41705547386747E-4     7.499999999999999E-4
0.008004620325074445      -0.0010697752278301506   7.343749999999999E-4
0.008149625295754347      -0.0010847791437187501   7.499999999999999E-4
0.008402622893347861      -0.0013229166666666671   7.5E-4
0.008287471594245114      -0.0011940173142765528   7.421875E-4
0.008276124094551102      -0.0010600979051927078   7.499999999999999E-4
0.008658641653341634      -0.0012750000000000003   7.5E-4
0.00745068177688451       -1.5607485516451054E-4   7.499999999999999E-4
0.007225000000000002      -2.631397208144143E-5    6.875E-4
0.0073196738627956245     -2.0901313307788386E-5   7.760185591519572E-4
0.007403695451182494      8.193920339161349E-5     8.540742366078291E-4
0.007351847725591248      9.276452093891892E-5     7.395371183039145E-4
0.007269890902364986      2.118430139592796E-4     7.706484732156579E-4
0.007450000000000002      1.6987298107781104E-5    7.499999999999999E-4
0.007525908258750579      -6.958622088595207E-5    6.875E-4
0.007608965604671199      -4.331598223657043E-4    7.499999999999999E-4
0.007577157405943409      -1.9938954632660913E-4   7.499999999999999E-4
0.007752164438078747      -6.207996870475686E-4    7.499999999999999E-4
0.0077490461604055785     -5.07212446009617E-4     7.499999999999999E-4
0.007939565882520143      -7.105467740300333E-4    8.125E-4
0.007939885974345902      -5.946069366425125E-4    7.5E-4
0.008057937161284756      -7.492694740026587E-4    7.5E-4
0.007958196593476744      -8.26140674277677E-4     7.1875E-4
0.007939110757230694      -7.105758011686071E-4    6.875E-4
0.00812660620785628       -9.288100603276227E-4    7.499999999999999E-4
0.00840262289334786       -0.0010354166666666654   7.5E-4
0.008275929985989765      -9.159145732684986E-4    7.499999999999999E-4
0.008316928756874668      -8.196386919949724E-4    8.125E-4
0.008594636963343191      -0.0011192708333333326   7.5E-4
0.008765316136672373      -0.0011997238256451943   7.290922969922134E-4
0.0075259082587505795     -6.958622088595241E-5    8.125E-4
0.007389781804729969      2.3349364905389045E-4    7.912969464313161E-4
0.007484945451182493      1.577164262227518E-4     7.60324236607829E-4
0.007509164810635619      2.659696016958064E-4     8.226711120732966E-4
0.007704700894538893      -7.407087214435355E-5    8.125E-4
0.007726339597703945      -3.7495834174916233E-4   7.499999999999999E-4
0.00770363303500231       -2.427042374887077E-4    7.499999999999999E-4
0.007905190082043195      -4.6884556255385253E-4   7.499999999999999E-4
0.007870494189740486      -3.4308418846519246E-4   7.499999999999999E-4
0.008200292708713483      -7.627911417545406E-4    7.499999999999999E-4
0.008145931489339122      -6.47614300837173E-4     7.5E-4
0.008037355344478662      -4.434641394416772E-4    7.5E-4
0.008317650380160658      -8.192864554146011E-4    6.875E-4
0.008318080246809337      -6.465045652449673E-4    7.499999999999999E-4
0.008445292686680156      -8.916666666666671E-4    7.499999999999999E-4
0.008402234676225183      -7.470500028182471E-4    7.499999999999999E-4
0.008573302066677042      -8.916666666666659E-4    7.499999999999999E-4
0.008743981240006226      -0.0010354166666666654   7.499999999999999E-4
0.007807585271576631      8.01799559097899E-6      7.499999999999999E-4
0.007650000000000002      1.901923788646681E-4     7.499999999999999E-4
0.007886377907364944      -8.306919604586556E-5    7.499999999999999E-4
0.007834401789077784      -2.0843031258570874E-4   7.499999999999999E-4
0.007965170543153257      -1.7415638768270995E-4   7.499999999999999E-4
0.008010846654134037      -3.028625821850753E-4    8.125E-4
0.008015629751215827      -2.8478383938612803E-4   6.5625E-4
0.00823392581739349       -5.459591276716873E-4    7.5E-4
0.008159670366618108      -3.510204973322079E-4    7.499999999999999E-4
0.008374671405012734      -5.001464185873522E-4    7.499999999999999E-4
0.00844569115674319       -6.013772826224832E-4    7.499999999999999E-4
0.008530438164783409      -7.235250014091235E-4    7.499999999999999E-4
0.008637209702394818      -7.357208340378949E-4    6.875E-4
0.008621208529895206      -6.691626879370541E-4    8.07153299990299E-4
0.008743981240006226      -8.677083333333339E-4    7.499999999999999E-4
0.008743981240006225      -7.479166666666666E-4    7.499999999999999E-4
0.007966997928477725      1.2462484488681648E-5    7.499999999999999E-4
0.008046304025034255      8.01673621561428E-5      8.125E-4
0.007825227064687646      1.5772368156892965E-4    7.031249999999999E-4
0.007857213646690673      2.7679491924311215E-4    7.08113704085703E-4
0.008058195393167414      -7.760341363930752E-5    7.499999999999999E-4
0.008167463711320313      -1.7593961273667765E-4   7.499999999999999E-4
0.008281985388757554      -2.5857685522273865E-4   7.499999999999999E-4
0.008427643727717298      -4.074134276113688E-4    7.499999999999999E-4
0.008303651653282278      -3.9891555455222116E-4   7.499999999999999E-4
0.008573302066677042      -5.56249999999999E-4     7.5E-4
0.008711978895007005      -6.148003744649845E-4    7.393065999805982E-4
0.00815122024318157       1.8949560404094736E-5    7.5E-4
0.00795                   1.9019237886466842E-4    7.499999999999999E-4
0.008036078507837562      9.074739691640883E-5     6.769250954490016E-4
0.008115384604394092      1.5845227458386997E-4    7.394250954490016E-4
0.00833684800911068       -6.443478336540205E-5    7.499999999999999E-4
0.008420910355068376      -1.566026592797695E-4    7.499999999999999E-4
0.008684658439123763      -4.762889360101553E-4    8.125000000000001E-4
0.008547824579645447      -3.659331498158399E-4    7.499999999999999E-4
0.00850497270102607       -2.4877053519413694E-4   7.499999999999999E-4
0.00823883407363272       1.2806918086555276E-4    7.913501908980033E-4
0.008090629705899728      2.6646016726988516E-4    6.765725579756541E-4
0.0082103181743948        2.3447478020204737E-4    7.077003817960066E-4
0.008391710629463806      1.2970728849193453E-4    7.499999999999999E-4
0.008487006151899325      1.978982285751474E-5     7.499999999999999E-4
0.008575963952557688      -1.1683875200279499E-4   7.445045196196328E-4
0.008668005431573596      -3.244528720203112E-4    7.5E-4
0.008540574171421287      1.456084242601636E-4     7.499999999999999E-4
0.008684564744123026      -9.170213301329107E-5    7.209545230258244E-4
0.008640467080017145      3.832295617694665E-5     7.530583169968274E-4
0.008788452022411854      -1.468393799690515E-4    7.790112938788412E-4
0.008687605932223076      3.664763176272984E-5     6.527283828333889E-4
0.008689437713378767      1.6150956002839248E-4    7.499999999999999E-4
0.008711394161602189      2.7151832285467913E-4    7.081279401664344E-4
